"id","piece_number","composer","title","question","modality","submodality","horizon","answer_object_type","answer_format","answer_quantity","answer_example","answers","abc","midi","abc_midi","audio","pdf","image"
"musp_1","1","Bach","Fugue BWV 875","The performer plays bars 1-2 with different articulation: sometimes legato, sometimes staccato. Which eighth notes are played staccato?","SP","","Short","Pitch","Pitch with octave number","List ordered by appearance","[""A2, C#3, Eb4""]","[""A4, E4, A4""]","inputs/abc/piece-01.abc","inputs/midi_performance_event_text/piece-01.txt","inputs/abc_plus_midi/piece-01.abc","inputs/audio/piece-01.wav","inputs/pdf/without_context/piece-01.pdf","[""inputs/images/piece-01/page-1.png"", ""inputs/images/piece-01/page-2.png""]"
"musp_2","1","Bach","Fugue BWV 875","From bar 23 onwards, on which beat of which bar does the performance launch into its final élan that goes on until the end?","SP","","Mid","Bar / beat","Bar and beat","Single","[""bar 18 beat 3""]","[""bar 25 beat 1""]","inputs/abc/piece-01.abc","inputs/midi_performance_event_text/piece-01.txt","inputs/abc_plus_midi/piece-01.abc","inputs/audio/piece-01.wav","inputs/pdf/without_context/piece-01.pdf","[""inputs/images/piece-01/page-1.png"", ""inputs/images/piece-01/page-2.png""]"
"musp_3","2","Bach","Prelude BWV 848","In measures 77-78, the performer audibly elongates a note in the right hand beyond the written duration. Which note is elongated in which bar?","SP","","Short","Composite answer","Pitch, ""in bar"", bar number","Single","[""A#3 in bar 77""]","[""B5 in bar 77""]","inputs/abc/piece-02.abc","inputs/midi_performance_event_text/piece-02.txt","inputs/abc_plus_midi/piece-02.abc","inputs/audio/piece-02.wav","inputs/pdf/without_context/piece-02.pdf","[""inputs/images/piece-02/page-1.png"", ""inputs/images/piece-02/page-2.png"", ""inputs/images/piece-02/page-3.png"", ""inputs/images/piece-02/page-4.png""]"
"musp_4","2","Bach","Prelude BWV 848","Which right-hand note in the first bar is played the softest, and what is its position in the sequence of right-hand notes?","SP","","Short","Composite answer","Pitch with octave number, position in bar","Single","[""A3, 2""]","[""C#5, 4""]","inputs/abc/piece-02.abc","inputs/midi_performance_event_text/piece-02.txt","inputs/abc_plus_midi/piece-02.abc","inputs/audio/piece-02.wav","inputs/pdf/without_context/piece-02.pdf","[""inputs/images/piece-02/page-1.png"", ""inputs/images/piece-02/page-2.png"", ""inputs/images/piece-02/page-3.png"", ""inputs/images/piece-02/page-4.png""]"
"musp_5","2","Bach","Prelude BWV 848","Which note is accentuated the most in bars 97-98?","SP","","Short","Pitch","Pitch with octave number","Single","[""A#2"", ""Bb3""]","[""D#3""]","inputs/abc/piece-02.abc","inputs/midi_performance_event_text/piece-02.txt","inputs/abc_plus_midi/piece-02.abc","inputs/audio/piece-02.wav","inputs/pdf/without_context/piece-02.pdf","[""inputs/images/piece-02/page-1.png"", ""inputs/images/piece-02/page-2.png"", ""inputs/images/piece-02/page-3.png"", ""inputs/images/piece-02/page-4.png""]"
"musp_6","2","Bach","Prelude BWV 848","In bars 35-36, and again in bars 37-38, the performer consistently emphasizes a note in the left hand. If the beat is given by the eighth notes, in which bars and on which beat are these accentuated notes played within those bars?","SP","","Mid","Bar / beat","Bar and beat","List ordered by appearance","[""bar 35 beat 1, bar 35 beat 2""]","[""bar 35 beat 3, bar 37 beat 3"", ""bar 35 beat 3, bar 36 beat 1, bar 37 beat 3, bar 38 beat 1""]","inputs/abc/piece-02.abc","inputs/midi_performance_event_text/piece-02.txt","inputs/abc_plus_midi/piece-02.abc","inputs/audio/piece-02.wav","inputs/pdf/without_context/piece-02.pdf","[""inputs/images/piece-02/page-1.png"", ""inputs/images/piece-02/page-2.png"", ""inputs/images/piece-02/page-3.png"", ""inputs/images/piece-02/page-4.png""]"
"musp_7","2","Bach","Prelude BWV 848","Starting in bar 87, the music builds tension in anticipation of the cadence. At what time would a G#4 be expected as the logical completion of the melodic line, continuing the same melodic flow and pulse established and emphasized by the performer from bar 87 onward? ","SP","","Long","Timestamp","Timestamp in M:SS or MM:SS (rounded down)","Single","[""00:37""]","[""1:01""]","inputs/abc/piece-02.abc","inputs/midi_performance_event_text/piece-02.txt","inputs/abc_plus_midi/piece-02.abc","inputs/audio/piece-02.wav","inputs/pdf/without_context/piece-02.pdf","[""inputs/images/piece-02/page-1.png"", ""inputs/images/piece-02/page-2.png"", ""inputs/images/piece-02/page-3.png"", ""inputs/images/piece-02/page-4.png""]"
"musp_8","2","Bach","Prelude BWV 848","From which measure onwards does the performer most suddenly significantly slow down the tempo compared to the beginning?","SP","","Long","Bar / beat","Bar number (digits)","Single","[""50""]","[""103""]","inputs/abc/piece-02.abc","inputs/midi_performance_event_text/piece-02.txt","inputs/abc_plus_midi/piece-02.abc","inputs/audio/piece-02.wav","inputs/pdf/without_context/piece-02.pdf","[""inputs/images/piece-02/page-1.png"", ""inputs/images/piece-02/page-2.png"", ""inputs/images/piece-02/page-3.png"", ""inputs/images/piece-02/page-4.png""]"
"musp_9","3","Balakirev","Islamey","The phrasing in bars 143-144 is built up toward which note? In other words, where is the loudest point within that phrase?","SP","","Short","Pitch","Pitch class without octave number","Single","[""A"", ""G#"", ""Bb""]","[""D""]","inputs/abc/piece-03.abc","inputs/midi_performance_event_text/piece-03.txt","inputs/abc_plus_midi/piece-03.abc","inputs/audio/piece-03.wav","inputs/pdf/without_context/piece-03.pdf","[""inputs/images/piece-03/page-01.png"", ""inputs/images/piece-03/page-02.png"", ""inputs/images/piece-03/page-03.png"", ""inputs/images/piece-03/page-04.png"", ""inputs/images/piece-03/page-05.png"", ""inputs/images/piece-03/page-06.png"", ""inputs/images/piece-03/page-07.png"", ""inputs/images/piece-03/page-08.png"", ""inputs/images/piece-03/page-09.png"", ""inputs/images/piece-03/page-10.png"", ""inputs/images/piece-03/page-11.png"", ""inputs/images/piece-03/page-12.png"", ""inputs/images/piece-03/page-13.png"", ""inputs/images/piece-03/page-14.png"", ""inputs/images/piece-03/page-15.png"", ""inputs/images/piece-03/page-16.png"", ""inputs/images/piece-03/page-17.png"", ""inputs/images/piece-03/page-18.png"", ""inputs/images/piece-03/page-19.png"", ""inputs/images/piece-03/page-20.png""]"
"musp_10","3","Balakirev","Islamey","The lowest D in measure 92 is sustained. Which melodic note is played when this bass note is lifted?","SP","","Mid","Pitch","Pitch with octave number","Single","[""A4"", ""G#3"", ""Bb2""]","[""D4""]","inputs/abc/piece-03.abc","inputs/midi_performance_event_text/piece-03.txt","inputs/abc_plus_midi/piece-03.abc","inputs/audio/piece-03.wav","inputs/pdf/without_context/piece-03.pdf","[""inputs/images/piece-03/page-01.png"", ""inputs/images/piece-03/page-02.png"", ""inputs/images/piece-03/page-03.png"", ""inputs/images/piece-03/page-04.png"", ""inputs/images/piece-03/page-05.png"", ""inputs/images/piece-03/page-06.png"", ""inputs/images/piece-03/page-07.png"", ""inputs/images/piece-03/page-08.png"", ""inputs/images/piece-03/page-09.png"", ""inputs/images/piece-03/page-10.png"", ""inputs/images/piece-03/page-11.png"", ""inputs/images/piece-03/page-12.png"", ""inputs/images/piece-03/page-13.png"", ""inputs/images/piece-03/page-14.png"", ""inputs/images/piece-03/page-15.png"", ""inputs/images/piece-03/page-16.png"", ""inputs/images/piece-03/page-17.png"", ""inputs/images/piece-03/page-18.png"", ""inputs/images/piece-03/page-19.png"", ""inputs/images/piece-03/page-20.png""]"
"musp_11","3","Balakirev","Islamey","Which three notes of the main melody in bars 100-105 does the performer play staccato?","SP","","Mid","Composite answer","Pitch, ""in bar"", bar number","List ordered by appearance","[""F#1 in bar 100, A2 in bar 101, A4 in bar 102""]","[""C#4 in bar 103, B3 in bar 103, A3 in bar 103""]","inputs/abc/piece-03.abc","inputs/midi_performance_event_text/piece-03.txt","inputs/abc_plus_midi/piece-03.abc","inputs/audio/piece-03.wav","inputs/pdf/without_context/piece-03.pdf","[""inputs/images/piece-03/page-01.png"", ""inputs/images/piece-03/page-02.png"", ""inputs/images/piece-03/page-03.png"", ""inputs/images/piece-03/page-04.png"", ""inputs/images/piece-03/page-05.png"", ""inputs/images/piece-03/page-06.png"", ""inputs/images/piece-03/page-07.png"", ""inputs/images/piece-03/page-08.png"", ""inputs/images/piece-03/page-09.png"", ""inputs/images/piece-03/page-10.png"", ""inputs/images/piece-03/page-11.png"", ""inputs/images/piece-03/page-12.png"", ""inputs/images/piece-03/page-13.png"", ""inputs/images/piece-03/page-14.png"", ""inputs/images/piece-03/page-15.png"", ""inputs/images/piece-03/page-16.png"", ""inputs/images/piece-03/page-17.png"", ""inputs/images/piece-03/page-18.png"", ""inputs/images/piece-03/page-19.png"", ""inputs/images/piece-03/page-20.png""]"
"musp_12","3","Balakirev","Islamey","The first part of the piece concludes at 2:04. Up until there, the bars 1-2 of the piece were varied many times. How many times in total were these two bars played or varied? Count any occurrence in which the variation spans the full two bar passage and the melody remains essentially the same.","SP","","Long","Integer","Positive integer","Single","[""4""]","[""10""]","inputs/abc/piece-03.abc","inputs/midi_performance_event_text/piece-03.txt","inputs/abc_plus_midi/piece-03.abc","inputs/audio/piece-03.wav","inputs/pdf/without_context/piece-03.pdf","[""inputs/images/piece-03/page-01.png"", ""inputs/images/piece-03/page-02.png"", ""inputs/images/piece-03/page-03.png"", ""inputs/images/piece-03/page-04.png"", ""inputs/images/piece-03/page-05.png"", ""inputs/images/piece-03/page-06.png"", ""inputs/images/piece-03/page-07.png"", ""inputs/images/piece-03/page-08.png"", ""inputs/images/piece-03/page-09.png"", ""inputs/images/piece-03/page-10.png"", ""inputs/images/piece-03/page-11.png"", ""inputs/images/piece-03/page-12.png"", ""inputs/images/piece-03/page-13.png"", ""inputs/images/piece-03/page-14.png"", ""inputs/images/piece-03/page-15.png"", ""inputs/images/piece-03/page-16.png"", ""inputs/images/piece-03/page-17.png"", ""inputs/images/piece-03/page-18.png"", ""inputs/images/piece-03/page-19.png"", ""inputs/images/piece-03/page-20.png""]"
"musp_13","4","Beethoven","Piano Sonata 23, movement 1","At what time does the development, around the time when the main theme is played shortly in E minor, start?","SP","","Long","Timestamp","Timestamp in M:SS or MM:SS (rounded down)","Single","[""02:54""]","[""02:29"", ""2:27"", ""02:33""]","inputs/abc/piece-04.abc","inputs/midi_performance_event_text/piece-04.txt","inputs/abc_plus_midi/piece-04.abc","inputs/audio/piece-04.wav","inputs/pdf/without_context/piece-04.pdf","[""inputs/images/piece-04/page-01.png"", ""inputs/images/piece-04/page-02.png"", ""inputs/images/piece-04/page-03.png"", ""inputs/images/piece-04/page-04.png"", ""inputs/images/piece-04/page-05.png"", ""inputs/images/piece-04/page-06.png"", ""inputs/images/piece-04/page-07.png"", ""inputs/images/piece-04/page-08.png"", ""inputs/images/piece-04/page-09.png"", ""inputs/images/piece-04/page-10.png"", ""inputs/images/piece-04/page-11.png"", ""inputs/images/piece-04/page-12.png"", ""inputs/images/piece-04/page-13.png"", ""inputs/images/piece-04/page-14.png"", ""inputs/images/piece-04/page-15.png"", ""inputs/images/piece-04/page-16.png"", ""inputs/images/piece-04/page-17.png"", ""inputs/images/piece-04/page-18.png"", ""inputs/images/piece-04/page-19.png"", ""inputs/images/piece-04/page-20.png"", ""inputs/images/piece-04/page-21.png"", ""inputs/images/piece-04/page-22.png"", ""inputs/images/piece-04/page-23.png"", ""inputs/images/piece-04/page-24.png"", ""inputs/images/piece-04/page-25.png"", ""inputs/images/piece-04/page-26.png"", ""inputs/images/piece-04/page-27.png"", ""inputs/images/piece-04/page-28.png"", ""inputs/images/piece-04/page-29.png"", ""inputs/images/piece-04/page-30.png"", ""inputs/images/piece-04/page-31.png""]"
"musp_14","4","Beethoven","Piano Sonata 23, movement 1","In the piece’s coda, the performer plays a cadenza-like passage of arpeggiated chords and grand gestures. Within this passage, in which bar does the performer briefly draw back in intensity and force before returning to the arpeggiated texture with at least equal strength immediately afterward?","SP","","Long","Bar / beat","Bar number (digits)","Single","[""4""]","[""222"", ""224""]","inputs/abc/piece-04.abc","inputs/midi_performance_event_text/piece-04.txt","inputs/abc_plus_midi/piece-04.abc","inputs/audio/piece-04.wav","inputs/pdf/without_context/piece-04.pdf","[""inputs/images/piece-04/page-01.png"", ""inputs/images/piece-04/page-02.png"", ""inputs/images/piece-04/page-03.png"", ""inputs/images/piece-04/page-04.png"", ""inputs/images/piece-04/page-05.png"", ""inputs/images/piece-04/page-06.png"", ""inputs/images/piece-04/page-07.png"", ""inputs/images/piece-04/page-08.png"", ""inputs/images/piece-04/page-09.png"", ""inputs/images/piece-04/page-10.png"", ""inputs/images/piece-04/page-11.png"", ""inputs/images/piece-04/page-12.png"", ""inputs/images/piece-04/page-13.png"", ""inputs/images/piece-04/page-14.png"", ""inputs/images/piece-04/page-15.png"", ""inputs/images/piece-04/page-16.png"", ""inputs/images/piece-04/page-17.png"", ""inputs/images/piece-04/page-18.png"", ""inputs/images/piece-04/page-19.png"", ""inputs/images/piece-04/page-20.png"", ""inputs/images/piece-04/page-21.png"", ""inputs/images/piece-04/page-22.png"", ""inputs/images/piece-04/page-23.png"", ""inputs/images/piece-04/page-24.png"", ""inputs/images/piece-04/page-25.png"", ""inputs/images/piece-04/page-26.png"", ""inputs/images/piece-04/page-27.png"", ""inputs/images/piece-04/page-28.png"", ""inputs/images/piece-04/page-29.png"", ""inputs/images/piece-04/page-30.png"", ""inputs/images/piece-04/page-31.png""]"
"musp_15","4","Beethoven","Piano Sonata 23, movement 1","Consider the secondary theme to consist of two parts. The second part starts like the first part but has a different ending. During the first time the secondary melody is played, when exactly does this sudden change in melodic trajectory take place? When does an unexpected note break the similarity with the first phrase?","SP","","Long","Timestamp","Timestamp in M:SS or MM:SS (rounded down)","Single","[""02:54""]","[""01:39""]","inputs/abc/piece-04.abc","inputs/midi_performance_event_text/piece-04.txt","inputs/abc_plus_midi/piece-04.abc","inputs/audio/piece-04.wav","inputs/pdf/without_context/piece-04.pdf","[""inputs/images/piece-04/page-01.png"", ""inputs/images/piece-04/page-02.png"", ""inputs/images/piece-04/page-03.png"", ""inputs/images/piece-04/page-04.png"", ""inputs/images/piece-04/page-05.png"", ""inputs/images/piece-04/page-06.png"", ""inputs/images/piece-04/page-07.png"", ""inputs/images/piece-04/page-08.png"", ""inputs/images/piece-04/page-09.png"", ""inputs/images/piece-04/page-10.png"", ""inputs/images/piece-04/page-11.png"", ""inputs/images/piece-04/page-12.png"", ""inputs/images/piece-04/page-13.png"", ""inputs/images/piece-04/page-14.png"", ""inputs/images/piece-04/page-15.png"", ""inputs/images/piece-04/page-16.png"", ""inputs/images/piece-04/page-17.png"", ""inputs/images/piece-04/page-18.png"", ""inputs/images/piece-04/page-19.png"", ""inputs/images/piece-04/page-20.png"", ""inputs/images/piece-04/page-21.png"", ""inputs/images/piece-04/page-22.png"", ""inputs/images/piece-04/page-23.png"", ""inputs/images/piece-04/page-24.png"", ""inputs/images/piece-04/page-25.png"", ""inputs/images/piece-04/page-26.png"", ""inputs/images/piece-04/page-27.png"", ""inputs/images/piece-04/page-28.png"", ""inputs/images/piece-04/page-29.png"", ""inputs/images/piece-04/page-30.png"", ""inputs/images/piece-04/page-31.png""]"
"musp_16","5","Beethoven","Piano Sonata No. 21, movement 1","In the re-exposition, after the theme recurs in diminution, the piece briefly modulates to A major. The A major passage concludes with a half cadence at what time?","SP","","Long","Timestamp","Timestamp in M:SS or MM:SS (rounded down)","Single","[""02:54""]","[""07:34"", ""07:33""]","inputs/abc/piece-05.abc","inputs/midi_performance_event_text/piece-05.txt","inputs/abc_plus_midi/piece-05.abc","inputs/audio/piece-05.wav","inputs/pdf/without_context/piece-05.pdf","[""inputs/images/piece-05/page-01.png"", ""inputs/images/piece-05/page-02.png"", ""inputs/images/piece-05/page-03.png"", ""inputs/images/piece-05/page-04.png"", ""inputs/images/piece-05/page-05.png"", ""inputs/images/piece-05/page-06.png"", ""inputs/images/piece-05/page-07.png"", ""inputs/images/piece-05/page-08.png"", ""inputs/images/piece-05/page-09.png"", ""inputs/images/piece-05/page-10.png"", ""inputs/images/piece-05/page-11.png"", ""inputs/images/piece-05/page-12.png"", ""inputs/images/piece-05/page-13.png"", ""inputs/images/piece-05/page-14.png"", ""inputs/images/piece-05/page-15.png"", ""inputs/images/piece-05/page-16.png"", ""inputs/images/piece-05/page-17.png"", ""inputs/images/piece-05/page-18.png"", ""inputs/images/piece-05/page-19.png"", ""inputs/images/piece-05/page-20.png""]"
"musp_17","20","Beethoven","Symphony No. 2, movement 3","At what time do the two forte-piano signs occur in the recording?","SP","","Mid","Timestamp","Timestamp in M:SS or MM:SS (rounded down)","Pair","[""00:37, 02:14""]","[""00:14, 00:17""]","inputs/abc/piece-20.abc","inputs/midi_performance_event_text/piece-20.txt","inputs/abc_plus_midi/piece-20.abc","https://zenodo.org/records/20344500/files/BSED.zip?download=1","inputs/pdf/without_context/piece-20.pdf","[""inputs/images/piece-20/page-1.png"", ""inputs/images/piece-20/page-2.png"", ""inputs/images/piece-20/page-3.png""]"
"musp_18","21","Beethoven","Symphony No. 4, movement 2","At what time do both horn parts begin playing?","SP","","Mid","Timestamp","Timestamp in M:SS or MM:SS (rounded down)","Single","[""00:37"", ""02:14"", ""11:05""]","[""00:14""]","inputs/abc/piece-21.abc","inputs/midi_performance_event_text/piece-21.txt","inputs/abc_plus_midi/piece-21.abc","inputs/audio/piece-21.wav","inputs/pdf/without_context/piece-21.pdf","[""inputs/images/piece-21/page-1.png"", ""inputs/images/piece-21/page-2.png""]"
"musp_19","21","Beethoven","Symphony No. 4, movement 2","As the long diatonically descending melodic line passes between different instruments, which note does the orchestra lean into most strongly through rubato?","SP","","Long","Composite answer","Pitch, ""in bar"", bar number","Single","[""A4 in bar 4""]","[""G5 in bar 99"", ""F4 in bar 100""]","inputs/abc/piece-21.abc","inputs/midi_performance_event_text/piece-21.txt","inputs/abc_plus_midi/piece-21.abc","inputs/audio/piece-21.wav","inputs/pdf/without_context/piece-21.pdf","[""inputs/images/piece-21/page-1.png"", ""inputs/images/piece-21/page-2.png""]"
"musp_20","21","Beethoven","Symphony No. 4, movement 2","The performance does not follow the indicated tempo. What BPM best matches the performance? Round your answer to the nearest 10 BPM.","SP","","Long","Integer","Positive integer","Single","[""100""]","[""30""]","inputs/abc/piece-21.abc","inputs/midi_performance_event_text/piece-21.txt","inputs/abc_plus_midi/piece-21.abc","inputs/audio/piece-21.wav","inputs/pdf/without_context/piece-21.pdf","[""inputs/images/piece-21/page-1.png"", ""inputs/images/piece-21/page-2.png""]"
"musp_21","24","Beethoven","Symphony No. 9, movement 1","Which instruments carry or take part in carrying the main melody from 00:01 until the melody plays the leading tone to the passage's tonality?

Mention the instruments in the same wording as in the score.","SP","","Long","Short text","Instrument name","List ordered alphabetically","[""Piano, saxophone""]","[""Bassoon, cello, clarinet, flute, viola, violin"", ""Bassoon, clarinet, flute, violin""]","inputs/abc/piece-24.abc","inputs/midi_performance_event_text/piece-24.txt","inputs/abc_plus_midi/piece-24.abc","inputs/audio/piece-24.wav","inputs/pdf/without_context/piece-24.pdf","[""inputs/images/piece-24/page-1.png"", ""inputs/images/piece-24/page-2.png""]"
"musp_22","6","Chopin","Ballade No. 1","Which note of the main melody is played with the most rubato in bars 73-74?","SP","","Short","Pitch","Pitch with octave number","Single","[""A4"", ""G#3"", ""Bb2""]","[""Ab5""]","inputs/abc/piece-06.abc","inputs/midi_performance_event_text/piece-06.txt","inputs/abc_plus_midi/piece-06.abc","inputs/audio/piece-06.wav","inputs/pdf/without_context/piece-06.pdf","[""inputs/images/piece-06/page-01.png"", ""inputs/images/piece-06/page-02.png"", ""inputs/images/piece-06/page-03.png"", ""inputs/images/piece-06/page-04.png"", ""inputs/images/piece-06/page-05.png"", ""inputs/images/piece-06/page-06.png"", ""inputs/images/piece-06/page-07.png"", ""inputs/images/piece-06/page-08.png"", ""inputs/images/piece-06/page-09.png"", ""inputs/images/piece-06/page-10.png"", ""inputs/images/piece-06/page-11.png"", ""inputs/images/piece-06/page-12.png"", ""inputs/images/piece-06/page-13.png"", ""inputs/images/piece-06/page-14.png"", ""inputs/images/piece-06/page-15.png"", ""inputs/images/piece-06/page-16.png"", ""inputs/images/piece-06/page-17.png""]"
"musp_23","6","Chopin","Ballade No. 1","The performer plays the first thought (the music fragment before the first global silence) with a lot of rubato. Describe the contour of the acceleration/deceleration: if the performer first slows down and then accelerates, write 'slower, faster'.","SP","","Mid","Category label","Given label written in full","List ordered by appearance","[""slower, faster""]","[""faster, slower, faster, slower""]","inputs/abc/piece-06.abc","inputs/midi_performance_event_text/piece-06.txt","inputs/abc_plus_midi/piece-06.abc","inputs/audio/piece-06.wav","inputs/pdf/without_context/piece-06.pdf","[""inputs/images/piece-06/page-01.png"", ""inputs/images/piece-06/page-02.png"", ""inputs/images/piece-06/page-03.png"", ""inputs/images/piece-06/page-04.png"", ""inputs/images/piece-06/page-05.png"", ""inputs/images/piece-06/page-06.png"", ""inputs/images/piece-06/page-07.png"", ""inputs/images/piece-06/page-08.png"", ""inputs/images/piece-06/page-09.png"", ""inputs/images/piece-06/page-10.png"", ""inputs/images/piece-06/page-11.png"", ""inputs/images/piece-06/page-12.png"", ""inputs/images/piece-06/page-13.png"", ""inputs/images/piece-06/page-14.png"", ""inputs/images/piece-06/page-15.png"", ""inputs/images/piece-06/page-16.png"", ""inputs/images/piece-06/page-17.png""]"
"musp_24","6","Chopin","Ballade No. 1","Consider the theme starting at 2:51. In which bar does the performer reach the subverted, silent climax of this theme, characterized by a significant slow-down in tempo and loudness?","SP","","Long","Bar / beat","Bar number (digits)","Single","[""4""]","[""80""]","inputs/abc/piece-06.abc","inputs/midi_performance_event_text/piece-06.txt","inputs/abc_plus_midi/piece-06.abc","inputs/audio/piece-06.wav","inputs/pdf/without_context/piece-06.pdf","[""inputs/images/piece-06/page-01.png"", ""inputs/images/piece-06/page-02.png"", ""inputs/images/piece-06/page-03.png"", ""inputs/images/piece-06/page-04.png"", ""inputs/images/piece-06/page-05.png"", ""inputs/images/piece-06/page-06.png"", ""inputs/images/piece-06/page-07.png"", ""inputs/images/piece-06/page-08.png"", ""inputs/images/piece-06/page-09.png"", ""inputs/images/piece-06/page-10.png"", ""inputs/images/piece-06/page-11.png"", ""inputs/images/piece-06/page-12.png"", ""inputs/images/piece-06/page-13.png"", ""inputs/images/piece-06/page-14.png"", ""inputs/images/piece-06/page-15.png"", ""inputs/images/piece-06/page-16.png"", ""inputs/images/piece-06/page-17.png""]"
"musp_25","6","Chopin","Ballade No. 1","When the piano plays the melody 'F, G, G, Eb, Eb, D, C, D, D, Bb' a little after 03:00, the piece continues to modulate. To which key is the music modulating next, as evidenced by the return of one of the primary themes in the new key?","SP","","Long","Key / tonality","Key (pitch class and mode)","Single","[""C# minor"", ""D Dorian"", ""Bb Mixolydian""]","[""A minor""]","inputs/abc/piece-06.abc","inputs/midi_performance_event_text/piece-06.txt","inputs/abc_plus_midi/piece-06.abc","inputs/audio/piece-06.wav","inputs/pdf/without_context/piece-06.pdf","[""inputs/images/piece-06/page-01.png"", ""inputs/images/piece-06/page-02.png"", ""inputs/images/piece-06/page-03.png"", ""inputs/images/piece-06/page-04.png"", ""inputs/images/piece-06/page-05.png"", ""inputs/images/piece-06/page-06.png"", ""inputs/images/piece-06/page-07.png"", ""inputs/images/piece-06/page-08.png"", ""inputs/images/piece-06/page-09.png"", ""inputs/images/piece-06/page-10.png"", ""inputs/images/piece-06/page-11.png"", ""inputs/images/piece-06/page-12.png"", ""inputs/images/piece-06/page-13.png"", ""inputs/images/piece-06/page-14.png"", ""inputs/images/piece-06/page-15.png"", ""inputs/images/piece-06/page-16.png"", ""inputs/images/piece-06/page-17.png""]"
"musp_26","7","Chopin","Etude Op. 10 No. 4","In measures 71-72 and again in measures 73-74, the performer emphasizes a specific note/chord in the left hand. Which one stands out most? Provide the pitch value of that note, or if it's a chord, the notes within that chord.","SP","","Mid","Pitch","Pitch with octave number","List","[""A4, G#3, Bb2""]","[""A#2, A#3"", ""A#3, A#2""]","inputs/abc/piece-07.abc","inputs/midi_performance_event_text/piece-07.txt","inputs/abc_plus_midi/piece-07.abc","inputs/audio/piece-07.wav","inputs/pdf/without_context/piece-07.pdf","[""inputs/images/piece-07/page-1.png"", ""inputs/images/piece-07/page-2.png"", ""inputs/images/piece-07/page-3.png"", ""inputs/images/piece-07/page-4.png"", ""inputs/images/piece-07/page-5.png"", ""inputs/images/piece-07/page-6.png"", ""inputs/images/piece-07/page-7.png"", ""inputs/images/piece-07/page-8.png""]"
"musp_27","7","Chopin","Etude Op. 10 No. 4","In bar 62, on which left-hand chord pitches is the pedal that contains the first D natural lifted?","SP","","Mid","Pitch","Pitch with octave number","List ordered alphabetically","[""A4, G#3, Bb2""]","[""F#2, F#3""]","inputs/abc/piece-07.abc","inputs/midi_performance_event_text/piece-07.txt","inputs/abc_plus_midi/piece-07.abc","inputs/audio/piece-07.wav","inputs/pdf/without_context/piece-07.pdf","[""inputs/images/piece-07/page-1.png"", ""inputs/images/piece-07/page-2.png"", ""inputs/images/piece-07/page-3.png"", ""inputs/images/piece-07/page-4.png"", ""inputs/images/piece-07/page-5.png"", ""inputs/images/piece-07/page-6.png"", ""inputs/images/piece-07/page-7.png"", ""inputs/images/piece-07/page-8.png""]"
"musp_28","7","Chopin","Etude Op. 10 No. 4","Which right-hand sixteenth note in measures 75-79 is the most accentuated by the performer?","SP","","Mid","Pitch","Pitch with octave number","Single","[""Bb2"", ""C#3"", ""A4""]","[""G#5""]","inputs/abc/piece-07.abc","inputs/midi_performance_event_text/piece-07.txt","inputs/abc_plus_midi/piece-07.abc","inputs/audio/piece-07.wav","inputs/pdf/without_context/piece-07.pdf","[""inputs/images/piece-07/page-1.png"", ""inputs/images/piece-07/page-2.png"", ""inputs/images/piece-07/page-3.png"", ""inputs/images/piece-07/page-4.png"", ""inputs/images/piece-07/page-5.png"", ""inputs/images/piece-07/page-6.png"", ""inputs/images/piece-07/page-7.png"", ""inputs/images/piece-07/page-8.png""]"
"musp_29","7","Chopin","Etude Op. 10 No. 4","The performer takes freedom with respect to the tempo at the end of the piece. Which note or chord is delayed the longest? Answer with the pitch of the note, or the highest sounding voice if it's a chord.","SP","","Mid","Pitch","Pitch with octave number","Single","[""A4"", ""G#3"", ""Bb2""]","[""C#4""]","inputs/abc/piece-07.abc","inputs/midi_performance_event_text/piece-07.txt","inputs/abc_plus_midi/piece-07.abc","inputs/audio/piece-07.wav","inputs/pdf/without_context/piece-07.pdf","[""inputs/images/piece-07/page-1.png"", ""inputs/images/piece-07/page-2.png"", ""inputs/images/piece-07/page-3.png"", ""inputs/images/piece-07/page-4.png"", ""inputs/images/piece-07/page-5.png"", ""inputs/images/piece-07/page-6.png"", ""inputs/images/piece-07/page-7.png"", ""inputs/images/piece-07/page-8.png""]"
"musp_30","7","Chopin","Etude Op. 10 No. 4","The performer uses the sostenuto pedal sparingly. Starting in bar 1, up until the first beat of bar 4 (inclusive), on which 3 beats in which bars does the performer most use the pedal to broaden the sound? Consider the bars to contain 4 beats each.","SP","","Mid","Bar / beat","Bar and beat","List ordered by appearance","[""bar 1 beat 2, bar 3 beat 2, bar 3 beat 3""]","[""bar 1 beat 1, bar 3 beat 4, bar 4 beat 1""]","inputs/abc/piece-07.abc","inputs/midi_performance_event_text/piece-07.txt","inputs/abc_plus_midi/piece-07.abc","inputs/audio/piece-07.wav","inputs/pdf/without_context/piece-07.pdf","[""inputs/images/piece-07/page-1.png"", ""inputs/images/piece-07/page-2.png"", ""inputs/images/piece-07/page-3.png"", ""inputs/images/piece-07/page-4.png"", ""inputs/images/piece-07/page-5.png"", ""inputs/images/piece-07/page-6.png"", ""inputs/images/piece-07/page-7.png"", ""inputs/images/piece-07/page-8.png""]"
"musp_31","7","Chopin","Etude Op. 10 No. 4","In bars 41-44, the performer emphasizes a few notes, creating a melodic line stand out amidst the rapid flow of sixteenth notes. Which are these notes? ","SP","","Mid","Pitch","Pitch class without octave number","List ordered by appearance","[""A, G#, Bb, Abb, F""]","[""Fx, Gx, B, B#, C#"", ""F##, G##, B, B#, C#"", ""Fx, Gx, G#, B#, C#"", ""F##, G##, G#, B#, C#""]","inputs/abc/piece-07.abc","inputs/midi_performance_event_text/piece-07.txt","inputs/abc_plus_midi/piece-07.abc","inputs/audio/piece-07.wav","inputs/pdf/without_context/piece-07.pdf","[""inputs/images/piece-07/page-1.png"", ""inputs/images/piece-07/page-2.png"", ""inputs/images/piece-07/page-3.png"", ""inputs/images/piece-07/page-4.png"", ""inputs/images/piece-07/page-5.png"", ""inputs/images/piece-07/page-6.png"", ""inputs/images/piece-07/page-7.png"", ""inputs/images/piece-07/page-8.png""]"
"musp_32","8","Debussy","Reflets dans l'eau","In bars 82 and 83, the composer writes three unison chords, each consisting of a single pitch class (Ab, F, Eb), in a descending line. In what order are the low, middle, and high notes within these chords played in the performance? If the notes are played from low to high, write 'low, middle, high'.","SP","","Short","Category label","Given label written in full","List ordered by appearance","[""low, middle, high""]","[""middle, high, low""]","inputs/abc/piece-08.abc","inputs/midi_performance_event_text/piece-08.txt","inputs/abc_plus_midi/piece-08.abc","inputs/audio/piece-08.wav","inputs/pdf/without_context/piece-08.pdf","[""inputs/images/piece-08/page-1.png"", ""inputs/images/piece-08/page-2.png"", ""inputs/images/piece-08/page-3.png"", ""inputs/images/piece-08/page-4.png"", ""inputs/images/piece-08/page-5.png"", ""inputs/images/piece-08/page-6.png"", ""inputs/images/piece-08/page-7.png"", ""inputs/images/piece-08/page-8.png"", ""inputs/images/piece-08/page-9.png""]"
"musp_33","8","Debussy","Reflets dans l'eau","The piece has different characters. At some point, the music takes on a heroic quality, perhaps creating the impression of surging waves. Which two consecutive measures are played with the most grand, epic intensity?","SP","","Long","Bar / beat","Bar number (digits)","Pair","[""18, 42""]","[""58, 59""]","inputs/abc/piece-08.abc","inputs/midi_performance_event_text/piece-08.txt","inputs/abc_plus_midi/piece-08.abc","inputs/audio/piece-08.wav","inputs/pdf/without_context/piece-08.pdf","[""inputs/images/piece-08/page-1.png"", ""inputs/images/piece-08/page-2.png"", ""inputs/images/piece-08/page-3.png"", ""inputs/images/piece-08/page-4.png"", ""inputs/images/piece-08/page-5.png"", ""inputs/images/piece-08/page-6.png"", ""inputs/images/piece-08/page-7.png"", ""inputs/images/piece-08/page-8.png"", ""inputs/images/piece-08/page-9.png""]"
"musp_34","9","Glinka","The Lark","In bar 50, the left hand makes four rapid upward jumps between an octave and a triad higher-up. The upper voices within each chord form a tiny two-note melody. However, sometimes, the second note does not come out as clearly. Which of those second notes is played the softest? Answer with the name of that softest-played upper note.","SP","","Short","Pitch","Pitch with octave number","Single","[""A1"", ""C#3"", ""Bb7""]","[""Bb3""]","inputs/abc/piece-09.abc","inputs/midi_performance_event_text/piece-09.txt","inputs/abc_plus_midi/piece-09.abc","inputs/audio/piece-09.wav","inputs/pdf/without_context/piece-09.pdf","[""inputs/images/piece-09/page-1.png"", ""inputs/images/piece-09/page-2.png"", ""inputs/images/piece-09/page-3.png"", ""inputs/images/piece-09/page-4.png"", ""inputs/images/piece-09/page-5.png"", ""inputs/images/piece-09/page-6.png"", ""inputs/images/piece-09/page-7.png""]"
"musp_35","9","Glinka","The Lark","The phrase in bars 57-60 builds toward which note?","SP","","Mid","Pitch","Pitch with octave number","Single","[""A4"", ""G#3"", ""Bb2""]","[""F6""]","inputs/abc/piece-09.abc","inputs/midi_performance_event_text/piece-09.txt","inputs/abc_plus_midi/piece-09.abc","inputs/audio/piece-09.wav","inputs/pdf/without_context/piece-09.pdf","[""inputs/images/piece-09/page-1.png"", ""inputs/images/piece-09/page-2.png"", ""inputs/images/piece-09/page-3.png"", ""inputs/images/piece-09/page-4.png"", ""inputs/images/piece-09/page-5.png"", ""inputs/images/piece-09/page-6.png"", ""inputs/images/piece-09/page-7.png""]"
"musp_36","9","Glinka","The Lark","Between 2:47 and 3:40, the five opening notes of the main melody recur several times. In which bar does the performer give the melodic Ab the greatest expressive weight, creating a moment of quiet pain through a sudden retreat and the strongest rubato contrast with the preceding melodic notes?","SP","","Long","Timestamp","Timestamp in M:SS or MM:SS (rounded down)","Single","[""00:32""]","[""3:30"", ""3:29""]","inputs/abc/piece-09.abc","inputs/midi_performance_event_text/piece-09.txt","inputs/abc_plus_midi/piece-09.abc","inputs/audio/piece-09.wav","inputs/pdf/without_context/piece-09.pdf","[""inputs/images/piece-09/page-1.png"", ""inputs/images/piece-09/page-2.png"", ""inputs/images/piece-09/page-3.png"", ""inputs/images/piece-09/page-4.png"", ""inputs/images/piece-09/page-5.png"", ""inputs/images/piece-09/page-6.png"", ""inputs/images/piece-09/page-7.png""]"
"musp_37","9","Glinka","The Lark","The composer concludes the piece with right-hand motives first presented in the introduction. At what time was this material first played?","SP","","Long","Timestamp","Timestamp in M:SS or MM:SS (rounded down)","Single","[""22:21""]","[""00:12"", ""00:13""]","inputs/abc/piece-09.abc","inputs/midi_performance_event_text/piece-09.txt","inputs/abc_plus_midi/piece-09.abc","inputs/audio/piece-09.wav","inputs/pdf/without_context/piece-09.pdf","[""inputs/images/piece-09/page-1.png"", ""inputs/images/piece-09/page-2.png"", ""inputs/images/piece-09/page-3.png"", ""inputs/images/piece-09/page-4.png"", ""inputs/images/piece-09/page-5.png"", ""inputs/images/piece-09/page-6.png"", ""inputs/images/piece-09/page-7.png""]"
"musp_38","10","Haydn","Keyboard Sonata 48, movement 2","Approximately how long, in seconds, does the final passage marked piano last? Round down.","SP","","Short","Duration / ratio","Integer","Single","[""10""]","[""5"", ""6""]","inputs/abc/piece-10.abc","inputs/midi_performance_event_text/piece-10.txt","inputs/abc_plus_midi/piece-10.abc","inputs/audio/piece-10.wav","inputs/pdf/without_context/piece-10.pdf","[""inputs/images/piece-10/page-1.png"", ""inputs/images/piece-10/page-2.png"", ""inputs/images/piece-10/page-3.png"", ""inputs/images/piece-10/page-4.png"", ""inputs/images/piece-10/page-5.png"", ""inputs/images/piece-10/page-6.png"", ""inputs/images/piece-10/page-7.png"", ""inputs/images/piece-10/page-8.png""]"
"musp_39","10","Haydn","Keyboard Sonata 48, movement 2","Purely rhythmically speaking, the motif in the right hand in bar 38 is played equivalently to which sequence of note values?","SP","","Short","Duration / ratio","Count followed by note value","List ordered by appearance","[""4 quarter notes, 6 eighth notes""]","[""8 sixteenth notes""]","inputs/abc/piece-10.abc","inputs/midi_performance_event_text/piece-10.txt","inputs/abc_plus_midi/piece-10.abc","inputs/audio/piece-10.wav","inputs/pdf/without_context/piece-10.pdf","[""inputs/images/piece-10/page-1.png"", ""inputs/images/piece-10/page-2.png"", ""inputs/images/piece-10/page-3.png"", ""inputs/images/piece-10/page-4.png"", ""inputs/images/piece-10/page-5.png"", ""inputs/images/piece-10/page-6.png"", ""inputs/images/piece-10/page-7.png"", ""inputs/images/piece-10/page-8.png""]"
"musp_40","10","Haydn","Keyboard Sonata 48, movement 2","The repeat sign in measure 33, to what measure does it go back to, and does the performer actually go back?","SP","","Mid","Composite answer","Bar number, yes-or-no","Single","[""1, yes""]","[""14, yes""]","inputs/abc/piece-10.abc","inputs/midi_performance_event_text/piece-10.txt","inputs/abc_plus_midi/piece-10.abc","inputs/audio/piece-10.wav","inputs/pdf/without_context/piece-10.pdf","[""inputs/images/piece-10/page-1.png"", ""inputs/images/piece-10/page-2.png"", ""inputs/images/piece-10/page-3.png"", ""inputs/images/piece-10/page-4.png"", ""inputs/images/piece-10/page-5.png"", ""inputs/images/piece-10/page-6.png"", ""inputs/images/piece-10/page-7.png"", ""inputs/images/piece-10/page-8.png""]"
"musp_41","10","Haydn","Keyboard Sonata 48, movement 2","In measures 225-228, the performer plays six upper-voice notes very staccato: which ones?","SP","","Mid","Pitch","Pitch with octave number","List ordered by appearance","[""F1, A4, G#3, Bb2""]","[""D5, G4, E5, C5, E5, E5""]","inputs/abc/piece-10.abc","inputs/midi_performance_event_text/piece-10.txt","inputs/abc_plus_midi/piece-10.abc","inputs/audio/piece-10.wav","inputs/pdf/without_context/piece-10.pdf","[""inputs/images/piece-10/page-1.png"", ""inputs/images/piece-10/page-2.png"", ""inputs/images/piece-10/page-3.png"", ""inputs/images/piece-10/page-4.png"", ""inputs/images/piece-10/page-5.png"", ""inputs/images/piece-10/page-6.png"", ""inputs/images/piece-10/page-7.png"", ""inputs/images/piece-10/page-8.png""]"
"musp_42","10","Haydn","Keyboard Sonata 48, movement 2","Before the final reprise of the main theme, the composer creates suspense with an ascending line of thirds. At what time is the last third creating this tension played?","SP","","Long","Timestamp","Timestamp in M:SS or MM:SS (rounded down)","Single","[""02:54""]","[""3:19""]","inputs/abc/piece-10.abc","inputs/midi_performance_event_text/piece-10.txt","inputs/abc_plus_midi/piece-10.abc","inputs/audio/piece-10.wav","inputs/pdf/without_context/piece-10.pdf","[""inputs/images/piece-10/page-1.png"", ""inputs/images/piece-10/page-2.png"", ""inputs/images/piece-10/page-3.png"", ""inputs/images/piece-10/page-4.png"", ""inputs/images/piece-10/page-5.png"", ""inputs/images/piece-10/page-6.png"", ""inputs/images/piece-10/page-7.png"", ""inputs/images/piece-10/page-8.png""]"
"musp_43","11","Liszt","Ballade No. 2","The performer plays the notes in overall descending line starting in bar 230 until the fermata relatively equally, except for a few notes. Which note of that line is played the softest? Identify it by its bar and beat number.","SP","","Mid","Bar / beat","Bar and beat","List ordered by appearance","[""bar 99 beat 1.25, bar 100 beat 4""]","[""Bar 233 beat 1""]","inputs/abc/piece-11.abc","inputs/midi_performance_event_text/piece-11.txt","inputs/abc_plus_midi/piece-11.abc","inputs/audio/piece-11.wav","inputs/pdf/without_context/piece-11.pdf","[""inputs/images/piece-11/page-01.png"", ""inputs/images/piece-11/page-02.png"", ""inputs/images/piece-11/page-03.png"", ""inputs/images/piece-11/page-04.png"", ""inputs/images/piece-11/page-05.png"", ""inputs/images/piece-11/page-06.png"", ""inputs/images/piece-11/page-07.png"", ""inputs/images/piece-11/page-08.png"", ""inputs/images/piece-11/page-09.png"", ""inputs/images/piece-11/page-10.png"", ""inputs/images/piece-11/page-11.png"", ""inputs/images/piece-11/page-12.png"", ""inputs/images/piece-11/page-13.png"", ""inputs/images/piece-11/page-14.png"", ""inputs/images/piece-11/page-15.png"", ""inputs/images/piece-11/page-16.png"", ""inputs/images/piece-11/page-17.png"", ""inputs/images/piece-11/page-18.png"", ""inputs/images/piece-11/page-19.png"", ""inputs/images/piece-11/page-20.png"", ""inputs/images/piece-11/page-21.png"", ""inputs/images/piece-11/page-22.png"", ""inputs/images/piece-11/page-23.png"", ""inputs/images/piece-11/page-24.png""]"
"musp_44","11","Liszt","Ballade No. 2","What is the main difference in how the two phrases (2:22-2:29 and 2:29-2:36) are performed, aside from their pitches and the F major chord on which they arrive? Answer with the musical term that best describes this change.","SP","","Mid","Short text","Literal text","Single","[""con fuoco""]","[""una corda""]","inputs/abc/piece-11.abc","inputs/midi_performance_event_text/piece-11.txt","inputs/abc_plus_midi/piece-11.abc","inputs/audio/piece-11.wav","inputs/pdf/without_context/piece-11.pdf","[""inputs/images/piece-11/page-01.png"", ""inputs/images/piece-11/page-02.png"", ""inputs/images/piece-11/page-03.png"", ""inputs/images/piece-11/page-04.png"", ""inputs/images/piece-11/page-05.png"", ""inputs/images/piece-11/page-06.png"", ""inputs/images/piece-11/page-07.png"", ""inputs/images/piece-11/page-08.png"", ""inputs/images/piece-11/page-09.png"", ""inputs/images/piece-11/page-10.png"", ""inputs/images/piece-11/page-11.png"", ""inputs/images/piece-11/page-12.png"", ""inputs/images/piece-11/page-13.png"", ""inputs/images/piece-11/page-14.png"", ""inputs/images/piece-11/page-15.png"", ""inputs/images/piece-11/page-16.png"", ""inputs/images/piece-11/page-17.png"", ""inputs/images/piece-11/page-18.png"", ""inputs/images/piece-11/page-19.png"", ""inputs/images/piece-11/page-20.png"", ""inputs/images/piece-11/page-21.png"", ""inputs/images/piece-11/page-22.png"", ""inputs/images/piece-11/page-23.png"", ""inputs/images/piece-11/page-24.png""]"
"musp_45","12","Mozart","Piano Sonata 12, movement 1","Which right-hand note is most emphasized in bar 212?","SP","","Short","Pitch","Pitch with octave number","Single","[""A4""]","[""G5""]","inputs/abc/piece-12.abc","inputs/midi_performance_event_text/piece-12.txt","inputs/abc_plus_midi/piece-12.abc","inputs/audio/piece-12.wav","inputs/pdf/without_context/piece-12.pdf","[""inputs/images/piece-12/page-1.png"", ""inputs/images/piece-12/page-2.png"", ""inputs/images/piece-12/page-3.png"", ""inputs/images/piece-12/page-4.png"", ""inputs/images/piece-12/page-5.png"", ""inputs/images/piece-12/page-6.png"", ""inputs/images/piece-12/page-7.png""]"
"musp_46","12","Mozart","Piano Sonata 12, movement 1","Which of the three two-bar phrases, bars 31–32, 33–34, or 35–36, is played with the greatest force? Answer with the left-hand note that coincides with that phrase's highest note.","SP","","Mid","Pitch","Pitch class without octave number","Single","[""A"", ""G#"", ""Bb""]","[""Eb""]","inputs/abc/piece-12.abc","inputs/midi_performance_event_text/piece-12.txt","inputs/abc_plus_midi/piece-12.abc","inputs/audio/piece-12.wav","inputs/pdf/without_context/piece-12.pdf","[""inputs/images/piece-12/page-1.png"", ""inputs/images/piece-12/page-2.png"", ""inputs/images/piece-12/page-3.png"", ""inputs/images/piece-12/page-4.png"", ""inputs/images/piece-12/page-5.png"", ""inputs/images/piece-12/page-6.png"", ""inputs/images/piece-12/page-7.png""]"
"musp_47","12","Mozart","Piano Sonata 12, movement 1","At what time does the development section start?","SP","","Long","Timestamp","Timestamp in M:SS or MM:SS (rounded down)","Single","[""02:54""]","[""01:58"", ""01:59""]","inputs/abc/piece-12.abc","inputs/midi_performance_event_text/piece-12.txt","inputs/abc_plus_midi/piece-12.abc","inputs/audio/piece-12.wav","inputs/pdf/without_context/piece-12.pdf","[""inputs/images/piece-12/page-1.png"", ""inputs/images/piece-12/page-2.png"", ""inputs/images/piece-12/page-3.png"", ""inputs/images/piece-12/page-4.png"", ""inputs/images/piece-12/page-5.png"", ""inputs/images/piece-12/page-6.png"", ""inputs/images/piece-12/page-7.png""]"
"musp_48","12","Mozart","Piano Sonata 12, movement 1","At what time does the recapitulation first diverge from the exposition in terms of pitch or rhythm?","SP","","Long","Timestamp","Timestamp in M:SS or MM:SS (rounded down)","Single","[""3:30""]","[""3:28""]","inputs/abc/piece-12.abc","inputs/midi_performance_event_text/piece-12.txt","inputs/abc_plus_midi/piece-12.abc","inputs/audio/piece-12.wav","inputs/pdf/without_context/piece-12.pdf","[""inputs/images/piece-12/page-1.png"", ""inputs/images/piece-12/page-2.png"", ""inputs/images/piece-12/page-3.png"", ""inputs/images/piece-12/page-4.png"", ""inputs/images/piece-12/page-5.png"", ""inputs/images/piece-12/page-6.png"", ""inputs/images/piece-12/page-7.png""]"
"musp_49","13","Mozart","Piano Sonata 12, movement 3","What performance instruction is written below the longer notes in 02:56-02:57?","SP","","Short","Category label","Dynamic marking or term written in full","Single","[""mezzo-piano""]","[""Sforzando""]","inputs/abc/piece-13.abc","inputs/midi_performance_event_text/piece-13.txt","inputs/abc_plus_midi/piece-13.abc","inputs/audio/piece-13.wav","inputs/pdf/without_context/piece-13.pdf","[""inputs/images/piece-13/page-01.png"", ""inputs/images/piece-13/page-02.png"", ""inputs/images/piece-13/page-03.png"", ""inputs/images/piece-13/page-04.png"", ""inputs/images/piece-13/page-05.png"", ""inputs/images/piece-13/page-06.png"", ""inputs/images/piece-13/page-07.png"", ""inputs/images/piece-13/page-08.png"", ""inputs/images/piece-13/page-09.png"", ""inputs/images/piece-13/page-10.png""]"
"musp_50","13","Mozart","Piano Sonata 12, movement 3","With which pitch does the ornamentation in measure 53 start?","SP","","Short","Pitch","Pitch with octave number","Single","[""A4"", ""G#3"", ""Bb2""]","[""Eb5""]","inputs/abc/piece-13.abc","inputs/midi_performance_event_text/piece-13.txt","inputs/abc_plus_midi/piece-13.abc","inputs/audio/piece-13.wav","inputs/pdf/without_context/piece-13.pdf","[""inputs/images/piece-13/page-01.png"", ""inputs/images/piece-13/page-02.png"", ""inputs/images/piece-13/page-03.png"", ""inputs/images/piece-13/page-04.png"", ""inputs/images/piece-13/page-05.png"", ""inputs/images/piece-13/page-06.png"", ""inputs/images/piece-13/page-07.png"", ""inputs/images/piece-13/page-08.png"", ""inputs/images/piece-13/page-09.png"", ""inputs/images/piece-13/page-10.png""]"
"musp_51","13","Mozart","Piano Sonata 12, movement 3","In measure 243, a particular note in the right hand gets a strong emphasis during the performance, perhaps accidentally, slightly breaking the flow of the melody. Which note?","SP","","Short","Pitch","Pitch class without octave number","Single","[""G#"", ""Bb"", ""Fx""]","[""A""]","inputs/abc/piece-13.abc","inputs/midi_performance_event_text/piece-13.txt","inputs/abc_plus_midi/piece-13.abc","inputs/audio/piece-13.wav","inputs/pdf/without_context/piece-13.pdf","[""inputs/images/piece-13/page-01.png"", ""inputs/images/piece-13/page-02.png"", ""inputs/images/piece-13/page-03.png"", ""inputs/images/piece-13/page-04.png"", ""inputs/images/piece-13/page-05.png"", ""inputs/images/piece-13/page-06.png"", ""inputs/images/piece-13/page-07.png"", ""inputs/images/piece-13/page-08.png"", ""inputs/images/piece-13/page-09.png"", ""inputs/images/piece-13/page-10.png""]"
"musp_52","13","Mozart","Piano Sonata 12, movement 3","If the tempo of bar 243 were maintained strictly, by how many eighth-note durations would the final chord be delayed? Round down.","SP","","Mid","Duration / ratio","Count of eighth-note durations","Single","[""4"", ""7.25""]","[""3""]","inputs/abc/piece-13.abc","inputs/midi_performance_event_text/piece-13.txt","inputs/abc_plus_midi/piece-13.abc","inputs/audio/piece-13.wav","inputs/pdf/without_context/piece-13.pdf","[""inputs/images/piece-13/page-01.png"", ""inputs/images/piece-13/page-02.png"", ""inputs/images/piece-13/page-03.png"", ""inputs/images/piece-13/page-04.png"", ""inputs/images/piece-13/page-05.png"", ""inputs/images/piece-13/page-06.png"", ""inputs/images/piece-13/page-07.png"", ""inputs/images/piece-13/page-08.png"", ""inputs/images/piece-13/page-09.png"", ""inputs/images/piece-13/page-10.png""]"
"musp_53","13","Mozart","Piano Sonata 12, movement 3","In which 2 bars does the performer slow down most between bars 170 and 180?","SP","","Mid","Bar / beat","Bar number (digits)","Pair","[""170, 180""]","[""176, 177"", ""175, 176""]","inputs/abc/piece-13.abc","inputs/midi_performance_event_text/piece-13.txt","inputs/abc_plus_midi/piece-13.abc","inputs/audio/piece-13.wav","inputs/pdf/without_context/piece-13.pdf","[""inputs/images/piece-13/page-01.png"", ""inputs/images/piece-13/page-02.png"", ""inputs/images/piece-13/page-03.png"", ""inputs/images/piece-13/page-04.png"", ""inputs/images/piece-13/page-05.png"", ""inputs/images/piece-13/page-06.png"", ""inputs/images/piece-13/page-07.png"", ""inputs/images/piece-13/page-08.png"", ""inputs/images/piece-13/page-09.png"", ""inputs/images/piece-13/page-10.png""]"
"musp_54","13","Mozart","Piano Sonata 12, movement 3","At what time during the exposition does an authentic cadence to the piece's relative minor tonality first occur? Provide the time of when the leading tone within that cadence is struck. ","SP","","Long","Timestamp","Timestamp in M:SS or MM:SS (rounded down)","Single","[""02:54""]","[""00:44""]","inputs/abc/piece-13.abc","inputs/midi_performance_event_text/piece-13.txt","inputs/abc_plus_midi/piece-13.abc","inputs/audio/piece-13.wav","inputs/pdf/without_context/piece-13.pdf","[""inputs/images/piece-13/page-01.png"", ""inputs/images/piece-13/page-02.png"", ""inputs/images/piece-13/page-03.png"", ""inputs/images/piece-13/page-04.png"", ""inputs/images/piece-13/page-05.png"", ""inputs/images/piece-13/page-06.png"", ""inputs/images/piece-13/page-07.png"", ""inputs/images/piece-13/page-08.png"", ""inputs/images/piece-13/page-09.png"", ""inputs/images/piece-13/page-10.png""]"
"musp_55","14","Rachmaninoff","Prelude Op. 23 No. 4","Which accentuated right-hand chord in measures 51-52 is played the longest? Answer with the name of the top note.","SP","","Short","Pitch","Pitch class without octave number","Single","[""A"", ""G#"", ""Bb""]","[""A#""]","inputs/abc/piece-14.abc","inputs/midi_performance_event_text/piece-14.txt","inputs/abc_plus_midi/piece-14.abc","inputs/audio/piece-14.wav","inputs/pdf/without_context/piece-14.pdf","[""inputs/images/piece-14/page-1.png"", ""inputs/images/piece-14/page-2.png"", ""inputs/images/piece-14/page-3.png"", ""inputs/images/piece-14/page-4.png"", ""inputs/images/piece-14/page-5.png"", ""inputs/images/piece-14/page-6.png"", ""inputs/images/piece-14/page-7.png""]"
"musp_56","14","Rachmaninoff","Prelude Op. 23 No. 4","In the first two bars, the performer uses rubato that creates the impression of two contrasting tempi, one broader and one faster. Which four notes in the first bar belong to the more broadly paced portion?","SP","","Short","Pitch","Pitch with octave number","List ordered by appearance","[""F1, A4, G#3, Bb2""]","[""D2, F#3, A2, D4""]","inputs/abc/piece-14.abc","inputs/midi_performance_event_text/piece-14.txt","inputs/abc_plus_midi/piece-14.abc","inputs/audio/piece-14.wav","inputs/pdf/without_context/piece-14.pdf","[""inputs/images/piece-14/page-1.png"", ""inputs/images/piece-14/page-2.png"", ""inputs/images/piece-14/page-3.png"", ""inputs/images/piece-14/page-4.png"", ""inputs/images/piece-14/page-5.png"", ""inputs/images/piece-14/page-6.png"", ""inputs/images/piece-14/page-7.png""]"
"musp_57","14","Rachmaninoff","Prelude Op. 23 No. 4","From bar 64 to the end of the piece, which melodic note forms the point of greatest tension within the largest and most intense crescendo in that last section?","SP","","Mid","Pitch","Pitch with octave number","Single","[""A4"", ""G#3"", ""Bb2""]","[""C#6""]","inputs/abc/piece-14.abc","inputs/midi_performance_event_text/piece-14.txt","inputs/abc_plus_midi/piece-14.abc","inputs/audio/piece-14.wav","inputs/pdf/without_context/piece-14.pdf","[""inputs/images/piece-14/page-1.png"", ""inputs/images/piece-14/page-2.png"", ""inputs/images/piece-14/page-3.png"", ""inputs/images/piece-14/page-4.png"", ""inputs/images/piece-14/page-5.png"", ""inputs/images/piece-14/page-6.png"", ""inputs/images/piece-14/page-7.png""]"
"musp_58","15","Schubert","Moment musical No. 3","In bar 36, some notes in the melodic line are unclear or omitted in the performance. Which note played is the clearest of them all?","SP","","Short","Pitch","Pitch with octave number","Single","[""A4"", ""G#3"", ""Bb2""]","[""Ab5""]","inputs/abc/piece-15.abc","inputs/midi_performance_event_text/piece-15.txt","inputs/abc_plus_midi/piece-15.abc","inputs/audio/piece-15.wav","inputs/pdf/without_context/piece-15.pdf","[""inputs/images/piece-15/page-1.png"", ""inputs/images/piece-15/page-2.png""]"
"musp_59","15","Schubert","Moment musical No. 3","At some point in bar 75-78, the performer uses a rubato that significantly and unexpectedly delays the arrival of a particular beat, without a gradual slowdown preceding it. Divide each measure into four beats. In which bar and at which beat does this rubato take place?","SP","","Mid","Bar / beat","Bar and beat","Single","[""bar 18 beat 3"", ""bar 42 beat 1"", ""bar 24 beat 2""]","[""bar 75 beat 4""]","inputs/abc/piece-15.abc","inputs/midi_performance_event_text/piece-15.txt","inputs/abc_plus_midi/piece-15.abc","inputs/audio/piece-15.wav","inputs/pdf/without_context/piece-15.pdf","[""inputs/images/piece-15/page-1.png"", ""inputs/images/piece-15/page-2.png""]"
"musp_60","16","Schumann","Arabeske Op. 18","Bar 95 is played starting at what time?","SP","","Short","Timestamp","Timestamp in M:SS or MM:SS (rounded down)","Single","[""00:37"", ""02:14"", ""11:05""]","[""2:25"", ""02:24""]","inputs/abc/piece-16.abc","inputs/midi_performance_event_text/piece-16.txt","inputs/abc_plus_midi/piece-16.abc","inputs/audio/piece-16.wav","inputs/pdf/without_context/piece-16.pdf","[""inputs/images/piece-16/page-01.png"", ""inputs/images/piece-16/page-02.png"", ""inputs/images/piece-16/page-03.png"", ""inputs/images/piece-16/page-04.png"", ""inputs/images/piece-16/page-05.png"", ""inputs/images/piece-16/page-06.png"", ""inputs/images/piece-16/page-07.png"", ""inputs/images/piece-16/page-08.png"", ""inputs/images/piece-16/page-09.png"", ""inputs/images/piece-16/page-10.png""]"
"musp_61","16","Schumann","Arabeske Op. 18","In bars 224–226, a melodic note stands out expressively, shifting the tonal color to a much warmer sound compared with the preceding fragment. At what timestamp does this most significant change in color occur?","SP","","Mid","Timestamp","Timestamp in M:SS or MM:SS (rounded down)","Single","[""0:37""]","[""5:55"", ""05:55""]","inputs/abc/piece-16.abc","inputs/midi_performance_event_text/piece-16.txt","inputs/abc_plus_midi/piece-16.abc","inputs/audio/piece-16.wav","inputs/pdf/without_context/piece-16.pdf","[""inputs/images/piece-16/page-01.png"", ""inputs/images/piece-16/page-02.png"", ""inputs/images/piece-16/page-03.png"", ""inputs/images/piece-16/page-04.png"", ""inputs/images/piece-16/page-05.png"", ""inputs/images/piece-16/page-06.png"", ""inputs/images/piece-16/page-07.png"", ""inputs/images/piece-16/page-08.png"", ""inputs/images/piece-16/page-09.png"", ""inputs/images/piece-16/page-10.png""]"
"musp_62","16","Schumann","Arabeske Op. 18","Which passage has the most decisive/serious/forceful character, relative to the overall lyrical character of the piece? Indicate the first and last bar of this passage.","SP","","Long","Bar / beat","Bar number (digits)","Pair","[""18, 42""]","[""148, 174""]","inputs/abc/piece-16.abc","inputs/midi_performance_event_text/piece-16.txt","inputs/abc_plus_midi/piece-16.abc","inputs/audio/piece-16.wav","inputs/pdf/without_context/piece-16.pdf","[""inputs/images/piece-16/page-01.png"", ""inputs/images/piece-16/page-02.png"", ""inputs/images/piece-16/page-03.png"", ""inputs/images/piece-16/page-04.png"", ""inputs/images/piece-16/page-05.png"", ""inputs/images/piece-16/page-06.png"", ""inputs/images/piece-16/page-07.png"", ""inputs/images/piece-16/page-08.png"", ""inputs/images/piece-16/page-09.png"", ""inputs/images/piece-16/page-10.png""]"
"musp_63","17","Scriabin","Etude Op. 8 No. 11","Which bar was the performer playing at 4:20?","SP","","Short","Bar / beat","Bar number (digits)","Single","[""4""]","[""47""]","inputs/abc/piece-17.abc","inputs/midi_performance_event_text/piece-17.txt","inputs/abc_plus_midi/piece-17.abc","inputs/audio/piece-17.wav","inputs/pdf/without_context/piece-17.pdf","[""inputs/images/piece-17/page-1.png"", ""inputs/images/piece-17/page-2.png"", ""inputs/images/piece-17/page-3.png""]"
"musp_64","17","Scriabin","Etude Op. 8 No. 11","In bar 8, on which beat does the performer initiate a crescendo? For example, if they do it on the second half of the fourth beat, write '4.5'.","SP","","Short","Bar / beat","Beat number (fraction)","Single","[""3.5""]","[""2.5""]","inputs/abc/piece-17.abc","inputs/midi_performance_event_text/piece-17.txt","inputs/abc_plus_midi/piece-17.abc","inputs/audio/piece-17.wav","inputs/pdf/without_context/piece-17.pdf","[""inputs/images/piece-17/page-1.png"", ""inputs/images/piece-17/page-2.png"", ""inputs/images/piece-17/page-3.png""]"
"musp_65","17","Scriabin","Etude Op. 8 No. 11","Through pronounced rubato across measures 37–38, the performer creates a sense of temporal and harmonic suspension over a single chord. Which chord is responsible for this moment where time briefly seems to stand still?","SP","","Short","Chord","Lead-sheet chord symbol in root position","Single","[""Esus2"", ""D#maj7"", ""B7b5""]","[""Gb"", ""Ebm7""]","inputs/abc/piece-17.abc","inputs/midi_performance_event_text/piece-17.txt","inputs/abc_plus_midi/piece-17.abc","inputs/audio/piece-17.wav","inputs/pdf/without_context/piece-17.pdf","[""inputs/images/piece-17/page-1.png"", ""inputs/images/piece-17/page-2.png"", ""inputs/images/piece-17/page-3.png""]"
"musp_66","17","Scriabin","Etude Op. 8 No. 11","Which sixteenth note does the performer emphasize most through rubato in bar 20?","SP","","Short","Pitch","Pitch with octave number","Single","[""A4"", ""G#3"", ""Bb2""]","[""E4""]","inputs/abc/piece-17.abc","inputs/midi_performance_event_text/piece-17.txt","inputs/abc_plus_midi/piece-17.abc","inputs/audio/piece-17.wav","inputs/pdf/without_context/piece-17.pdf","[""inputs/images/piece-17/page-1.png"", ""inputs/images/piece-17/page-2.png"", ""inputs/images/piece-17/page-3.png""]"
"musp_67","17","Scriabin","Etude Op. 8 No. 11","From 1:47 onwards, which is the last melodic note before the music fades back into an F major chord?","SP","","Mid","Pitch","Pitch with octave number","Single","[""A4"", ""G#3"", ""Bb2""]","[""C5""]","inputs/abc/piece-17.abc","inputs/midi_performance_event_text/piece-17.txt","inputs/abc_plus_midi/piece-17.abc","inputs/audio/piece-17.wav","inputs/pdf/without_context/piece-17.pdf","[""inputs/images/piece-17/page-1.png"", ""inputs/images/piece-17/page-2.png"", ""inputs/images/piece-17/page-3.png""]"
"musp_68","18","Scriabin","Piano Sonata No. 5","The work features two complete spellings of the composer's so-called mystic chord in the 'meno vivo' passage starting at 263. At which time is the mystic chord struck for the first time?","SP","","Short","Timestamp","Timestamp in M:SS or MM:SS (rounded down)","Single","[""02:54""]","[""6:28""]","inputs/abc/piece-18.abc","inputs/midi_performance_event_text/piece-18.txt","inputs/abc_plus_midi/piece-18.abc","inputs/audio/piece-18.wav","inputs/pdf/without_context/piece-18.pdf","[""inputs/images/piece-18/page-01.png"", ""inputs/images/piece-18/page-02.png"", ""inputs/images/piece-18/page-03.png"", ""inputs/images/piece-18/page-04.png"", ""inputs/images/piece-18/page-05.png"", ""inputs/images/piece-18/page-06.png"", ""inputs/images/piece-18/page-07.png"", ""inputs/images/piece-18/page-08.png"", ""inputs/images/piece-18/page-09.png"", ""inputs/images/piece-18/page-10.png"", ""inputs/images/piece-18/page-11.png"", ""inputs/images/piece-18/page-12.png"", ""inputs/images/piece-18/page-13.png"", ""inputs/images/piece-18/page-14.png"", ""inputs/images/piece-18/page-15.png"", ""inputs/images/piece-18/page-16.png"", ""inputs/images/piece-18/page-17.png"", ""inputs/images/piece-18/page-18.png"", ""inputs/images/piece-18/page-19.png"", ""inputs/images/piece-18/page-20.png"", ""inputs/images/piece-18/page-21.png"", ""inputs/images/piece-18/page-22.png"", ""inputs/images/piece-18/page-23.png"", ""inputs/images/piece-18/page-24.png"", ""inputs/images/piece-18/page-25.png""]"
"musp_69","18","Scriabin","Piano Sonata No. 5","Which of the upper-voice melodic notes from bar 219 until 225 is played with the most force?","SP","","Mid","Pitch","Pitch with octave number","Single","[""A4"", ""G#3"", ""Bb2""]","[""Ab5""]","inputs/abc/piece-18.abc","inputs/midi_performance_event_text/piece-18.txt","inputs/abc_plus_midi/piece-18.abc","inputs/audio/piece-18.wav","inputs/pdf/without_context/piece-18.pdf","[""inputs/images/piece-18/page-01.png"", ""inputs/images/piece-18/page-02.png"", ""inputs/images/piece-18/page-03.png"", ""inputs/images/piece-18/page-04.png"", ""inputs/images/piece-18/page-05.png"", ""inputs/images/piece-18/page-06.png"", ""inputs/images/piece-18/page-07.png"", ""inputs/images/piece-18/page-08.png"", ""inputs/images/piece-18/page-09.png"", ""inputs/images/piece-18/page-10.png"", ""inputs/images/piece-18/page-11.png"", ""inputs/images/piece-18/page-12.png"", ""inputs/images/piece-18/page-13.png"", ""inputs/images/piece-18/page-14.png"", ""inputs/images/piece-18/page-15.png"", ""inputs/images/piece-18/page-16.png"", ""inputs/images/piece-18/page-17.png"", ""inputs/images/piece-18/page-18.png"", ""inputs/images/piece-18/page-19.png"", ""inputs/images/piece-18/page-20.png"", ""inputs/images/piece-18/page-21.png"", ""inputs/images/piece-18/page-22.png"", ""inputs/images/piece-18/page-23.png"", ""inputs/images/piece-18/page-24.png"", ""inputs/images/piece-18/page-25.png""]"
"musp_70","18","Scriabin","Piano Sonata No. 5","The passage played at 11:17-11:28 is a variation of which theme played earlier in the piece? Answer with the tempo/expression marking associated with that theme, the first time it is played.","SP","","Long","Short text","Expressive term or phrase","Single","[""dolce""]","[""Languido""]","inputs/abc/piece-18.abc","inputs/midi_performance_event_text/piece-18.txt","inputs/abc_plus_midi/piece-18.abc","inputs/audio/piece-18.wav","inputs/pdf/without_context/piece-18.pdf","[""inputs/images/piece-18/page-01.png"", ""inputs/images/piece-18/page-02.png"", ""inputs/images/piece-18/page-03.png"", ""inputs/images/piece-18/page-04.png"", ""inputs/images/piece-18/page-05.png"", ""inputs/images/piece-18/page-06.png"", ""inputs/images/piece-18/page-07.png"", ""inputs/images/piece-18/page-08.png"", ""inputs/images/piece-18/page-09.png"", ""inputs/images/piece-18/page-10.png"", ""inputs/images/piece-18/page-11.png"", ""inputs/images/piece-18/page-12.png"", ""inputs/images/piece-18/page-13.png"", ""inputs/images/piece-18/page-14.png"", ""inputs/images/piece-18/page-15.png"", ""inputs/images/piece-18/page-16.png"", ""inputs/images/piece-18/page-17.png"", ""inputs/images/piece-18/page-18.png"", ""inputs/images/piece-18/page-19.png"", ""inputs/images/piece-18/page-20.png"", ""inputs/images/piece-18/page-21.png"", ""inputs/images/piece-18/page-22.png"", ""inputs/images/piece-18/page-23.png"", ""inputs/images/piece-18/page-24.png"", ""inputs/images/piece-18/page-25.png""]"
"musp_71","18","Scriabin","Piano Sonata No. 5","Before what bar does the performer lift the pedal (without sustaining any other notes) for the longest time in the passage between 07:57 and 8:41? I.e., when does the longest global silence take place within that period?","SP","","Long","Bar / beat","Bar number (digits)","Single","[""4""]","[""325""]","inputs/abc/piece-18.abc","inputs/midi_performance_event_text/piece-18.txt","inputs/abc_plus_midi/piece-18.abc","inputs/audio/piece-18.wav","inputs/pdf/without_context/piece-18.pdf","[""inputs/images/piece-18/page-01.png"", ""inputs/images/piece-18/page-02.png"", ""inputs/images/piece-18/page-03.png"", ""inputs/images/piece-18/page-04.png"", ""inputs/images/piece-18/page-05.png"", ""inputs/images/piece-18/page-06.png"", ""inputs/images/piece-18/page-07.png"", ""inputs/images/piece-18/page-08.png"", ""inputs/images/piece-18/page-09.png"", ""inputs/images/piece-18/page-10.png"", ""inputs/images/piece-18/page-11.png"", ""inputs/images/piece-18/page-12.png"", ""inputs/images/piece-18/page-13.png"", ""inputs/images/piece-18/page-14.png"", ""inputs/images/piece-18/page-15.png"", ""inputs/images/piece-18/page-16.png"", ""inputs/images/piece-18/page-17.png"", ""inputs/images/piece-18/page-18.png"", ""inputs/images/piece-18/page-19.png"", ""inputs/images/piece-18/page-20.png"", ""inputs/images/piece-18/page-21.png"", ""inputs/images/piece-18/page-22.png"", ""inputs/images/piece-18/page-23.png"", ""inputs/images/piece-18/page-24.png"", ""inputs/images/piece-18/page-25.png""]"
"musp_72","18","Scriabin","Piano Sonata No. 5","At what time does the exposition start, considering there is a long introduction and the first theme consists of 6-bar phrases.","SP","","Long","Timestamp","Timestamp in M:SS or MM:SS (rounded down)","Single","[""02:54""]","[""1:23""]","inputs/abc/piece-18.abc","inputs/midi_performance_event_text/piece-18.txt","inputs/abc_plus_midi/piece-18.abc","inputs/audio/piece-18.wav","inputs/pdf/without_context/piece-18.pdf","[""inputs/images/piece-18/page-01.png"", ""inputs/images/piece-18/page-02.png"", ""inputs/images/piece-18/page-03.png"", ""inputs/images/piece-18/page-04.png"", ""inputs/images/piece-18/page-05.png"", ""inputs/images/piece-18/page-06.png"", ""inputs/images/piece-18/page-07.png"", ""inputs/images/piece-18/page-08.png"", ""inputs/images/piece-18/page-09.png"", ""inputs/images/piece-18/page-10.png"", ""inputs/images/piece-18/page-11.png"", ""inputs/images/piece-18/page-12.png"", ""inputs/images/piece-18/page-13.png"", ""inputs/images/piece-18/page-14.png"", ""inputs/images/piece-18/page-15.png"", ""inputs/images/piece-18/page-16.png"", ""inputs/images/piece-18/page-17.png"", ""inputs/images/piece-18/page-18.png"", ""inputs/images/piece-18/page-19.png"", ""inputs/images/piece-18/page-20.png"", ""inputs/images/piece-18/page-21.png"", ""inputs/images/piece-18/page-22.png"", ""inputs/images/piece-18/page-23.png"", ""inputs/images/piece-18/page-24.png"", ""inputs/images/piece-18/page-25.png""]"
"musp_73","1","Bach","Fugue BWV 875","From 00:31 to 00:35, the performer emphasizes a regularly pulsed motif whose repetition across two different voices creates a melodic line. What are the notes of this melody, beginning with the first D and ending with the last E within this fragment? List 16 notes.","P","","Short","Pitch","Pitch class without octave number","List ordered by appearance","[""D, C#, Ab""]","[""D, Eb, D, C, Eb, D, C, B, G, A, G, F, A, G, F, E""]","inputs/abc/piece-01.abc","inputs/midi_performance_event_text/piece-01.txt","inputs/abc_plus_midi/piece-01.abc","inputs/audio/piece-01.wav","inputs/pdf/without_context/piece-01.pdf","[""inputs/images/piece-01/page-1.png"", ""inputs/images/piece-01/page-2.png""]"
"musp_74","1","Bach","Fugue BWV 875","Between 0:50 and 0:58, the melodic line 'A, Bb, A, G, Bb, A, G, F' is played three times. Rank those by increasing loudness. If the first time the melody is played, it is played the softest and the third one the loudest, answer: 1, 2, 3.","P","","Mid","Integer","Positive integer","List ordered by increasing loudness","[""1, 2, 3""]","[""3, 2, 1""]","inputs/abc/piece-01.abc","inputs/midi_performance_event_text/piece-01.txt","inputs/abc_plus_midi/piece-01.abc","inputs/audio/piece-01.wav","inputs/pdf/without_context/piece-01.pdf","[""inputs/images/piece-01/page-1.png"", ""inputs/images/piece-01/page-2.png""]"
"musp_75","1","Bach","Fugue BWV 875","Between 1:26 and 1:39, the performer uses an unusual rubato. Which note carries the greatest expressive tension, receiving the strongest dramatic and interpretive emphasis through the rubato?","P","","Mid","Pitch","Pitch class without octave number","Single","[""A"", ""G#"", ""Fx""]","[""Bb"", ""A""]","inputs/abc/piece-01.abc","inputs/midi_performance_event_text/piece-01.txt","inputs/abc_plus_midi/piece-01.abc","inputs/audio/piece-01.wav","inputs/pdf/without_context/piece-01.pdf","[""inputs/images/piece-01/page-1.png"", ""inputs/images/piece-01/page-2.png""]"
"musp_76","1","Bach","Fugue BWV 875","What is the largest interval between two consecutive notes within the theme played by the soprano voice, starting at 00:09?","P","","Mid","Interval","Interval quality and size","Single","[""perfect fifth"", ""minor seventh"", ""perfect octave""]","[""perfect fourth""]","inputs/abc/piece-01.abc","inputs/midi_performance_event_text/piece-01.txt","inputs/abc_plus_midi/piece-01.abc","inputs/audio/piece-01.wav","inputs/pdf/without_context/piece-01.pdf","[""inputs/images/piece-01/page-1.png"", ""inputs/images/piece-01/page-2.png""]"
"musp_77","1","Bach","Fugue BWV 875","At what times does the first theme (up until the syncopated note G) appear with the exact same pitch classes but potentially in a different register? Disregard minor deviations.","P","","Long","Timestamp","Timestamp in M:SS or MM:SS (rounded down)","List ordered by appearance","[""0:37, 02:14, 11:05""]","[""0:00, 0:22, 1:45""]","inputs/abc/piece-01.abc","inputs/midi_performance_event_text/piece-01.txt","inputs/abc_plus_midi/piece-01.abc","inputs/audio/piece-01.wav","inputs/pdf/without_context/piece-01.pdf","[""inputs/images/piece-01/page-1.png"", ""inputs/images/piece-01/page-2.png""]"
"musp_78","2","Bach","Prelude BWV 848","Between 00:16 and 00:19, the performer brings out two melodic lines in two different registers. What is the highest note within the lowest of the two emphasized melodies?","P","","Short","Pitch","Pitch with octave number","Single","[""A4"", ""G#3"", ""Bb2""]","[""F#4""]","inputs/abc/piece-02.abc","inputs/midi_performance_event_text/piece-02.txt","inputs/abc_plus_midi/piece-02.abc","inputs/audio/piece-02.wav","inputs/pdf/without_context/piece-02.pdf","[""inputs/images/piece-02/page-1.png"", ""inputs/images/piece-02/page-2.png"", ""inputs/images/piece-02/page-3.png"", ""inputs/images/piece-02/page-4.png""]"
"musp_79","2","Bach","Prelude BWV 848","A 5-note rhythmical motif, characterized by a syncopated feel, is introduced at 0:21 in the right hand and later repeated/transposed. Until when is the motif repeated/transposed? Identify the earliest time after which the motif no longer occurs.  ","P","","Long","Timestamp","Timestamp in M:SS or MM:SS (rounded down)","Single","[""02:54""]","[""00:30""]","inputs/abc/piece-02.abc","inputs/midi_performance_event_text/piece-02.txt","inputs/abc_plus_midi/piece-02.abc","inputs/audio/piece-02.wav","inputs/pdf/without_context/piece-02.pdf","[""inputs/images/piece-02/page-1.png"", ""inputs/images/piece-02/page-2.png"", ""inputs/images/piece-02/page-3.png"", ""inputs/images/piece-02/page-4.png""]"
"musp_80","2","Bach","Prelude BWV 848","Listen to the performance and feel the pulse given by the slower-moving voice in the opening. Which BPM range best matches the tempo: 50-60, 60-70, 70-80, 80-90, 90-100, 100-110, 110-120, 120-130, 130-140, 140-150, 150-160, 160-170, 170-180, 180-190?","P","","Long","Choice","One choice copied exactly from the question","Single","[""50-60""]","[""90-100""]","inputs/abc/piece-02.abc","inputs/midi_performance_event_text/piece-02.txt","inputs/abc_plus_midi/piece-02.abc","inputs/audio/piece-02.wav","inputs/pdf/without_context/piece-02.pdf","[""inputs/images/piece-02/page-1.png"", ""inputs/images/piece-02/page-2.png"", ""inputs/images/piece-02/page-3.png"", ""inputs/images/piece-02/page-4.png""]"
"musp_81","2","Bach","Prelude BWV 848","In what time does the prolonged dominant tension or pedal begin and then continue uninterrupted until the final cadence, without passing through another harmony or releasing its dominant function, before finally resolving?","P","","Long","Timestamp","Timestamp in M:SS or MM:SS (rounded down)","Single","[""0:37"", ""02:14"", ""11:05""]","[""0:55""]","inputs/abc/piece-02.abc","inputs/midi_performance_event_text/piece-02.txt","inputs/abc_plus_midi/piece-02.abc","inputs/audio/piece-02.wav","inputs/pdf/without_context/piece-02.pdf","[""inputs/images/piece-02/page-1.png"", ""inputs/images/piece-02/page-2.png"", ""inputs/images/piece-02/page-3.png"", ""inputs/images/piece-02/page-4.png""]"
"musp_82","3","Balakirev","Islamey","Starting at 3:37, the performer plays a lyrical passage in which two voices engage in dialogue. At what time does a new passage first take over by breaking with previous texture, character, and articulation?","P","","Mid","Timestamp","Timestamp in M:SS or MM:SS (rounded down)","Single","[""02:54""]","[""3:53"", ""3:52""]","inputs/abc/piece-03.abc","inputs/midi_performance_event_text/piece-03.txt","inputs/abc_plus_midi/piece-03.abc","inputs/audio/piece-03.wav","inputs/pdf/without_context/piece-03.pdf","[""inputs/images/piece-03/page-01.png"", ""inputs/images/piece-03/page-02.png"", ""inputs/images/piece-03/page-03.png"", ""inputs/images/piece-03/page-04.png"", ""inputs/images/piece-03/page-05.png"", ""inputs/images/piece-03/page-06.png"", ""inputs/images/piece-03/page-07.png"", ""inputs/images/piece-03/page-08.png"", ""inputs/images/piece-03/page-09.png"", ""inputs/images/piece-03/page-10.png"", ""inputs/images/piece-03/page-11.png"", ""inputs/images/piece-03/page-12.png"", ""inputs/images/piece-03/page-13.png"", ""inputs/images/piece-03/page-14.png"", ""inputs/images/piece-03/page-15.png"", ""inputs/images/piece-03/page-16.png"", ""inputs/images/piece-03/page-17.png"", ""inputs/images/piece-03/page-18.png"", ""inputs/images/piece-03/page-19.png"", ""inputs/images/piece-03/page-20.png""]"
"musp_83","3","Balakirev","Islamey","The passage beginning at 0:21 forms a distinct, coherent section, contrasting with the preceding material through its repeated melodic pattern and characteristic texture. Until what time does the music remain recognizably within this same pattern and texture before transitioning into a different section?","P","","Mid","Timestamp","Timestamp in M:SS or MM:SS (rounded down)","Single","[""02:54""]","[""00:31"", ""00:32""]","inputs/abc/piece-03.abc","inputs/midi_performance_event_text/piece-03.txt","inputs/abc_plus_midi/piece-03.abc","inputs/audio/piece-03.wav","inputs/pdf/without_context/piece-03.pdf","[""inputs/images/piece-03/page-01.png"", ""inputs/images/piece-03/page-02.png"", ""inputs/images/piece-03/page-03.png"", ""inputs/images/piece-03/page-04.png"", ""inputs/images/piece-03/page-05.png"", ""inputs/images/piece-03/page-06.png"", ""inputs/images/piece-03/page-07.png"", ""inputs/images/piece-03/page-08.png"", ""inputs/images/piece-03/page-09.png"", ""inputs/images/piece-03/page-10.png"", ""inputs/images/piece-03/page-11.png"", ""inputs/images/piece-03/page-12.png"", ""inputs/images/piece-03/page-13.png"", ""inputs/images/piece-03/page-14.png"", ""inputs/images/piece-03/page-15.png"", ""inputs/images/piece-03/page-16.png"", ""inputs/images/piece-03/page-17.png"", ""inputs/images/piece-03/page-18.png"", ""inputs/images/piece-03/page-19.png"", ""inputs/images/piece-03/page-20.png""]"
"musp_84","3","Balakirev","Islamey","At what time in the second half of the piece does the performer play a glissando? Identify the start time of the glissando. ","P","","Long","Timestamp","Timestamp in M:SS or MM:SS (rounded down)","Single","[""0:37"", ""02:14"", ""11:05""]","[""6:56""]","inputs/abc/piece-03.abc","inputs/midi_performance_event_text/piece-03.txt","inputs/abc_plus_midi/piece-03.abc","inputs/audio/piece-03.wav","inputs/pdf/without_context/piece-03.pdf","[""inputs/images/piece-03/page-01.png"", ""inputs/images/piece-03/page-02.png"", ""inputs/images/piece-03/page-03.png"", ""inputs/images/piece-03/page-04.png"", ""inputs/images/piece-03/page-05.png"", ""inputs/images/piece-03/page-06.png"", ""inputs/images/piece-03/page-07.png"", ""inputs/images/piece-03/page-08.png"", ""inputs/images/piece-03/page-09.png"", ""inputs/images/piece-03/page-10.png"", ""inputs/images/piece-03/page-11.png"", ""inputs/images/piece-03/page-12.png"", ""inputs/images/piece-03/page-13.png"", ""inputs/images/piece-03/page-14.png"", ""inputs/images/piece-03/page-15.png"", ""inputs/images/piece-03/page-16.png"", ""inputs/images/piece-03/page-17.png"", ""inputs/images/piece-03/page-18.png"", ""inputs/images/piece-03/page-19.png"", ""inputs/images/piece-03/page-20.png""]"
"musp_85","4","Beethoven","Piano Sonata 23, movement 1","Between 09:07 and 09:11, the music plays the same melody across three different octaves. If you were to summarize a single occurrence of that melody in three notes such that the contour and essence remain the same, what would it be?","P","","Short","Pitch","Pitch class without octave number","List ordered by appearance","[""A, G#, Bb""]","[""C, Db, C""]","inputs/abc/piece-04.abc","inputs/midi_performance_event_text/piece-04.txt","inputs/abc_plus_midi/piece-04.abc","inputs/audio/piece-04.wav","inputs/pdf/without_context/piece-04.pdf","[""inputs/images/piece-04/page-01.png"", ""inputs/images/piece-04/page-02.png"", ""inputs/images/piece-04/page-03.png"", ""inputs/images/piece-04/page-04.png"", ""inputs/images/piece-04/page-05.png"", ""inputs/images/piece-04/page-06.png"", ""inputs/images/piece-04/page-07.png"", ""inputs/images/piece-04/page-08.png"", ""inputs/images/piece-04/page-09.png"", ""inputs/images/piece-04/page-10.png"", ""inputs/images/piece-04/page-11.png"", ""inputs/images/piece-04/page-12.png"", ""inputs/images/piece-04/page-13.png"", ""inputs/images/piece-04/page-14.png"", ""inputs/images/piece-04/page-15.png"", ""inputs/images/piece-04/page-16.png"", ""inputs/images/piece-04/page-17.png"", ""inputs/images/piece-04/page-18.png"", ""inputs/images/piece-04/page-19.png"", ""inputs/images/piece-04/page-20.png"", ""inputs/images/piece-04/page-21.png"", ""inputs/images/piece-04/page-22.png"", ""inputs/images/piece-04/page-23.png"", ""inputs/images/piece-04/page-24.png"", ""inputs/images/piece-04/page-25.png"", ""inputs/images/piece-04/page-26.png"", ""inputs/images/piece-04/page-27.png"", ""inputs/images/piece-04/page-28.png"", ""inputs/images/piece-04/page-29.png"", ""inputs/images/piece-04/page-30.png"", ""inputs/images/piece-04/page-31.png""]"
"musp_86","4","Beethoven","Piano Sonata 23, movement 1","Within the first minute, at what time does the first katabasis (a catastrophic descent) take place?","P","","Mid","Timestamp","Timestamp in M:SS or MM:SS (rounded down)","Single","[""02:54""]","[""00:36""]","inputs/abc/piece-04.abc","inputs/midi_performance_event_text/piece-04.txt","inputs/abc_plus_midi/piece-04.abc","inputs/audio/piece-04.wav","inputs/pdf/without_context/piece-04.pdf","[""inputs/images/piece-04/page-01.png"", ""inputs/images/piece-04/page-02.png"", ""inputs/images/piece-04/page-03.png"", ""inputs/images/piece-04/page-04.png"", ""inputs/images/piece-04/page-05.png"", ""inputs/images/piece-04/page-06.png"", ""inputs/images/piece-04/page-07.png"", ""inputs/images/piece-04/page-08.png"", ""inputs/images/piece-04/page-09.png"", ""inputs/images/piece-04/page-10.png"", ""inputs/images/piece-04/page-11.png"", ""inputs/images/piece-04/page-12.png"", ""inputs/images/piece-04/page-13.png"", ""inputs/images/piece-04/page-14.png"", ""inputs/images/piece-04/page-15.png"", ""inputs/images/piece-04/page-16.png"", ""inputs/images/piece-04/page-17.png"", ""inputs/images/piece-04/page-18.png"", ""inputs/images/piece-04/page-19.png"", ""inputs/images/piece-04/page-20.png"", ""inputs/images/piece-04/page-21.png"", ""inputs/images/piece-04/page-22.png"", ""inputs/images/piece-04/page-23.png"", ""inputs/images/piece-04/page-24.png"", ""inputs/images/piece-04/page-25.png"", ""inputs/images/piece-04/page-26.png"", ""inputs/images/piece-04/page-27.png"", ""inputs/images/piece-04/page-28.png"", ""inputs/images/piece-04/page-29.png"", ""inputs/images/piece-04/page-30.png"", ""inputs/images/piece-04/page-31.png""]"
"musp_87","4","Beethoven","Piano Sonata 23, movement 1","What is the final point toward which the music builds before it begins to die away?","P","","Long","Timestamp","Timestamp in M:SS or MM:SS (rounded down)","Single","[""02:54""]","[""9:11"", ""09:11""]","inputs/abc/piece-04.abc","inputs/midi_performance_event_text/piece-04.txt","inputs/abc_plus_midi/piece-04.abc","inputs/audio/piece-04.wav","inputs/pdf/without_context/piece-04.pdf","[""inputs/images/piece-04/page-01.png"", ""inputs/images/piece-04/page-02.png"", ""inputs/images/piece-04/page-03.png"", ""inputs/images/piece-04/page-04.png"", ""inputs/images/piece-04/page-05.png"", ""inputs/images/piece-04/page-06.png"", ""inputs/images/piece-04/page-07.png"", ""inputs/images/piece-04/page-08.png"", ""inputs/images/piece-04/page-09.png"", ""inputs/images/piece-04/page-10.png"", ""inputs/images/piece-04/page-11.png"", ""inputs/images/piece-04/page-12.png"", ""inputs/images/piece-04/page-13.png"", ""inputs/images/piece-04/page-14.png"", ""inputs/images/piece-04/page-15.png"", ""inputs/images/piece-04/page-16.png"", ""inputs/images/piece-04/page-17.png"", ""inputs/images/piece-04/page-18.png"", ""inputs/images/piece-04/page-19.png"", ""inputs/images/piece-04/page-20.png"", ""inputs/images/piece-04/page-21.png"", ""inputs/images/piece-04/page-22.png"", ""inputs/images/piece-04/page-23.png"", ""inputs/images/piece-04/page-24.png"", ""inputs/images/piece-04/page-25.png"", ""inputs/images/piece-04/page-26.png"", ""inputs/images/piece-04/page-27.png"", ""inputs/images/piece-04/page-28.png"", ""inputs/images/piece-04/page-29.png"", ""inputs/images/piece-04/page-30.png"", ""inputs/images/piece-04/page-31.png""]"
"musp_88","4","Beethoven","Piano Sonata 23, movement 1","When does the re-exposition start? Identify the timestamp of the first upper-melodic note.","P","","Long","Timestamp","Timestamp in M:SS or MM:SS (rounded down)","Single","[""02:54""]","[""4:58"", ""04:58""]","inputs/abc/piece-04.abc","inputs/midi_performance_event_text/piece-04.txt","inputs/abc_plus_midi/piece-04.abc","inputs/audio/piece-04.wav","inputs/pdf/without_context/piece-04.pdf","[""inputs/images/piece-04/page-01.png"", ""inputs/images/piece-04/page-02.png"", ""inputs/images/piece-04/page-03.png"", ""inputs/images/piece-04/page-04.png"", ""inputs/images/piece-04/page-05.png"", ""inputs/images/piece-04/page-06.png"", ""inputs/images/piece-04/page-07.png"", ""inputs/images/piece-04/page-08.png"", ""inputs/images/piece-04/page-09.png"", ""inputs/images/piece-04/page-10.png"", ""inputs/images/piece-04/page-11.png"", ""inputs/images/piece-04/page-12.png"", ""inputs/images/piece-04/page-13.png"", ""inputs/images/piece-04/page-14.png"", ""inputs/images/piece-04/page-15.png"", ""inputs/images/piece-04/page-16.png"", ""inputs/images/piece-04/page-17.png"", ""inputs/images/piece-04/page-18.png"", ""inputs/images/piece-04/page-19.png"", ""inputs/images/piece-04/page-20.png"", ""inputs/images/piece-04/page-21.png"", ""inputs/images/piece-04/page-22.png"", ""inputs/images/piece-04/page-23.png"", ""inputs/images/piece-04/page-24.png"", ""inputs/images/piece-04/page-25.png"", ""inputs/images/piece-04/page-26.png"", ""inputs/images/piece-04/page-27.png"", ""inputs/images/piece-04/page-28.png"", ""inputs/images/piece-04/page-29.png"", ""inputs/images/piece-04/page-30.png"", ""inputs/images/piece-04/page-31.png""]"
"musp_89","4","Beethoven","Piano Sonata 23, movement 1","The opening (up until 00:44) contains what may seem like a question-answer dialogue between two people. At what point does the questioner seem so dissatisfied with/scared about the repeated answer that they seemingly enter a state of fright/panic?","P","","Long","Timestamp","Timestamp in M:SS or MM:SS (rounded down)","Single","[""00:32""]","[""00:35"", ""00:36""]","inputs/abc/piece-04.abc","inputs/midi_performance_event_text/piece-04.txt","inputs/abc_plus_midi/piece-04.abc","inputs/audio/piece-04.wav","inputs/pdf/without_context/piece-04.pdf","[""inputs/images/piece-04/page-01.png"", ""inputs/images/piece-04/page-02.png"", ""inputs/images/piece-04/page-03.png"", ""inputs/images/piece-04/page-04.png"", ""inputs/images/piece-04/page-05.png"", ""inputs/images/piece-04/page-06.png"", ""inputs/images/piece-04/page-07.png"", ""inputs/images/piece-04/page-08.png"", ""inputs/images/piece-04/page-09.png"", ""inputs/images/piece-04/page-10.png"", ""inputs/images/piece-04/page-11.png"", ""inputs/images/piece-04/page-12.png"", ""inputs/images/piece-04/page-13.png"", ""inputs/images/piece-04/page-14.png"", ""inputs/images/piece-04/page-15.png"", ""inputs/images/piece-04/page-16.png"", ""inputs/images/piece-04/page-17.png"", ""inputs/images/piece-04/page-18.png"", ""inputs/images/piece-04/page-19.png"", ""inputs/images/piece-04/page-20.png"", ""inputs/images/piece-04/page-21.png"", ""inputs/images/piece-04/page-22.png"", ""inputs/images/piece-04/page-23.png"", ""inputs/images/piece-04/page-24.png"", ""inputs/images/piece-04/page-25.png"", ""inputs/images/piece-04/page-26.png"", ""inputs/images/piece-04/page-27.png"", ""inputs/images/piece-04/page-28.png"", ""inputs/images/piece-04/page-29.png"", ""inputs/images/piece-04/page-30.png"", ""inputs/images/piece-04/page-31.png""]"
"musp_90","4","Beethoven","Piano Sonata 23, movement 1","Starting at what time is the complete  and exact short-short-short-long rhythmic figure, associated with the composer’s Fifth Symphony, repeated, with transposition allowed, making it the main motif for at least 6 seconds for the first time?","P","","Long","Timestamp","Timestamp in M:SS or MM:SS (rounded down)","Single","[""0:37"", ""02:14"", ""11:05""]","[""4:47""]","inputs/abc/piece-04.abc","inputs/midi_performance_event_text/piece-04.txt","inputs/abc_plus_midi/piece-04.abc","inputs/audio/piece-04.wav","inputs/pdf/without_context/piece-04.pdf","[""inputs/images/piece-04/page-01.png"", ""inputs/images/piece-04/page-02.png"", ""inputs/images/piece-04/page-03.png"", ""inputs/images/piece-04/page-04.png"", ""inputs/images/piece-04/page-05.png"", ""inputs/images/piece-04/page-06.png"", ""inputs/images/piece-04/page-07.png"", ""inputs/images/piece-04/page-08.png"", ""inputs/images/piece-04/page-09.png"", ""inputs/images/piece-04/page-10.png"", ""inputs/images/piece-04/page-11.png"", ""inputs/images/piece-04/page-12.png"", ""inputs/images/piece-04/page-13.png"", ""inputs/images/piece-04/page-14.png"", ""inputs/images/piece-04/page-15.png"", ""inputs/images/piece-04/page-16.png"", ""inputs/images/piece-04/page-17.png"", ""inputs/images/piece-04/page-18.png"", ""inputs/images/piece-04/page-19.png"", ""inputs/images/piece-04/page-20.png"", ""inputs/images/piece-04/page-21.png"", ""inputs/images/piece-04/page-22.png"", ""inputs/images/piece-04/page-23.png"", ""inputs/images/piece-04/page-24.png"", ""inputs/images/piece-04/page-25.png"", ""inputs/images/piece-04/page-26.png"", ""inputs/images/piece-04/page-27.png"", ""inputs/images/piece-04/page-28.png"", ""inputs/images/piece-04/page-29.png"", ""inputs/images/piece-04/page-30.png"", ""inputs/images/piece-04/page-31.png""]"
"musp_91","4","Beethoven","Piano Sonata 23, movement 1","At two points in the piece, a soft, wandering solo line descends before giving way to a sudden expressive outburst. At what times do these outbursts following the line immediately occur?","P","","Long","Timestamp","Timestamp in M:SS or MM:SS (rounded down)","Pair","[""0:37, 02:14""]","[""1:58, 6:55""]","inputs/abc/piece-04.abc","inputs/midi_performance_event_text/piece-04.txt","inputs/abc_plus_midi/piece-04.abc","inputs/audio/piece-04.wav","inputs/pdf/without_context/piece-04.pdf","[""inputs/images/piece-04/page-01.png"", ""inputs/images/piece-04/page-02.png"", ""inputs/images/piece-04/page-03.png"", ""inputs/images/piece-04/page-04.png"", ""inputs/images/piece-04/page-05.png"", ""inputs/images/piece-04/page-06.png"", ""inputs/images/piece-04/page-07.png"", ""inputs/images/piece-04/page-08.png"", ""inputs/images/piece-04/page-09.png"", ""inputs/images/piece-04/page-10.png"", ""inputs/images/piece-04/page-11.png"", ""inputs/images/piece-04/page-12.png"", ""inputs/images/piece-04/page-13.png"", ""inputs/images/piece-04/page-14.png"", ""inputs/images/piece-04/page-15.png"", ""inputs/images/piece-04/page-16.png"", ""inputs/images/piece-04/page-17.png"", ""inputs/images/piece-04/page-18.png"", ""inputs/images/piece-04/page-19.png"", ""inputs/images/piece-04/page-20.png"", ""inputs/images/piece-04/page-21.png"", ""inputs/images/piece-04/page-22.png"", ""inputs/images/piece-04/page-23.png"", ""inputs/images/piece-04/page-24.png"", ""inputs/images/piece-04/page-25.png"", ""inputs/images/piece-04/page-26.png"", ""inputs/images/piece-04/page-27.png"", ""inputs/images/piece-04/page-28.png"", ""inputs/images/piece-04/page-29.png"", ""inputs/images/piece-04/page-30.png"", ""inputs/images/piece-04/page-31.png""]"
"musp_92","5","Beethoven","Piano Sonata No. 21, movement 1","What type of cadence is played in 8:53-8:56?","P","","Short","Category label","Cadence name written in full","Single","[""half cadence""]","[""deceptive cadence"", ""interrupted cadence"", ""false cadence"", ""half cadence"", ""open cadence""]","inputs/abc/piece-05.abc","inputs/midi_performance_event_text/piece-05.txt","inputs/abc_plus_midi/piece-05.abc","inputs/audio/piece-05.wav","inputs/pdf/without_context/piece-05.pdf","[""inputs/images/piece-05/page-01.png"", ""inputs/images/piece-05/page-02.png"", ""inputs/images/piece-05/page-03.png"", ""inputs/images/piece-05/page-04.png"", ""inputs/images/piece-05/page-05.png"", ""inputs/images/piece-05/page-06.png"", ""inputs/images/piece-05/page-07.png"", ""inputs/images/piece-05/page-08.png"", ""inputs/images/piece-05/page-09.png"", ""inputs/images/piece-05/page-10.png"", ""inputs/images/piece-05/page-11.png"", ""inputs/images/piece-05/page-12.png"", ""inputs/images/piece-05/page-13.png"", ""inputs/images/piece-05/page-14.png"", ""inputs/images/piece-05/page-15.png"", ""inputs/images/piece-05/page-16.png"", ""inputs/images/piece-05/page-17.png"", ""inputs/images/piece-05/page-18.png"", ""inputs/images/piece-05/page-19.png"", ""inputs/images/piece-05/page-20.png""]"
"musp_93","5","Beethoven","Piano Sonata No. 21, movement 1","From 9:44 until the end of the movement, identify uninterrupted descending C-major scalar runs. Consider a run only when it consists of at least eight consecutive C-major scale tones in one direction, with each successive tone moving by one diatonic scale step. Report the highest note of each scale instance. ","P","","Long","Pitch","Pitch class without octave number","List ordered by appearance","[""C#, Bb, Fx""]","[""F, F, F""]","inputs/abc/piece-05.abc","inputs/midi_performance_event_text/piece-05.txt","inputs/abc_plus_midi/piece-05.abc","inputs/audio/piece-05.wav","inputs/pdf/without_context/piece-05.pdf","[""inputs/images/piece-05/page-01.png"", ""inputs/images/piece-05/page-02.png"", ""inputs/images/piece-05/page-03.png"", ""inputs/images/piece-05/page-04.png"", ""inputs/images/piece-05/page-05.png"", ""inputs/images/piece-05/page-06.png"", ""inputs/images/piece-05/page-07.png"", ""inputs/images/piece-05/page-08.png"", ""inputs/images/piece-05/page-09.png"", ""inputs/images/piece-05/page-10.png"", ""inputs/images/piece-05/page-11.png"", ""inputs/images/piece-05/page-12.png"", ""inputs/images/piece-05/page-13.png"", ""inputs/images/piece-05/page-14.png"", ""inputs/images/piece-05/page-15.png"", ""inputs/images/piece-05/page-16.png"", ""inputs/images/piece-05/page-17.png"", ""inputs/images/piece-05/page-18.png"", ""inputs/images/piece-05/page-19.png"", ""inputs/images/piece-05/page-20.png""]"
"musp_94","19","Beethoven","Symphony No. 2, movement 1","What are the notes of the upper-voice melody played by the oboe and bassoon during the first 17 seconds of the piece?","P","","Mid","Pitch","Pitch class without octave number","List ordered by appearance","[""A, G#, Bb""]","[""F#, E, E, E#, F#, F#, F#, A, G, F#, E, D#, E, G, C#, D"", ""F#, E, E, E#, F#, F#, F#, A, G, F#, E, D#, E, G, C#""]","inputs/abc/piece-19.abc","inputs/midi_performance_event_text/piece-19.txt","inputs/abc_plus_midi/piece-19.abc","https://zenodo.org/records/20344500/files/BSED.zip?download=1","inputs/pdf/without_context/piece-19.pdf","[""inputs/images/piece-19/page-1.png"", ""inputs/images/piece-19/page-2.png"", ""inputs/images/piece-19/page-3.png""]"
"musp_95","19","Beethoven","Symphony No. 2, movement 1","At what time is the dominant chord with respect to the home key first played?","P","","Long","Timestamp","Timestamp in M:SS or MM:SS (rounded down)","Single","[""00:37"", ""02:14"", ""11:05""]","[""00:16""]","inputs/abc/piece-19.abc","inputs/midi_performance_event_text/piece-19.txt","inputs/abc_plus_midi/piece-19.abc","https://zenodo.org/records/20344500/files/BSED.zip?download=1","inputs/pdf/without_context/piece-19.pdf","[""inputs/images/piece-19/page-1.png"", ""inputs/images/piece-19/page-2.png"", ""inputs/images/piece-19/page-3.png""]"
"musp_96","19","Beethoven","Symphony No. 2, movement 1","At some point, the orchestra plays tutti. From what time onward?","P","","Long","Timestamp","Timestamp in M:SS or MM:SS (rounded down)","Single","[""00:37""]","[""00:17""]","inputs/abc/piece-19.abc","inputs/midi_performance_event_text/piece-19.txt","inputs/abc_plus_midi/piece-19.abc","https://zenodo.org/records/20344500/files/BSED.zip?download=1","inputs/pdf/without_context/piece-19.pdf","[""inputs/images/piece-19/page-1.png"", ""inputs/images/piece-19/page-2.png"", ""inputs/images/piece-19/page-3.png""]"
"musp_97","20","Beethoven","Symphony No. 2, movement 3","The first phrase can be seen as a period with an antecedent and a consequent. When does the consequent begin?","P","","Mid","Timestamp","Timestamp in M:SS or MM:SS (rounded down)","Single","[""00:37"", ""02:14"", ""11:05""]","[""00:05""]","inputs/abc/piece-20.abc","inputs/midi_performance_event_text/piece-20.txt","inputs/abc_plus_midi/piece-20.abc","https://zenodo.org/records/20344500/files/BSED.zip?download=1","inputs/pdf/without_context/piece-20.pdf","[""inputs/images/piece-20/page-1.png"", ""inputs/images/piece-20/page-2.png"", ""inputs/images/piece-20/page-3.png""]"
"musp_98","20","Beethoven","Symphony No. 2, movement 3","Which instrument plays the main melody, 0:11 onwards?","P","","Mid","Short text","Instrument name","Single","[""Piano""]","[""Violin"", ""first violin""]","inputs/abc/piece-20.abc","inputs/midi_performance_event_text/piece-20.txt","inputs/abc_plus_midi/piece-20.abc","https://zenodo.org/records/20344500/files/BSED.zip?download=1","inputs/pdf/without_context/piece-20.pdf","[""inputs/images/piece-20/page-1.png"", ""inputs/images/piece-20/page-2.png"", ""inputs/images/piece-20/page-3.png""]"
"musp_99","20","Beethoven","Symphony No. 2, movement 3","During the first 13 seconds of the piece, a melodic line is formed by the notes that are played forte. Which notes constitute this line? Only name the most prominently sounding pitches.","P","","Mid","Pitch","Pitch class without octave number","List ordered by appearance","[""Bb, F#, C""]","[""D, E, D, C#, D, D, E, A, G#, A""]","inputs/abc/piece-20.abc","inputs/midi_performance_event_text/piece-20.txt","inputs/abc_plus_midi/piece-20.abc","https://zenodo.org/records/20344500/files/BSED.zip?download=1","inputs/pdf/without_context/piece-20.pdf","[""inputs/images/piece-20/page-1.png"", ""inputs/images/piece-20/page-2.png"", ""inputs/images/piece-20/page-3.png""]"
"musp_100","20","Beethoven","Symphony No. 2, movement 3","Considering the patterns established by the end of the piece, what is the most likely next melodic pitch immediately after the recording? ","P","","Long","Pitch","Pitch class without octave number","Single","[""A"", ""G#""]","[""A"", """"]","inputs/abc/piece-20.abc","inputs/midi_performance_event_text/piece-20.txt","inputs/abc_plus_midi/piece-20.abc","https://zenodo.org/records/20344500/files/BSED.zip?download=1","inputs/pdf/without_context/piece-20.pdf","[""inputs/images/piece-20/page-1.png"", ""inputs/images/piece-20/page-2.png"", ""inputs/images/piece-20/page-3.png""]"
"musp_101","21","Beethoven","Symphony No. 4, movement 2","At what time do some instruments begin playing notes at twice their previous rate?","P","","Mid","Timestamp","Timestamp in M:SS or MM:SS (rounded down)","Single","[""00:37"", ""02:14"", ""11:05""]","[""00:18""]","inputs/abc/piece-21.abc","inputs/midi_performance_event_text/piece-21.txt","inputs/abc_plus_midi/piece-21.abc","inputs/audio/piece-21.wav","inputs/pdf/without_context/piece-21.pdf","[""inputs/images/piece-21/page-1.png"", ""inputs/images/piece-21/page-2.png""]"
"musp_102","21","Beethoven","Symphony No. 4, movement 2","At what time does the piece's longest diatonically descending line end?","P","","Long","Timestamp","Timestamp in M:SS or MM:SS (rounded down)","Single","[""00:37"", ""02:14"", ""11:05""]","[""00:19"", ""00:18""]","inputs/abc/piece-21.abc","inputs/midi_performance_event_text/piece-21.txt","inputs/abc_plus_midi/piece-21.abc","inputs/audio/piece-21.wav","inputs/pdf/without_context/piece-21.pdf","[""inputs/images/piece-21/page-1.png"", ""inputs/images/piece-21/page-2.png""]"
"musp_103","22","Beethoven","Symphony No. 5, movement 1","Which instrument(s) hold the final chord the longest?","P","","Short","Short text","Instrument name","List ordered alphabetically","[""Flutes, horns""]","[""Violins"", ""Violin"", ""Strings""]","inputs/abc/piece-22.abc","inputs/midi_performance_event_text/piece-22.txt","inputs/abc_plus_midi/piece-22.abc","inputs/audio/piece-22.wav","inputs/pdf/without_context/piece-22.pdf","[""inputs/images/piece-22/page-1.png"", ""inputs/images/piece-22/page-2.png""]"
"musp_104","22","Beethoven","Symphony No. 5, movement 1","From what timestamp onward does the orchestra cease playing only the same pitch classes in unison or at the octave?","P","","Long","Timestamp","Timestamp in M:SS or MM:SS (rounded down)","Single","[""00:37"", ""02:14"", ""11:05""]","[""00:10"", ""00:11""]","inputs/abc/piece-22.abc","inputs/midi_performance_event_text/piece-22.txt","inputs/abc_plus_midi/piece-22.abc","inputs/audio/piece-22.wav","inputs/pdf/without_context/piece-22.pdf","[""inputs/images/piece-22/page-1.png"", ""inputs/images/piece-22/page-2.png""]"
"musp_105","22","Beethoven","Symphony No. 5, movement 1","At what time does the orchestra suddenly start slowing down the most?","P","","Long","Timestamp","Timestamp in M:SS or MM:SS (rounded down)","Single","[""0:33""]","[""0:19""]","inputs/abc/piece-22.abc","inputs/midi_performance_event_text/piece-22.txt","inputs/abc_plus_midi/piece-22.abc","inputs/audio/piece-22.wav","inputs/pdf/without_context/piece-22.pdf","[""inputs/images/piece-22/page-1.png"", ""inputs/images/piece-22/page-2.png""]"
"musp_106","22","Beethoven","Symphony No. 5, movement 1","At approximately what time does the music reach and maintain the loudness level with which the final chord is played?","P","","Long","Timestamp","Timestamp in M:SS or MM:SS (rounded down)","Single","[""00:37"", ""02:14"", ""11:05""]","[""00:18"", ""00:19""]","inputs/abc/piece-22.abc","inputs/midi_performance_event_text/piece-22.txt","inputs/abc_plus_midi/piece-22.abc","inputs/audio/piece-22.wav","inputs/pdf/without_context/piece-22.pdf","[""inputs/images/piece-22/page-1.png"", ""inputs/images/piece-22/page-2.png""]"
"musp_107","23","Beethoven","Symphony No. 8, movement 2","What is the last note of the violin line, beginning at 0:05?","P","","Short","Pitch","Pitch class without octave number","Single","[""A"", ""G#"", ""Bb""]","[""F""]","inputs/abc/piece-23.abc","inputs/midi_performance_event_text/piece-23.txt","inputs/abc_plus_midi/piece-23.abc","https://zenodo.org/records/20344500/files/BSED.zip?download=1","inputs/pdf/without_context/piece-23.pdf","[""inputs/images/piece-23/page-1.png""]"
"musp_108","23","Beethoven","Symphony No. 8, movement 2","What ornamentation is used in the first half of the piece?","P","","Mid","Short text","Ornament","Single","[""trill""]","[""Turn""]","inputs/abc/piece-23.abc","inputs/midi_performance_event_text/piece-23.txt","inputs/abc_plus_midi/piece-23.abc","https://zenodo.org/records/20344500/files/BSED.zip?download=1","inputs/pdf/without_context/piece-23.pdf","[""inputs/images/piece-23/page-1.png""]"
"musp_109","23","Beethoven","Symphony No. 8, movement 2","In the beginning, two different sets of instruments play two contrasting melodies. When do these melodies overlap for the first time?","P","","Mid","Timestamp","Timestamp in M:SS or MM:SS (rounded down)","Single","[""02:54""]","[""00:00""]","inputs/abc/piece-23.abc","inputs/midi_performance_event_text/piece-23.txt","inputs/abc_plus_midi/piece-23.abc","https://zenodo.org/records/20344500/files/BSED.zip?download=1","inputs/pdf/without_context/piece-23.pdf","[""inputs/images/piece-23/page-1.png""]"
"musp_110","23","Beethoven","Symphony No. 8, movement 2","At some point, the orchestra starts engaging in a clear question-and-answer dialogue. At what times does it begin and end?","P","","Long","Timestamp","Timestamp in M:SS or MM:SS (rounded down)","Pair","[""00:37, 02:14""]","[""00:11, 00:17"", ""00:10, 00:17""]","inputs/abc/piece-23.abc","inputs/midi_performance_event_text/piece-23.txt","inputs/abc_plus_midi/piece-23.abc","https://zenodo.org/records/20344500/files/BSED.zip?download=1","inputs/pdf/without_context/piece-23.pdf","[""inputs/images/piece-23/page-1.png""]"
"musp_111","23","Beethoven","Symphony No. 8, movement 2","Considering the patterns established by the end of the piece, what is the most likely next main-melody note that would be played immediately after the recording ends?","P","","Long","Key / tonality","Tonic pitch class without mode","Single","[""C"", ""F#"", ""Bb""]","[""E""]","inputs/abc/piece-23.abc","inputs/midi_performance_event_text/piece-23.txt","inputs/abc_plus_midi/piece-23.abc","https://zenodo.org/records/20344500/files/BSED.zip?download=1","inputs/pdf/without_context/piece-23.pdf","[""inputs/images/piece-23/page-1.png""]"
"musp_112","23","Beethoven","Symphony No. 8, movement 2","At what time is the second large crescendo (of two) in this fragment initiated?","P","","Long","Timestamp","Timestamp in M:SS or MM:SS (rounded down)","Single","[""00:37"", ""02:14"", ""11:05""]","[""00:05""]","inputs/abc/piece-23.abc","inputs/midi_performance_event_text/piece-23.txt","inputs/abc_plus_midi/piece-23.abc","https://zenodo.org/records/20344500/files/BSED.zip?download=1","inputs/pdf/without_context/piece-23.pdf","[""inputs/images/piece-23/page-1.png""]"
"musp_113","24","Beethoven","Symphony No. 9, movement 1","Starting at 0:14, the strings and wind instruments exchange melodic material. What are the notes of the sighs played by the flutes and oboes?","P","","Mid","Pitch","Pitch class without octave number","List ordered by appearance","[""C#, A, Bb""]","[""Bb, A, D, C#, F, E""]","inputs/abc/piece-24.abc","inputs/midi_performance_event_text/piece-24.txt","inputs/abc_plus_midi/piece-24.abc","inputs/audio/piece-24.wav","inputs/pdf/without_context/piece-24.pdf","[""inputs/images/piece-24/page-1.png"", ""inputs/images/piece-24/page-2.png""]"
"musp_114","6","Chopin","Ballade No. 1","What are the notes of the melodic line consisting of a sequence of sighs emphasized by the performer between 01:57 and 02:06, up until the F#3 appears in that line?","P","","Mid","Pitch","Pitch class without octave number","List ordered by appearance","[""A, G#, Bb""]","[""F, Eb, Eb, D, F, Eb, Eb, D, D, C, Bb, A, G, F#"", ""F, Eb, Eb, D, F, Eb, Eb, D, D, C, Bb, A, G""]","inputs/abc/piece-06.abc","inputs/midi_performance_event_text/piece-06.txt","inputs/abc_plus_midi/piece-06.abc","inputs/audio/piece-06.wav","inputs/pdf/without_context/piece-06.pdf","[""inputs/images/piece-06/page-01.png"", ""inputs/images/piece-06/page-02.png"", ""inputs/images/piece-06/page-03.png"", ""inputs/images/piece-06/page-04.png"", ""inputs/images/piece-06/page-05.png"", ""inputs/images/piece-06/page-06.png"", ""inputs/images/piece-06/page-07.png"", ""inputs/images/piece-06/page-08.png"", ""inputs/images/piece-06/page-09.png"", ""inputs/images/piece-06/page-10.png"", ""inputs/images/piece-06/page-11.png"", ""inputs/images/piece-06/page-12.png"", ""inputs/images/piece-06/page-13.png"", ""inputs/images/piece-06/page-14.png"", ""inputs/images/piece-06/page-15.png"", ""inputs/images/piece-06/page-16.png"", ""inputs/images/piece-06/page-17.png""]"
"musp_115","6","Chopin","Ballade No. 1","At what timestamp does the final fff-outburst begin?","P","","Mid","Timestamp","Timestamp in M:SS or MM:SS (rounded down)","Single","[""02:54""]","[""08:44"", ""08:42""]","inputs/abc/piece-06.abc","inputs/midi_performance_event_text/piece-06.txt","inputs/abc_plus_midi/piece-06.abc","inputs/audio/piece-06.wav","inputs/pdf/without_context/piece-06.pdf","[""inputs/images/piece-06/page-01.png"", ""inputs/images/piece-06/page-02.png"", ""inputs/images/piece-06/page-03.png"", ""inputs/images/piece-06/page-04.png"", ""inputs/images/piece-06/page-05.png"", ""inputs/images/piece-06/page-06.png"", ""inputs/images/piece-06/page-07.png"", ""inputs/images/piece-06/page-08.png"", ""inputs/images/piece-06/page-09.png"", ""inputs/images/piece-06/page-10.png"", ""inputs/images/piece-06/page-11.png"", ""inputs/images/piece-06/page-12.png"", ""inputs/images/piece-06/page-13.png"", ""inputs/images/piece-06/page-14.png"", ""inputs/images/piece-06/page-15.png"", ""inputs/images/piece-06/page-16.png"", ""inputs/images/piece-06/page-17.png""]"
"musp_116","6","Chopin","Ballade No. 1","At 6:12, the performer establishes a particular intensity and character. At what exact time does the music undergo its most significant change in harmonic color before 6:40?
","P","","Mid","Timestamp","Timestamp in M:SS or MM:SS (rounded down)","Single","[""6:39""]","[""06:31""]","inputs/abc/piece-06.abc","inputs/midi_performance_event_text/piece-06.txt","inputs/abc_plus_midi/piece-06.abc","inputs/audio/piece-06.wav","inputs/pdf/without_context/piece-06.pdf","[""inputs/images/piece-06/page-01.png"", ""inputs/images/piece-06/page-02.png"", ""inputs/images/piece-06/page-03.png"", ""inputs/images/piece-06/page-04.png"", ""inputs/images/piece-06/page-05.png"", ""inputs/images/piece-06/page-06.png"", ""inputs/images/piece-06/page-07.png"", ""inputs/images/piece-06/page-08.png"", ""inputs/images/piece-06/page-09.png"", ""inputs/images/piece-06/page-10.png"", ""inputs/images/piece-06/page-11.png"", ""inputs/images/piece-06/page-12.png"", ""inputs/images/piece-06/page-13.png"", ""inputs/images/piece-06/page-14.png"", ""inputs/images/piece-06/page-15.png"", ""inputs/images/piece-06/page-16.png"", ""inputs/images/piece-06/page-17.png""]"
"musp_117","6","Chopin","Ballade No. 1","Which specific notes form the short middle voice highlighted by the performer between 3:37 and 3:43?","P","","Mid","Pitch","Pitch with octave number","List ordered by appearance","[""A4, G#3, Bb2""]","[""Db4, Cb4, Bb3""]","inputs/abc/piece-06.abc","inputs/midi_performance_event_text/piece-06.txt","inputs/abc_plus_midi/piece-06.abc","inputs/audio/piece-06.wav","inputs/pdf/without_context/piece-06.pdf","[""inputs/images/piece-06/page-01.png"", ""inputs/images/piece-06/page-02.png"", ""inputs/images/piece-06/page-03.png"", ""inputs/images/piece-06/page-04.png"", ""inputs/images/piece-06/page-05.png"", ""inputs/images/piece-06/page-06.png"", ""inputs/images/piece-06/page-07.png"", ""inputs/images/piece-06/page-08.png"", ""inputs/images/piece-06/page-09.png"", ""inputs/images/piece-06/page-10.png"", ""inputs/images/piece-06/page-11.png"", ""inputs/images/piece-06/page-12.png"", ""inputs/images/piece-06/page-13.png"", ""inputs/images/piece-06/page-14.png"", ""inputs/images/piece-06/page-15.png"", ""inputs/images/piece-06/page-16.png"", ""inputs/images/piece-06/page-17.png""]"
"musp_118","6","Chopin","Ballade No. 1","The performer uses a decrescendo paired with an extensive rubato during the melody starting at 5:46. At what time does the performance return to the passage's faster tempo after this rubato (somewhere before 6:12)?","P","","Long","Timestamp","Timestamp in M:SS or MM:SS (rounded down)","Single","[""0:19""]","[""5:59"", ""6:00""]","inputs/abc/piece-06.abc","inputs/midi_performance_event_text/piece-06.txt","inputs/abc_plus_midi/piece-06.abc","inputs/audio/piece-06.wav","inputs/pdf/without_context/piece-06.pdf","[""inputs/images/piece-06/page-01.png"", ""inputs/images/piece-06/page-02.png"", ""inputs/images/piece-06/page-03.png"", ""inputs/images/piece-06/page-04.png"", ""inputs/images/piece-06/page-05.png"", ""inputs/images/piece-06/page-06.png"", ""inputs/images/piece-06/page-07.png"", ""inputs/images/piece-06/page-08.png"", ""inputs/images/piece-06/page-09.png"", ""inputs/images/piece-06/page-10.png"", ""inputs/images/piece-06/page-11.png"", ""inputs/images/piece-06/page-12.png"", ""inputs/images/piece-06/page-13.png"", ""inputs/images/piece-06/page-14.png"", ""inputs/images/piece-06/page-15.png"", ""inputs/images/piece-06/page-16.png"", ""inputs/images/piece-06/page-17.png""]"
"musp_119","6","Chopin","Ballade No. 1","Starting at what time is a continuous, fully chromatic scale (i.e. playing every note of the piano) going from G3 to C7 heard?","P","","Long","Timestamp","Timestamp in M:SS or MM:SS (rounded down)","Single","[""0:37"", ""02:14"", ""11:05""]","[""8:01""]","inputs/abc/piece-06.abc","inputs/midi_performance_event_text/piece-06.txt","inputs/abc_plus_midi/piece-06.abc","inputs/audio/piece-06.wav","inputs/pdf/without_context/piece-06.pdf","[""inputs/images/piece-06/page-01.png"", ""inputs/images/piece-06/page-02.png"", ""inputs/images/piece-06/page-03.png"", ""inputs/images/piece-06/page-04.png"", ""inputs/images/piece-06/page-05.png"", ""inputs/images/piece-06/page-06.png"", ""inputs/images/piece-06/page-07.png"", ""inputs/images/piece-06/page-08.png"", ""inputs/images/piece-06/page-09.png"", ""inputs/images/piece-06/page-10.png"", ""inputs/images/piece-06/page-11.png"", ""inputs/images/piece-06/page-12.png"", ""inputs/images/piece-06/page-13.png"", ""inputs/images/piece-06/page-14.png"", ""inputs/images/piece-06/page-15.png"", ""inputs/images/piece-06/page-16.png"", ""inputs/images/piece-06/page-17.png""]"
"musp_120","7","Chopin","Etude Op. 10 No. 4","Which beat of the bar played between 00:14 and 00:15 is not to be played with an arpeggio?","P","","Short","Bar / beat","Beat number (digits)","Single","[""8""]","[""4""]","inputs/abc/piece-07.abc","inputs/midi_performance_event_text/piece-07.txt","inputs/abc_plus_midi/piece-07.abc","inputs/audio/piece-07.wav","inputs/pdf/without_context/piece-07.pdf","[""inputs/images/piece-07/page-1.png"", ""inputs/images/piece-07/page-2.png"", ""inputs/images/piece-07/page-3.png"", ""inputs/images/piece-07/page-4.png"", ""inputs/images/piece-07/page-5.png"", ""inputs/images/piece-07/page-6.png"", ""inputs/images/piece-07/page-7.png"", ""inputs/images/piece-07/page-8.png""]"
"musp_121","7","Chopin","Etude Op. 10 No. 4","What is the melody starting at 1:31 until the immediately following cadence? Provide all the notes up until the arrival point of the authentic cadence (inclusive).","P","","Mid","Pitch","Pitch class without octave number","List ordered by appearance","[""Bb, F#, C""]","[""G#, A, G#, C#, E, G#, C#, A, B#, C#"", ""F#, G#, A, G#, C#, E, G#, C#, A, B#, C#""]","inputs/abc/piece-07.abc","inputs/midi_performance_event_text/piece-07.txt","inputs/abc_plus_midi/piece-07.abc","inputs/audio/piece-07.wav","inputs/pdf/without_context/piece-07.pdf","[""inputs/images/piece-07/page-1.png"", ""inputs/images/piece-07/page-2.png"", ""inputs/images/piece-07/page-3.png"", ""inputs/images/piece-07/page-4.png"", ""inputs/images/piece-07/page-5.png"", ""inputs/images/piece-07/page-6.png"", ""inputs/images/piece-07/page-7.png"", ""inputs/images/piece-07/page-8.png""]"
"musp_122","7","Chopin","Etude Op. 10 No. 4","At some point there is an E melodic minor descending scale spanning an octave audible in the upper voice. When does it start and when does it end?","P","","Long","Timestamp","Timestamp in M:SS or MM:SS (rounded down)","Pair","[""0:37, 02:14""]","[""00:41, 00:43"", ""00:41, 00:44""]","inputs/abc/piece-07.abc","inputs/midi_performance_event_text/piece-07.txt","inputs/abc_plus_midi/piece-07.abc","inputs/audio/piece-07.wav","inputs/pdf/without_context/piece-07.pdf","[""inputs/images/piece-07/page-1.png"", ""inputs/images/piece-07/page-2.png"", ""inputs/images/piece-07/page-3.png"", ""inputs/images/piece-07/page-4.png"", ""inputs/images/piece-07/page-5.png"", ""inputs/images/piece-07/page-6.png"", ""inputs/images/piece-07/page-7.png"", ""inputs/images/piece-07/page-8.png""]"
"musp_123","7","Chopin","Etude Op. 10 No. 4","What is the approximate BPM, based on the pulse maintained by the performer throughout the piece? 70, 85, 100, 115, 130, 145, 160, 175, 190, 205, 220, 235","P","","Long","Choice","One choice copied exactly from the question","Single","[]","[""175""]","inputs/abc/piece-07.abc","inputs/midi_performance_event_text/piece-07.txt","inputs/abc_plus_midi/piece-07.abc","inputs/audio/piece-07.wav","inputs/pdf/without_context/piece-07.pdf","[""inputs/images/piece-07/page-1.png"", ""inputs/images/piece-07/page-2.png"", ""inputs/images/piece-07/page-3.png"", ""inputs/images/piece-07/page-4.png"", ""inputs/images/piece-07/page-5.png"", ""inputs/images/piece-07/page-6.png"", ""inputs/images/piece-07/page-7.png"", ""inputs/images/piece-07/page-8.png""]"
"musp_124","7","Chopin","Etude Op. 10 No. 4","At which times is the main theme played, though it may have a different ending? Provide the start times in terms of when the tonic/scale degree 1 is first played.","P","","Long","Timestamp","Timestamp in M:SS or MM:SS (rounded down)","List ordered by appearance","[""00:20, 01:30""]","[""00:01, 00:12, 01:07, 01:18"", ""00:01, 00:11, 01:07, 01:18"", ""00:01, 00:11, 01:07, 01:17"", ""00:01, 00:12, 01:07, 01:17""]","inputs/abc/piece-07.abc","inputs/midi_performance_event_text/piece-07.txt","inputs/abc_plus_midi/piece-07.abc","inputs/audio/piece-07.wav","inputs/pdf/without_context/piece-07.pdf","[""inputs/images/piece-07/page-1.png"", ""inputs/images/piece-07/page-2.png"", ""inputs/images/piece-07/page-3.png"", ""inputs/images/piece-07/page-4.png"", ""inputs/images/piece-07/page-5.png"", ""inputs/images/piece-07/page-6.png"", ""inputs/images/piece-07/page-7.png"", ""inputs/images/piece-07/page-8.png""]"
"musp_125","8","Debussy","Reflets dans l'eau","Which four notes form the main melody through 1:15-1:20?","P","","Short","Pitch","Pitch with octave number","List ordered by appearance","[""A4, G#3, Bb2""]","[""F5, Fb5, Eb5, D5""]","inputs/abc/piece-08.abc","inputs/midi_performance_event_text/piece-08.txt","inputs/abc_plus_midi/piece-08.abc","inputs/audio/piece-08.wav","inputs/pdf/without_context/piece-08.pdf","[""inputs/images/piece-08/page-1.png"", ""inputs/images/piece-08/page-2.png"", ""inputs/images/piece-08/page-3.png"", ""inputs/images/piece-08/page-4.png"", ""inputs/images/piece-08/page-5.png"", ""inputs/images/piece-08/page-6.png"", ""inputs/images/piece-08/page-7.png"", ""inputs/images/piece-08/page-8.png"", ""inputs/images/piece-08/page-9.png""]"
"musp_126","8","Debussy","Reflets dans l'eau","Within the first 26 seconds of the piece, the performer brings out a melodic line that emerges distinctly from the gently flowing texture beneath it. Which notes make up this melody?","P","","Mid","Pitch","Pitch class without octave number","List ordered by appearance","[""A, G#, Bb""]","[""Ab, F, Eb"", ""Ab, F, Eb, Ab, F, Eb"", ""Ab, F, Eb, Bb, Ab, F, Eb, Bb"", ""G#, F, D#, A#, F, D#, A#""]","inputs/abc/piece-08.abc","inputs/midi_performance_event_text/piece-08.txt","inputs/abc_plus_midi/piece-08.abc","inputs/audio/piece-08.wav","inputs/pdf/without_context/piece-08.pdf","[""inputs/images/piece-08/page-1.png"", ""inputs/images/piece-08/page-2.png"", ""inputs/images/piece-08/page-3.png"", ""inputs/images/piece-08/page-4.png"", ""inputs/images/piece-08/page-5.png"", ""inputs/images/piece-08/page-6.png"", ""inputs/images/piece-08/page-7.png"", ""inputs/images/piece-08/page-8.png"", ""inputs/images/piece-08/page-9.png""]"
"musp_127","8","Debussy","Reflets dans l'eau","The melody sounding on the foreground in 3:00-3:01 is played at three different registers before 3:12. Rank the occurrences of this melody from lowest register to highest register. For example, if the first time it is played, it is played the lowest, and the third time, the highest, write '1, 2, 3'. If the melody is doubled, take only the highest voice in consideration.","P","","Mid","Category label","Given label written in full","List","[""1, 2, 3""]","[""2, 3, 1""]","inputs/abc/piece-08.abc","inputs/midi_performance_event_text/piece-08.txt","inputs/abc_plus_midi/piece-08.abc","inputs/audio/piece-08.wav","inputs/pdf/without_context/piece-08.pdf","[""inputs/images/piece-08/page-1.png"", ""inputs/images/piece-08/page-2.png"", ""inputs/images/piece-08/page-3.png"", ""inputs/images/piece-08/page-4.png"", ""inputs/images/piece-08/page-5.png"", ""inputs/images/piece-08/page-6.png"", ""inputs/images/piece-08/page-7.png"", ""inputs/images/piece-08/page-8.png"", ""inputs/images/piece-08/page-9.png""]"
"musp_128","8","Debussy","Reflets dans l'eau","Starting at 1:40, the composer introduces a melodic-rhythmic motif consisting of four notes: C, Db, Bb, C. That motif is developed. Which bass note marks the beginning of a new passage, concluding the development of the motif?","P","","Mid","Pitch","Pitch with octave number","Single","[""A4"", ""G#3"", ""Bb2""]","[""Ab2""]","inputs/abc/piece-08.abc","inputs/midi_performance_event_text/piece-08.txt","inputs/abc_plus_midi/piece-08.abc","inputs/audio/piece-08.wav","inputs/pdf/without_context/piece-08.pdf","[""inputs/images/piece-08/page-1.png"", ""inputs/images/piece-08/page-2.png"", ""inputs/images/piece-08/page-3.png"", ""inputs/images/piece-08/page-4.png"", ""inputs/images/piece-08/page-5.png"", ""inputs/images/piece-08/page-6.png"", ""inputs/images/piece-08/page-7.png"", ""inputs/images/piece-08/page-8.png"", ""inputs/images/piece-08/page-9.png""]"
"musp_129","8","Debussy","Reflets dans l'eau","In the cadenza-like passage from 1:11 to 1:52, at what time does the music first reach its darkest and most mysterious character?","P","","Long","Timestamp","Timestamp in M:SS or MM:SS (rounded down)","Single","[""01:30""]","[""01:24""]","inputs/abc/piece-08.abc","inputs/midi_performance_event_text/piece-08.txt","inputs/abc_plus_midi/piece-08.abc","inputs/audio/piece-08.wav","inputs/pdf/without_context/piece-08.pdf","[""inputs/images/piece-08/page-1.png"", ""inputs/images/piece-08/page-2.png"", ""inputs/images/piece-08/page-3.png"", ""inputs/images/piece-08/page-4.png"", ""inputs/images/piece-08/page-5.png"", ""inputs/images/piece-08/page-6.png"", ""inputs/images/piece-08/page-7.png"", ""inputs/images/piece-08/page-8.png"", ""inputs/images/piece-08/page-9.png""]"
"musp_130","9","Glinka","The Lark","In the cadenza-passage that starts at 2:22 reaches its lowest point with a forceful F1. Right after the arrival of which note is this F1 lifted? In other words, on which note does the performer release the pedal that contains this F1?","P","","Mid","Pitch","Pitch class without octave number","Single","[""A"", ""G#"", ""Bb""]","[""E""]","inputs/abc/piece-09.abc","inputs/midi_performance_event_text/piece-09.txt","inputs/abc_plus_midi/piece-09.abc","inputs/audio/piece-09.wav","inputs/pdf/without_context/piece-09.pdf","[""inputs/images/piece-09/page-1.png"", ""inputs/images/piece-09/page-2.png"", ""inputs/images/piece-09/page-3.png"", ""inputs/images/piece-09/page-4.png"", ""inputs/images/piece-09/page-5.png"", ""inputs/images/piece-09/page-6.png"", ""inputs/images/piece-09/page-7.png""]"
"musp_131","9","Glinka","The Lark","After the introduction in which two characters alternate, at what time does the first complete statement of the sung melody begin?","P","","Long","Timestamp","Timestamp in M:SS or MM:SS (rounded down)","Single","[""0:37"", ""02:14"", ""11:05""]","[""1:05""]","inputs/abc/piece-09.abc","inputs/midi_performance_event_text/piece-09.txt","inputs/abc_plus_midi/piece-09.abc","inputs/audio/piece-09.wav","inputs/pdf/without_context/piece-09.pdf","[""inputs/images/piece-09/page-1.png"", ""inputs/images/piece-09/page-2.png"", ""inputs/images/piece-09/page-3.png"", ""inputs/images/piece-09/page-4.png"", ""inputs/images/piece-09/page-5.png"", ""inputs/images/piece-09/page-6.png"", ""inputs/images/piece-09/page-7.png""]"
"musp_132","9","Glinka","The Lark","At what time does the first complete variation of the main melody begin?","P","","Long","Timestamp","Timestamp in M:SS or MM:SS (rounded down)","Single","[""0:37"", ""02:14"", ""11:05""]","[""2:47""]","inputs/abc/piece-09.abc","inputs/midi_performance_event_text/piece-09.txt","inputs/abc_plus_midi/piece-09.abc","inputs/audio/piece-09.wav","inputs/pdf/without_context/piece-09.pdf","[""inputs/images/piece-09/page-1.png"", ""inputs/images/piece-09/page-2.png"", ""inputs/images/piece-09/page-3.png"", ""inputs/images/piece-09/page-4.png"", ""inputs/images/piece-09/page-5.png"", ""inputs/images/piece-09/page-6.png"", ""inputs/images/piece-09/page-7.png""]"
"musp_133","9","Glinka","The Lark","For a long time, the piece is mainly in a minor tonality. From what time onwards has the tonality definitely shifted to major?","P","","Long","Timestamp","Timestamp in M:SS or MM:SS (rounded down)","Single","[""0:37"", ""02:14"", ""11:05""]","[""4:58"", ""4:57""]","inputs/abc/piece-09.abc","inputs/midi_performance_event_text/piece-09.txt","inputs/abc_plus_midi/piece-09.abc","inputs/audio/piece-09.wav","inputs/pdf/without_context/piece-09.pdf","[""inputs/images/piece-09/page-1.png"", ""inputs/images/piece-09/page-2.png"", ""inputs/images/piece-09/page-3.png"", ""inputs/images/piece-09/page-4.png"", ""inputs/images/piece-09/page-5.png"", ""inputs/images/piece-09/page-6.png"", ""inputs/images/piece-09/page-7.png""]"
"musp_134","10","Haydn","Keyboard Sonata 48, movement 2","The phrase that starts at 00:24 goes on and builds toward which upper-voice melodic note? I.e., where does the last culmination within that phrase take place?","P","","Mid","Pitch","Pitch with octave number","Single","[""A4"", ""G#3"", ""Bb2""]","[""D6""]","inputs/abc/piece-10.abc","inputs/midi_performance_event_text/piece-10.txt","inputs/abc_plus_midi/piece-10.abc","inputs/audio/piece-10.wav","inputs/pdf/without_context/piece-10.pdf","[""inputs/images/piece-10/page-1.png"", ""inputs/images/piece-10/page-2.png"", ""inputs/images/piece-10/page-3.png"", ""inputs/images/piece-10/page-4.png"", ""inputs/images/piece-10/page-5.png"", ""inputs/images/piece-10/page-6.png"", ""inputs/images/piece-10/page-7.png"", ""inputs/images/piece-10/page-8.png""]"
"musp_135","10","Haydn","Keyboard Sonata 48, movement 2","At what point in the passage between 3:21 and 3:47 does the performer suddenly start playing more softly for a few seconds?","P","","Mid","Timestamp","Timestamp in M:SS or MM:SS (rounded down)","Single","[""3:46""]","[""3:39"", ""3:40""]","inputs/abc/piece-10.abc","inputs/midi_performance_event_text/piece-10.txt","inputs/abc_plus_midi/piece-10.abc","inputs/audio/piece-10.wav","inputs/pdf/without_context/piece-10.pdf","[""inputs/images/piece-10/page-1.png"", ""inputs/images/piece-10/page-2.png"", ""inputs/images/piece-10/page-3.png"", ""inputs/images/piece-10/page-4.png"", ""inputs/images/piece-10/page-5.png"", ""inputs/images/piece-10/page-6.png"", ""inputs/images/piece-10/page-7.png"", ""inputs/images/piece-10/page-8.png""]"
"musp_136","10","Haydn","Keyboard Sonata 48, movement 2","At what time between 1:37 and 2:42 does the music become darkest and most restlessly melancholic, conveying a sense of trouble, confusion, or anger? Identify the beginning of the passage that matches this description the closest. ","P","","Long","Timestamp","Timestamp in M:SS or MM:SS (rounded down)","Single","[""2:00""]","[""1:59"", ""2:00""]","inputs/abc/piece-10.abc","inputs/midi_performance_event_text/piece-10.txt","inputs/abc_plus_midi/piece-10.abc","inputs/audio/piece-10.wav","inputs/pdf/without_context/piece-10.pdf","[""inputs/images/piece-10/page-1.png"", ""inputs/images/piece-10/page-2.png"", ""inputs/images/piece-10/page-3.png"", ""inputs/images/piece-10/page-4.png"", ""inputs/images/piece-10/page-5.png"", ""inputs/images/piece-10/page-6.png"", ""inputs/images/piece-10/page-7.png"", ""inputs/images/piece-10/page-8.png""]"
"musp_137","11","Liszt","Ballade No. 2","Following the opening rumble and its buildup of tension, at what timestamp within the first minute does the music first take on a very different, contemplative and relieved character?","P","","Long","Timestamp","Timestamp in M:SS or MM:SS (rounded down)","Single","[""02:21""]","[""00:51"", ""00:55"", ""0:50"", ""0:56""]","inputs/abc/piece-11.abc","inputs/midi_performance_event_text/piece-11.txt","inputs/abc_plus_midi/piece-11.abc","inputs/audio/piece-11.wav","inputs/pdf/without_context/piece-11.pdf","[""inputs/images/piece-11/page-01.png"", ""inputs/images/piece-11/page-02.png"", ""inputs/images/piece-11/page-03.png"", ""inputs/images/piece-11/page-04.png"", ""inputs/images/piece-11/page-05.png"", ""inputs/images/piece-11/page-06.png"", ""inputs/images/piece-11/page-07.png"", ""inputs/images/piece-11/page-08.png"", ""inputs/images/piece-11/page-09.png"", ""inputs/images/piece-11/page-10.png"", ""inputs/images/piece-11/page-11.png"", ""inputs/images/piece-11/page-12.png"", ""inputs/images/piece-11/page-13.png"", ""inputs/images/piece-11/page-14.png"", ""inputs/images/piece-11/page-15.png"", ""inputs/images/piece-11/page-16.png"", ""inputs/images/piece-11/page-17.png"", ""inputs/images/piece-11/page-18.png"", ""inputs/images/piece-11/page-19.png"", ""inputs/images/piece-11/page-20.png"", ""inputs/images/piece-11/page-21.png"", ""inputs/images/piece-11/page-22.png"", ""inputs/images/piece-11/page-23.png"", ""inputs/images/piece-11/page-24.png""]"
"musp_138","11","Liszt","Ballade No. 2","A passage featuring numerous scales begins around 11:09. At what timestamp does this scale section end, marking the conclusion of the final scale played simultaneously by both hands?","P","","Long","Timestamp","Timestamp in M:SS or MM:SS (rounded down)","Single","[""0:37"", ""02:14"", ""11:05""]","[""11:28""]","inputs/abc/piece-11.abc","inputs/midi_performance_event_text/piece-11.txt","inputs/abc_plus_midi/piece-11.abc","inputs/audio/piece-11.wav","inputs/pdf/without_context/piece-11.pdf","[""inputs/images/piece-11/page-01.png"", ""inputs/images/piece-11/page-02.png"", ""inputs/images/piece-11/page-03.png"", ""inputs/images/piece-11/page-04.png"", ""inputs/images/piece-11/page-05.png"", ""inputs/images/piece-11/page-06.png"", ""inputs/images/piece-11/page-07.png"", ""inputs/images/piece-11/page-08.png"", ""inputs/images/piece-11/page-09.png"", ""inputs/images/piece-11/page-10.png"", ""inputs/images/piece-11/page-11.png"", ""inputs/images/piece-11/page-12.png"", ""inputs/images/piece-11/page-13.png"", ""inputs/images/piece-11/page-14.png"", ""inputs/images/piece-11/page-15.png"", ""inputs/images/piece-11/page-16.png"", ""inputs/images/piece-11/page-17.png"", ""inputs/images/piece-11/page-18.png"", ""inputs/images/piece-11/page-19.png"", ""inputs/images/piece-11/page-20.png"", ""inputs/images/piece-11/page-21.png"", ""inputs/images/piece-11/page-22.png"", ""inputs/images/piece-11/page-23.png"", ""inputs/images/piece-11/page-24.png""]"
"musp_139","11","Liszt","Ballade No. 2","Starting at 2:34, an earlier melody is repeated. How many semitones higher or lower is this melody compared to the first time it is played, earlier in the piece?","P","","Long","Integer","Signed integer","Single","[""-2"", ""+4""]","[""-1""]","inputs/abc/piece-11.abc","inputs/midi_performance_event_text/piece-11.txt","inputs/abc_plus_midi/piece-11.abc","inputs/audio/piece-11.wav","inputs/pdf/without_context/piece-11.pdf","[""inputs/images/piece-11/page-01.png"", ""inputs/images/piece-11/page-02.png"", ""inputs/images/piece-11/page-03.png"", ""inputs/images/piece-11/page-04.png"", ""inputs/images/piece-11/page-05.png"", ""inputs/images/piece-11/page-06.png"", ""inputs/images/piece-11/page-07.png"", ""inputs/images/piece-11/page-08.png"", ""inputs/images/piece-11/page-09.png"", ""inputs/images/piece-11/page-10.png"", ""inputs/images/piece-11/page-11.png"", ""inputs/images/piece-11/page-12.png"", ""inputs/images/piece-11/page-13.png"", ""inputs/images/piece-11/page-14.png"", ""inputs/images/piece-11/page-15.png"", ""inputs/images/piece-11/page-16.png"", ""inputs/images/piece-11/page-17.png"", ""inputs/images/piece-11/page-18.png"", ""inputs/images/piece-11/page-19.png"", ""inputs/images/piece-11/page-20.png"", ""inputs/images/piece-11/page-21.png"", ""inputs/images/piece-11/page-22.png"", ""inputs/images/piece-11/page-23.png"", ""inputs/images/piece-11/page-24.png""]"
"musp_140","11","Liszt","Ballade No. 2","From what time onwards is there a passage with a pronounced decisive character (for the first time)? Identify the timestamp of the first note of that passage.","P","","Long","Timestamp","Timestamp in M:SS or MM:SS (rounded down)","Single","[""02:54""]","[""3:07""]","inputs/abc/piece-11.abc","inputs/midi_performance_event_text/piece-11.txt","inputs/abc_plus_midi/piece-11.abc","inputs/audio/piece-11.wav","inputs/pdf/without_context/piece-11.pdf","[""inputs/images/piece-11/page-01.png"", ""inputs/images/piece-11/page-02.png"", ""inputs/images/piece-11/page-03.png"", ""inputs/images/piece-11/page-04.png"", ""inputs/images/piece-11/page-05.png"", ""inputs/images/piece-11/page-06.png"", ""inputs/images/piece-11/page-07.png"", ""inputs/images/piece-11/page-08.png"", ""inputs/images/piece-11/page-09.png"", ""inputs/images/piece-11/page-10.png"", ""inputs/images/piece-11/page-11.png"", ""inputs/images/piece-11/page-12.png"", ""inputs/images/piece-11/page-13.png"", ""inputs/images/piece-11/page-14.png"", ""inputs/images/piece-11/page-15.png"", ""inputs/images/piece-11/page-16.png"", ""inputs/images/piece-11/page-17.png"", ""inputs/images/piece-11/page-18.png"", ""inputs/images/piece-11/page-19.png"", ""inputs/images/piece-11/page-20.png"", ""inputs/images/piece-11/page-21.png"", ""inputs/images/piece-11/page-22.png"", ""inputs/images/piece-11/page-23.png"", ""inputs/images/piece-11/page-24.png""]"
"musp_141","11","Liszt","Ballade No. 2","Between 6:00 and a repeat of the rumble (the material with which the piece opens), at some point, the composer employs a technique called 'rhythmic augmentation'. Starting at what time is this technique effectively applied in the lowest voice?","P","","Long","Timestamp","Timestamp in M:SS or MM:SS (rounded down)","Single","[""0:37"", ""02:14"", ""11:05""]","[""6:14"", ""6:11""]","inputs/abc/piece-11.abc","inputs/midi_performance_event_text/piece-11.txt","inputs/abc_plus_midi/piece-11.abc","inputs/audio/piece-11.wav","inputs/pdf/without_context/piece-11.pdf","[""inputs/images/piece-11/page-01.png"", ""inputs/images/piece-11/page-02.png"", ""inputs/images/piece-11/page-03.png"", ""inputs/images/piece-11/page-04.png"", ""inputs/images/piece-11/page-05.png"", ""inputs/images/piece-11/page-06.png"", ""inputs/images/piece-11/page-07.png"", ""inputs/images/piece-11/page-08.png"", ""inputs/images/piece-11/page-09.png"", ""inputs/images/piece-11/page-10.png"", ""inputs/images/piece-11/page-11.png"", ""inputs/images/piece-11/page-12.png"", ""inputs/images/piece-11/page-13.png"", ""inputs/images/piece-11/page-14.png"", ""inputs/images/piece-11/page-15.png"", ""inputs/images/piece-11/page-16.png"", ""inputs/images/piece-11/page-17.png"", ""inputs/images/piece-11/page-18.png"", ""inputs/images/piece-11/page-19.png"", ""inputs/images/piece-11/page-20.png"", ""inputs/images/piece-11/page-21.png"", ""inputs/images/piece-11/page-22.png"", ""inputs/images/piece-11/page-23.png"", ""inputs/images/piece-11/page-24.png""]"
"musp_142","12","Mozart","Piano Sonata 12, movement 1","What are the four harmonic functions up until the F5 played at 00:05? ","P","","Short","Category label","Harmonic-function label written in full","List ordered by appearance","[""dominant, tonic""]","[""Tonic, secondary dominant, predominant, dominant"", ""Tonic, secondary dominant, subdominant, dominant"", ""tonic, dominant of the subdominant, subdominant, dominant"", ""Tonic, dominant of the subdominant, predominant, dominant""]","inputs/abc/piece-12.abc","inputs/midi_performance_event_text/piece-12.txt","inputs/abc_plus_midi/piece-12.abc","inputs/audio/piece-12.wav","inputs/pdf/without_context/piece-12.pdf","[""inputs/images/piece-12/page-1.png"", ""inputs/images/piece-12/page-2.png"", ""inputs/images/piece-12/page-3.png"", ""inputs/images/piece-12/page-4.png"", ""inputs/images/piece-12/page-5.png"", ""inputs/images/piece-12/page-6.png"", ""inputs/images/piece-12/page-7.png""]"
"musp_143","12","Mozart","Piano Sonata 12, movement 1","From 4:43 until the end, how many ornaments are played in the upper voice?","P","","Mid","Integer","Positive integer","Single","[""4""]","[""5""]","inputs/abc/piece-12.abc","inputs/midi_performance_event_text/piece-12.txt","inputs/abc_plus_midi/piece-12.abc","inputs/audio/piece-12.wav","inputs/pdf/without_context/piece-12.pdf","[""inputs/images/piece-12/page-1.png"", ""inputs/images/piece-12/page-2.png"", ""inputs/images/piece-12/page-3.png"", ""inputs/images/piece-12/page-4.png"", ""inputs/images/piece-12/page-5.png"", ""inputs/images/piece-12/page-6.png"", ""inputs/images/piece-12/page-7.png""]"
"musp_144","12","Mozart","Piano Sonata 12, movement 1","Name the three leading tones that drive the modulation between 3:18 and 3:33.","P","","Mid","Pitch","Pitch class without octave number","List ordered by appearance","[""G#, Bb, Fx""]","[""C#, B, A""]","inputs/abc/piece-12.abc","inputs/midi_performance_event_text/piece-12.txt","inputs/abc_plus_midi/piece-12.abc","inputs/audio/piece-12.wav","inputs/pdf/without_context/piece-12.pdf","[""inputs/images/piece-12/page-1.png"", ""inputs/images/piece-12/page-2.png"", ""inputs/images/piece-12/page-3.png"", ""inputs/images/piece-12/page-4.png"", ""inputs/images/piece-12/page-5.png"", ""inputs/images/piece-12/page-6.png"", ""inputs/images/piece-12/page-7.png""]"
"musp_145","12","Mozart","Piano Sonata 12, movement 1","At what time does the lyrical opening passage give way for a new character? Hint: it occurs before 00:26.","P","","Mid","Timestamp","Timestamp in M:SS or MM:SS (rounded down)","Single","[""0:37"", ""02:14"", ""11:05""]","[""00:14""]","inputs/abc/piece-12.abc","inputs/midi_performance_event_text/piece-12.txt","inputs/abc_plus_midi/piece-12.abc","inputs/audio/piece-12.wav","inputs/pdf/without_context/piece-12.pdf","[""inputs/images/piece-12/page-1.png"", ""inputs/images/piece-12/page-2.png"", ""inputs/images/piece-12/page-3.png"", ""inputs/images/piece-12/page-4.png"", ""inputs/images/piece-12/page-5.png"", ""inputs/images/piece-12/page-6.png"", ""inputs/images/piece-12/page-7.png""]"
"musp_146","12","Mozart","Piano Sonata 12, movement 1","When does the music become most dramatic/serious for the first time?","P","","Long","Timestamp","Timestamp in M:SS or MM:SS (rounded down)","Single","[""02:54""]","[""00:27"", ""00:26""]","inputs/abc/piece-12.abc","inputs/midi_performance_event_text/piece-12.txt","inputs/abc_plus_midi/piece-12.abc","inputs/audio/piece-12.wav","inputs/pdf/without_context/piece-12.pdf","[""inputs/images/piece-12/page-1.png"", ""inputs/images/piece-12/page-2.png"", ""inputs/images/piece-12/page-3.png"", ""inputs/images/piece-12/page-4.png"", ""inputs/images/piece-12/page-5.png"", ""inputs/images/piece-12/page-6.png"", ""inputs/images/piece-12/page-7.png""]"
"musp_147","13","Mozart","Piano Sonata 12, movement 3","Between 1:56 and 2:15, at some point, the performer loses the flow, resulting in some notes not coming out as well or in a timely manner. At what time does this happen?","P","","Mid","Timestamp","Timestamp in M:SS or MM:SS (rounded down)","Single","[""02:54""]","[""02:04"", ""02:05""]","inputs/abc/piece-13.abc","inputs/midi_performance_event_text/piece-13.txt","inputs/abc_plus_midi/piece-13.abc","inputs/audio/piece-13.wav","inputs/pdf/without_context/piece-13.pdf","[""inputs/images/piece-13/page-01.png"", ""inputs/images/piece-13/page-02.png"", ""inputs/images/piece-13/page-03.png"", ""inputs/images/piece-13/page-04.png"", ""inputs/images/piece-13/page-05.png"", ""inputs/images/piece-13/page-06.png"", ""inputs/images/piece-13/page-07.png"", ""inputs/images/piece-13/page-08.png"", ""inputs/images/piece-13/page-09.png"", ""inputs/images/piece-13/page-10.png""]"
"musp_148","13","Mozart","Piano Sonata 12, movement 3","Which passage first suggests a humorous character through a clucking-like accompaniment? Identify the start of the passage matching the description the closest.","P","","Long","Timestamp","Timestamp in M:SS or MM:SS (rounded down)","Single","[""0:37"", ""02:14"", ""11:05""]","[""00:16""]","inputs/abc/piece-13.abc","inputs/midi_performance_event_text/piece-13.txt","inputs/abc_plus_midi/piece-13.abc","inputs/audio/piece-13.wav","inputs/pdf/without_context/piece-13.pdf","[""inputs/images/piece-13/page-01.png"", ""inputs/images/piece-13/page-02.png"", ""inputs/images/piece-13/page-03.png"", ""inputs/images/piece-13/page-04.png"", ""inputs/images/piece-13/page-05.png"", ""inputs/images/piece-13/page-06.png"", ""inputs/images/piece-13/page-07.png"", ""inputs/images/piece-13/page-08.png"", ""inputs/images/piece-13/page-09.png"", ""inputs/images/piece-13/page-10.png""]"
"musp_149","13","Mozart","Piano Sonata 12, movement 3","At what time does the main theme in a minor tonality start?","P","","Long","Timestamp","Timestamp in M:SS or MM:SS (rounded down)","Single","[""0:37"", ""02:14"", ""11:05""]","[""1:46""]","inputs/abc/piece-13.abc","inputs/midi_performance_event_text/piece-13.txt","inputs/abc_plus_midi/piece-13.abc","inputs/audio/piece-13.wav","inputs/pdf/without_context/piece-13.pdf","[""inputs/images/piece-13/page-01.png"", ""inputs/images/piece-13/page-02.png"", ""inputs/images/piece-13/page-03.png"", ""inputs/images/piece-13/page-04.png"", ""inputs/images/piece-13/page-05.png"", ""inputs/images/piece-13/page-06.png"", ""inputs/images/piece-13/page-07.png"", ""inputs/images/piece-13/page-08.png"", ""inputs/images/piece-13/page-09.png"", ""inputs/images/piece-13/page-10.png""]"
"musp_150","14","Rachmaninoff","Prelude Op. 23 No. 4","How many seconds is the last D major chord played for? Round down.","P","","Short","Integer","Positive integer","Single","[""4""]","[""12""]","inputs/abc/piece-14.abc","inputs/midi_performance_event_text/piece-14.txt","inputs/abc_plus_midi/piece-14.abc","inputs/audio/piece-14.wav","inputs/pdf/without_context/piece-14.pdf","[""inputs/images/piece-14/page-1.png"", ""inputs/images/piece-14/page-2.png"", ""inputs/images/piece-14/page-3.png"", ""inputs/images/piece-14/page-4.png"", ""inputs/images/piece-14/page-5.png"", ""inputs/images/piece-14/page-6.png"", ""inputs/images/piece-14/page-7.png""]"
"musp_151","14","Rachmaninoff","Prelude Op. 23 No. 4","Ignoring minor differences, the main theme is played three times in full. At what timestamp does the first melodic note of the third complete statement of the main theme begin?","P","","Long","Timestamp","Timestamp in M:SS or MM:SS (rounded down)","Single","[""02:54""]","[""02:49"", ""2:49""]","inputs/abc/piece-14.abc","inputs/midi_performance_event_text/piece-14.txt","inputs/abc_plus_midi/piece-14.abc","inputs/audio/piece-14.wav","inputs/pdf/without_context/piece-14.pdf","[""inputs/images/piece-14/page-1.png"", ""inputs/images/piece-14/page-2.png"", ""inputs/images/piece-14/page-3.png"", ""inputs/images/piece-14/page-4.png"", ""inputs/images/piece-14/page-5.png"", ""inputs/images/piece-14/page-6.png"", ""inputs/images/piece-14/page-7.png""]"
"musp_152","14","Rachmaninoff","Prelude Op. 23 No. 4","What are the notes of the main melody up to its first A (inclusive), the first time the main melody is played?","P","","Long","Pitch","Pitch class without octave number","List ordered by appearance","[""Bb, Fx, C""]","[""F#, E, F#, B, C#, D, C#, D, E, F#, G, F#, G, D, E, F#, E, F#, G, G#, A""]","inputs/abc/piece-14.abc","inputs/midi_performance_event_text/piece-14.txt","inputs/abc_plus_midi/piece-14.abc","inputs/audio/piece-14.wav","inputs/pdf/without_context/piece-14.pdf","[""inputs/images/piece-14/page-1.png"", ""inputs/images/piece-14/page-2.png"", ""inputs/images/piece-14/page-3.png"", ""inputs/images/piece-14/page-4.png"", ""inputs/images/piece-14/page-5.png"", ""inputs/images/piece-14/page-6.png"", ""inputs/images/piece-14/page-7.png""]"
"musp_153","14","Rachmaninoff","Prelude Op. 23 No. 4","At what point does the music reach its quiet culmination, where the buildup of tension arrives at an expressive high point through a diminuendo, creating a sense of quiet release?","P","","Long","Timestamp","Timestamp in M:SS or MM:SS (rounded down)","Single","[""02:54""]","[""02:19"", ""02:20""]","inputs/abc/piece-14.abc","inputs/midi_performance_event_text/piece-14.txt","inputs/abc_plus_midi/piece-14.abc","inputs/audio/piece-14.wav","inputs/pdf/without_context/piece-14.pdf","[""inputs/images/piece-14/page-1.png"", ""inputs/images/piece-14/page-2.png"", ""inputs/images/piece-14/page-3.png"", ""inputs/images/piece-14/page-4.png"", ""inputs/images/piece-14/page-5.png"", ""inputs/images/piece-14/page-6.png"", ""inputs/images/piece-14/page-7.png""]"
"musp_154","14","Rachmaninoff","Prelude Op. 23 No. 4","At what time does the second complete statement of the piece's main theme begin? Refer to the onset of the first melodic note.","P","","Long","Timestamp","Timestamp in M:SS or MM:SS (rounded down)","Single","[""0:37"", ""02:14"", ""11:05""]","[""1:03""]","inputs/abc/piece-14.abc","inputs/midi_performance_event_text/piece-14.txt","inputs/abc_plus_midi/piece-14.abc","inputs/audio/piece-14.wav","inputs/pdf/without_context/piece-14.pdf","[""inputs/images/piece-14/page-1.png"", ""inputs/images/piece-14/page-2.png"", ""inputs/images/piece-14/page-3.png"", ""inputs/images/piece-14/page-4.png"", ""inputs/images/piece-14/page-5.png"", ""inputs/images/piece-14/page-6.png"", ""inputs/images/piece-14/page-7.png""]"
"musp_155","14","Rachmaninoff","Prelude Op. 23 No. 4","The beginning of the piece is seemingly peaceful and to be played with a singing tone. Within the first statement of the theme, at what time does the music reach its first dramatic moment?","P","","Long","Timestamp","Timestamp in M:SS or MM:SS (rounded down)","Single","[""0:37"", ""02:14"", ""11:05""]","[""0:33"", ""0:32""]","inputs/abc/piece-14.abc","inputs/midi_performance_event_text/piece-14.txt","inputs/abc_plus_midi/piece-14.abc","inputs/audio/piece-14.wav","inputs/pdf/without_context/piece-14.pdf","[""inputs/images/piece-14/page-1.png"", ""inputs/images/piece-14/page-2.png"", ""inputs/images/piece-14/page-3.png"", ""inputs/images/piece-14/page-4.png"", ""inputs/images/piece-14/page-5.png"", ""inputs/images/piece-14/page-6.png"", ""inputs/images/piece-14/page-7.png""]"
"musp_156","14","Rachmaninoff","Prelude Op. 23 No. 4","At what time does the piece reach its climax in terms of loudness, tension, and drama?","P","","Long","Timestamp","Timestamp in M:SS or MM:SS (rounded down)","Single","[""0:37"", ""02:14"", ""11:05""]","[""2:42""]","inputs/abc/piece-14.abc","inputs/midi_performance_event_text/piece-14.txt","inputs/abc_plus_midi/piece-14.abc","inputs/audio/piece-14.wav","inputs/pdf/without_context/piece-14.pdf","[""inputs/images/piece-14/page-1.png"", ""inputs/images/piece-14/page-2.png"", ""inputs/images/piece-14/page-3.png"", ""inputs/images/piece-14/page-4.png"", ""inputs/images/piece-14/page-5.png"", ""inputs/images/piece-14/page-6.png"", ""inputs/images/piece-14/page-7.png""]"
"musp_157","15","Schubert","Moment musical No. 3","Between 0:45 and 00:55, the performer begins emphasizing a secondary voice in the middle register. Which four notes make up this secondary melodic line?","P","","Mid","Pitch","Pitch with octave number","List ordered by appearance","[""A4, G#3, Bb2""]","[""Ab4, Gb4, F4, F4""]","inputs/abc/piece-15.abc","inputs/midi_performance_event_text/piece-15.txt","inputs/abc_plus_midi/piece-15.abc","inputs/audio/piece-15.wav","inputs/pdf/without_context/piece-15.pdf","[""inputs/images/piece-15/page-1.png"", ""inputs/images/piece-15/page-2.png""]"
"musp_158","15","Schubert","Moment musical No. 3","How many F3 bass notes are played truly staccato in the performance before 0:08 (i.e. not elongated in any way)?","P","","Mid","Integer","Positive integer","Single","[""4""]","[""9""]","inputs/abc/piece-15.abc","inputs/midi_performance_event_text/piece-15.txt","inputs/abc_plus_midi/piece-15.abc","inputs/audio/piece-15.wav","inputs/pdf/without_context/piece-15.pdf","[""inputs/images/piece-15/page-1.png"", ""inputs/images/piece-15/page-2.png""]"
"musp_159","15","Schubert","Moment musical No. 3","At what timestamp does the phrase beginning at 01:22 resolve through a cadence?","P","","Mid","Timestamp","Timestamp in M:SS or MM:SS (rounded down)","Single","[""00:23""]","[""1:30"", ""1:29""]","inputs/abc/piece-15.abc","inputs/midi_performance_event_text/piece-15.txt","inputs/abc_plus_midi/piece-15.abc","inputs/audio/piece-15.wav","inputs/pdf/without_context/piece-15.pdf","[""inputs/images/piece-15/page-1.png"", ""inputs/images/piece-15/page-2.png""]"
"musp_160","15","Schubert","Moment musical No. 3","What is the largest interval between two consecutive notes in the melody up until 00:12?","P","","Mid","Interval","Interval quality and size","Single","[""major third"", ""perfect fifth"", ""minor seventh""]","[""perfect fourth""]","inputs/abc/piece-15.abc","inputs/midi_performance_event_text/piece-15.txt","inputs/abc_plus_midi/piece-15.abc","inputs/audio/piece-15.wav","inputs/pdf/without_context/piece-15.pdf","[""inputs/images/piece-15/page-1.png"", ""inputs/images/piece-15/page-2.png""]"
"musp_161","15","Schubert","Moment musical No. 3","Near the end of the piece, from what time onward is the final chord repeatedly affirmed (i.e. from what time until the end is it played)?","P","","Mid","Timestamp","Timestamp in M:SS or MM:SS (rounded down)","Single","[""0:37"", ""02:14"", ""11:05""]","[""1:40""]","inputs/abc/piece-15.abc","inputs/midi_performance_event_text/piece-15.txt","inputs/abc_plus_midi/piece-15.abc","inputs/audio/piece-15.wav","inputs/pdf/without_context/piece-15.pdf","[""inputs/images/piece-15/page-1.png"", ""inputs/images/piece-15/page-2.png""]"
"musp_162","15","Schubert","Moment musical No. 3","Which specific note in the main theme stands out as the most playfully unexpected, creating the strongest sense of comic surprise?","P","","Long","Pitch","Pitch with octave number","Single","[""A4"", ""G#3"", ""Bb2""]","[""Bb5""]","inputs/abc/piece-15.abc","inputs/midi_performance_event_text/piece-15.txt","inputs/abc_plus_midi/piece-15.abc","inputs/audio/piece-15.wav","inputs/pdf/without_context/piece-15.pdf","[""inputs/images/piece-15/page-1.png"", ""inputs/images/piece-15/page-2.png""]"
"musp_163","15","Schubert","Moment musical No. 3","During the second presentation of the main theme, which five bass notes does the performer most emphasize?","P","","Long","Pitch","Pitch class without octave number","List ordered by appearance","[""A, G#, Fx""]","[""Db, C, Bb, C, C""]","inputs/abc/piece-15.abc","inputs/midi_performance_event_text/piece-15.txt","inputs/abc_plus_midi/piece-15.abc","inputs/audio/piece-15.wav","inputs/pdf/without_context/piece-15.pdf","[""inputs/images/piece-15/page-1.png"", ""inputs/images/piece-15/page-2.png""]"
"musp_164","15","Schubert","Moment musical No. 3","At what timestamps are the three themes played for the first time? List the start time of each theme.","P","","Long","Timestamp","Timestamp in M:SS or MM:SS (rounded down)","List ordered by appearance","[""00:23, 01:34, 02:56""]","[""0:03, 0:24, 0:45""]","inputs/abc/piece-15.abc","inputs/midi_performance_event_text/piece-15.txt","inputs/abc_plus_midi/piece-15.abc","inputs/audio/piece-15.wav","inputs/pdf/without_context/piece-15.pdf","[""inputs/images/piece-15/page-1.png"", ""inputs/images/piece-15/page-2.png""]"
"musp_165","15","Schubert","Moment musical No. 3","Compare the use of pedal between the first and third themes. Overall, does the third theme use more, less, or as much pedal as the first, and which soprano note is the first to be evidence/indication of this?","P","","Long","Composite","One choice copied exactly from the question and pitch with octave","Single","[""as much, A6""]","[""more, E5""]","inputs/abc/piece-15.abc","inputs/midi_performance_event_text/piece-15.txt","inputs/abc_plus_midi/piece-15.abc","inputs/audio/piece-15.wav","inputs/pdf/without_context/piece-15.pdf","[""inputs/images/piece-15/page-1.png"", ""inputs/images/piece-15/page-2.png""]"
"musp_166","16","Schumann","Arabeske Op. 18","In the first ten seconds of the piece, the performer shapes the phrasing toward two points of tension and release, creating a sense of appeasement. Which two notes serve as these points of arrival?","P","","Mid","Pitch","Pitch class without octave number","Pair","[""A, G#""]","[""F, G""]","inputs/abc/piece-16.abc","inputs/midi_performance_event_text/piece-16.txt","inputs/abc_plus_midi/piece-16.abc","inputs/audio/piece-16.wav","inputs/pdf/without_context/piece-16.pdf","[""inputs/images/piece-16/page-01.png"", ""inputs/images/piece-16/page-02.png"", ""inputs/images/piece-16/page-03.png"", ""inputs/images/piece-16/page-04.png"", ""inputs/images/piece-16/page-05.png"", ""inputs/images/piece-16/page-06.png"", ""inputs/images/piece-16/page-07.png"", ""inputs/images/piece-16/page-08.png"", ""inputs/images/piece-16/page-09.png"", ""inputs/images/piece-16/page-10.png""]"
"musp_167","16","Schumann","Arabeske Op. 18","Between 5:18 and 5:46, which soprano note does the performer repeatedly shape as a point of slight release within the short melodic gestures?","P","","Mid","Pitch","Pitch with octave number","Single","[""A4"", ""G#3"", ""Bb2""]","[""D5""]","inputs/abc/piece-16.abc","inputs/midi_performance_event_text/piece-16.txt","inputs/abc_plus_midi/piece-16.abc","inputs/audio/piece-16.wav","inputs/pdf/without_context/piece-16.pdf","[""inputs/images/piece-16/page-01.png"", ""inputs/images/piece-16/page-02.png"", ""inputs/images/piece-16/page-03.png"", ""inputs/images/piece-16/page-04.png"", ""inputs/images/piece-16/page-05.png"", ""inputs/images/piece-16/page-06.png"", ""inputs/images/piece-16/page-07.png"", ""inputs/images/piece-16/page-08.png"", ""inputs/images/piece-16/page-09.png"", ""inputs/images/piece-16/page-10.png""]"
"musp_168","16","Schumann","Arabeske Op. 18","The melodic line played between 1:28 and 1:34 is transposed a few seconds later. To which key?","P","","Mid","Key / tonality","Key (pitch class and mode)","Single","[""C major"", ""F#m"", ""Bb major""]","[""A minor"", ""Am""]","inputs/abc/piece-16.abc","inputs/midi_performance_event_text/piece-16.txt","inputs/abc_plus_midi/piece-16.abc","inputs/audio/piece-16.wav","inputs/pdf/without_context/piece-16.pdf","[""inputs/images/piece-16/page-01.png"", ""inputs/images/piece-16/page-02.png"", ""inputs/images/piece-16/page-03.png"", ""inputs/images/piece-16/page-04.png"", ""inputs/images/piece-16/page-05.png"", ""inputs/images/piece-16/page-06.png"", ""inputs/images/piece-16/page-07.png"", ""inputs/images/piece-16/page-08.png"", ""inputs/images/piece-16/page-09.png"", ""inputs/images/piece-16/page-10.png""]"
"musp_169","16","Schumann","Arabeske Op. 18","The last repetition of the main theme is initiated at what time?","P","","Long","Timestamp","Timestamp in M:SS or MM:SS (rounded down)","Single","[""02:54""]","[""4:55"", ""04:54""]","inputs/abc/piece-16.abc","inputs/midi_performance_event_text/piece-16.txt","inputs/abc_plus_midi/piece-16.abc","inputs/audio/piece-16.wav","inputs/pdf/without_context/piece-16.pdf","[""inputs/images/piece-16/page-01.png"", ""inputs/images/piece-16/page-02.png"", ""inputs/images/piece-16/page-03.png"", ""inputs/images/piece-16/page-04.png"", ""inputs/images/piece-16/page-05.png"", ""inputs/images/piece-16/page-06.png"", ""inputs/images/piece-16/page-07.png"", ""inputs/images/piece-16/page-08.png"", ""inputs/images/piece-16/page-09.png"", ""inputs/images/piece-16/page-10.png""]"
"musp_170","16","Schumann","Arabeske Op. 18","The passage starting at 0:53 develops a specific melody. At what timestamp does the iteration of this melody that reaches the passage's peak in drama and loudness start? Consider the music up until the end of the section, i.e. when this theme is no longer playing.","P","","Long","Timestamp","Timestamp in M:SS or MM:SS (rounded down)","Single","[""02:54""]","[""2:01""]","inputs/abc/piece-16.abc","inputs/midi_performance_event_text/piece-16.txt","inputs/abc_plus_midi/piece-16.abc","inputs/audio/piece-16.wav","inputs/pdf/without_context/piece-16.pdf","[""inputs/images/piece-16/page-01.png"", ""inputs/images/piece-16/page-02.png"", ""inputs/images/piece-16/page-03.png"", ""inputs/images/piece-16/page-04.png"", ""inputs/images/piece-16/page-05.png"", ""inputs/images/piece-16/page-06.png"", ""inputs/images/piece-16/page-07.png"", ""inputs/images/piece-16/page-08.png"", ""inputs/images/piece-16/page-09.png"", ""inputs/images/piece-16/page-10.png""]"
"musp_171","16","Schumann","Arabeske Op. 18","Three sections, each with distinct thematic material, precede 2:53. At which times do these start? Divide this passage into three, most coherent sections, according to their thematic material.","P","","Long","Timestamp","Timestamp in M:SS or MM:SS (rounded down)","List","[""0:37, 02:14, 11:05""]","[""00:00, 00:53, 2:15""]","inputs/abc/piece-16.abc","inputs/midi_performance_event_text/piece-16.txt","inputs/abc_plus_midi/piece-16.abc","inputs/audio/piece-16.wav","inputs/pdf/without_context/piece-16.pdf","[""inputs/images/piece-16/page-01.png"", ""inputs/images/piece-16/page-02.png"", ""inputs/images/piece-16/page-03.png"", ""inputs/images/piece-16/page-04.png"", ""inputs/images/piece-16/page-05.png"", ""inputs/images/piece-16/page-06.png"", ""inputs/images/piece-16/page-07.png"", ""inputs/images/piece-16/page-08.png"", ""inputs/images/piece-16/page-09.png"", ""inputs/images/piece-16/page-10.png""]"
"musp_172","17","Scriabin","Etude Op. 8 No. 11","What is the name of the chord played at 00:38?","P","","Short","Chord","Lead-sheet chord symbol in root position","Single","[""Esus2"", ""D#maj7"", ""B7b5""]","[""Fsus4""]","inputs/abc/piece-17.abc","inputs/midi_performance_event_text/piece-17.txt","inputs/abc_plus_midi/piece-17.abc","inputs/audio/piece-17.wav","inputs/pdf/without_context/piece-17.pdf","[""inputs/images/piece-17/page-1.png"", ""inputs/images/piece-17/page-2.png"", ""inputs/images/piece-17/page-3.png""]"
"musp_173","17","Scriabin","Etude Op. 8 No. 11","Between 03:25 and 03:37, the performer emphasizes a five-note secondary voice. Which notes make up this melodic line?","P","","Mid","Pitch","Pitch class without octave number","List ordered by appearance","[""G#, Bb, F""]","[""F, Ab, Gb, F, Gb"", ""F, A♭, G♭, F, G♭""]","inputs/abc/piece-17.abc","inputs/midi_performance_event_text/piece-17.txt","inputs/abc_plus_midi/piece-17.abc","inputs/audio/piece-17.wav","inputs/pdf/without_context/piece-17.pdf","[""inputs/images/piece-17/page-1.png"", ""inputs/images/piece-17/page-2.png"", ""inputs/images/piece-17/page-3.png""]"
"musp_174","17","Scriabin","Etude Op. 8 No. 11","In the beginning, the chromatic voices and repeated chords give the piece its distinct character. Eventually, a rather unexpected dominant chord seemingly creates a moment of light/alleviation and a warmer color. At what time does this first occur? Refer to the time the chord is struck. Hint: it occurs before 1:45.","P","","Long","Timestamp","Timestamp in M:SS or MM:SS (rounded down)","Single","[""01:23""]","[""01:26"", ""1:27""]","inputs/abc/piece-17.abc","inputs/midi_performance_event_text/piece-17.txt","inputs/abc_plus_midi/piece-17.abc","inputs/audio/piece-17.wav","inputs/pdf/without_context/piece-17.pdf","[""inputs/images/piece-17/page-1.png"", ""inputs/images/piece-17/page-2.png"", ""inputs/images/piece-17/page-3.png""]"
"musp_175","17","Scriabin","Etude Op. 8 No. 11","At what times is the first part of the main melody, first played between 00:00-00:07, repeated exactly? ","P","","Long","Timestamp","Timestamp in M:SS or MM:SS (rounded down)","List ordered by appearance","[""0:37, 02:14, 11:05""]","[""00:44, 2:45, 3:25"", ""00:43, 2:45, 3:25""]","inputs/abc/piece-17.abc","inputs/midi_performance_event_text/piece-17.txt","inputs/abc_plus_midi/piece-17.abc","inputs/audio/piece-17.wav","inputs/pdf/without_context/piece-17.pdf","[""inputs/images/piece-17/page-1.png"", ""inputs/images/piece-17/page-2.png"", ""inputs/images/piece-17/page-3.png""]"
"musp_176","18","Scriabin","Piano Sonata No. 5","In the passage from 8:43 to 8:46, which pitch stands out most strongly in terms of loudness and perceptual presence, regardless of how often it occurs?","P","","Short","Pitch","Pitch class without octave number","Single","[""A""]","[""D#""]","inputs/abc/piece-18.abc","inputs/midi_performance_event_text/piece-18.txt","inputs/abc_plus_midi/piece-18.abc","inputs/audio/piece-18.wav","inputs/pdf/without_context/piece-18.pdf","[""inputs/images/piece-18/page-01.png"", ""inputs/images/piece-18/page-02.png"", ""inputs/images/piece-18/page-03.png"", ""inputs/images/piece-18/page-04.png"", ""inputs/images/piece-18/page-05.png"", ""inputs/images/piece-18/page-06.png"", ""inputs/images/piece-18/page-07.png"", ""inputs/images/piece-18/page-08.png"", ""inputs/images/piece-18/page-09.png"", ""inputs/images/piece-18/page-10.png"", ""inputs/images/piece-18/page-11.png"", ""inputs/images/piece-18/page-12.png"", ""inputs/images/piece-18/page-13.png"", ""inputs/images/piece-18/page-14.png"", ""inputs/images/piece-18/page-15.png"", ""inputs/images/piece-18/page-16.png"", ""inputs/images/piece-18/page-17.png"", ""inputs/images/piece-18/page-18.png"", ""inputs/images/piece-18/page-19.png"", ""inputs/images/piece-18/page-20.png"", ""inputs/images/piece-18/page-21.png"", ""inputs/images/piece-18/page-22.png"", ""inputs/images/piece-18/page-23.png"", ""inputs/images/piece-18/page-24.png"", ""inputs/images/piece-18/page-25.png""]"
"musp_177","18","Scriabin","Piano Sonata No. 5","A descending, fully chromatic line of more than 5 notes begins to sound in one of the middle voices, shortly after 10:20. On which notes does this line start and end? The line should contain all the notes in between the start and end note. Identify the longest possible line, before 10:30.","P","","Mid","Pitch","Pitch class without octave number","Pair","[""A, B""]","[""C, D""]","inputs/abc/piece-18.abc","inputs/midi_performance_event_text/piece-18.txt","inputs/abc_plus_midi/piece-18.abc","inputs/audio/piece-18.wav","inputs/pdf/without_context/piece-18.pdf","[""inputs/images/piece-18/page-01.png"", ""inputs/images/piece-18/page-02.png"", ""inputs/images/piece-18/page-03.png"", ""inputs/images/piece-18/page-04.png"", ""inputs/images/piece-18/page-05.png"", ""inputs/images/piece-18/page-06.png"", ""inputs/images/piece-18/page-07.png"", ""inputs/images/piece-18/page-08.png"", ""inputs/images/piece-18/page-09.png"", ""inputs/images/piece-18/page-10.png"", ""inputs/images/piece-18/page-11.png"", ""inputs/images/piece-18/page-12.png"", ""inputs/images/piece-18/page-13.png"", ""inputs/images/piece-18/page-14.png"", ""inputs/images/piece-18/page-15.png"", ""inputs/images/piece-18/page-16.png"", ""inputs/images/piece-18/page-17.png"", ""inputs/images/piece-18/page-18.png"", ""inputs/images/piece-18/page-19.png"", ""inputs/images/piece-18/page-20.png"", ""inputs/images/piece-18/page-21.png"", ""inputs/images/piece-18/page-22.png"", ""inputs/images/piece-18/page-23.png"", ""inputs/images/piece-18/page-24.png"", ""inputs/images/piece-18/page-25.png""]"
"musp_178","18","Scriabin","Piano Sonata No. 5","The piece ends with a musical idea that was introduced earlier. Starting at what time was this last musical idea first introduced?","P","","Long","Timestamp","Timestamp in M:SS or MM:SS (rounded down)","Single","[""0:37"", ""02:14"", ""11:05""]","[""00:07"", ""0:08""]","inputs/abc/piece-18.abc","inputs/midi_performance_event_text/piece-18.txt","inputs/abc_plus_midi/piece-18.abc","inputs/audio/piece-18.wav","inputs/pdf/without_context/piece-18.pdf","[""inputs/images/piece-18/page-01.png"", ""inputs/images/piece-18/page-02.png"", ""inputs/images/piece-18/page-03.png"", ""inputs/images/piece-18/page-04.png"", ""inputs/images/piece-18/page-05.png"", ""inputs/images/piece-18/page-06.png"", ""inputs/images/piece-18/page-07.png"", ""inputs/images/piece-18/page-08.png"", ""inputs/images/piece-18/page-09.png"", ""inputs/images/piece-18/page-10.png"", ""inputs/images/piece-18/page-11.png"", ""inputs/images/piece-18/page-12.png"", ""inputs/images/piece-18/page-13.png"", ""inputs/images/piece-18/page-14.png"", ""inputs/images/piece-18/page-15.png"", ""inputs/images/piece-18/page-16.png"", ""inputs/images/piece-18/page-17.png"", ""inputs/images/piece-18/page-18.png"", ""inputs/images/piece-18/page-19.png"", ""inputs/images/piece-18/page-20.png"", ""inputs/images/piece-18/page-21.png"", ""inputs/images/piece-18/page-22.png"", ""inputs/images/piece-18/page-23.png"", ""inputs/images/piece-18/page-24.png"", ""inputs/images/piece-18/page-25.png""]"
"musp_179","1","Bach","Fugue BWV 875","After the secondary sixteenth-note motif is first presented as A4-Bb4-A4-G4-Bb4-A4-G4-F#4, what are the first notes of its next three appearances? List the three pitches in chronological order.","S/P","general","Long","Pitch","Pitch with octave number","List ordered by appearance","[""A4, G#3, Bb2""]","[""D4, G5, C5""]","inputs/abc/piece-01.abc","inputs/midi_performance_event_text/piece-01.txt","inputs/abc_plus_midi/piece-01.abc","inputs/audio/piece-01.wav","inputs/pdf/without_context/piece-01.pdf","[""inputs/images/piece-01/page-1.png"", ""inputs/images/piece-01/page-2.png""]"
"musp_180","1","Bach","Fugue BWV 875","The piece's full theme is repeated. Numbering the voices from lowest (bass = 1) to highest (soprano), list the voices that play the full theme exactly like its first presentation (i.e. same pitch classes but potentially different register) in full (up until the fourth A). For example, if the lowest and then the second-lowest voice plays it, answer “1, 2”.","S/P","general","Long","Integer","Positive integer","List ordered by appearance","[""1, 2""]","[""2, 1""]","inputs/abc/piece-01.abc","inputs/midi_performance_event_text/piece-01.txt","inputs/abc_plus_midi/piece-01.abc","inputs/audio/piece-01.wav","inputs/pdf/without_context/piece-01.pdf","[""inputs/images/piece-01/page-1.png"", ""inputs/images/piece-01/page-2.png""]"
"musp_181","1","Bach","Fugue BWV 875","After the full theme is first presented from the beginning through the first syncopated G, what are the first notes of its next three complete appearances, including transposed and mirrored forms? List the three pitches in chronological order.","S/P","general","Long","Pitch","Pitch with octave number","List ordered by appearance","[""A4, G#3, Bb2""]","[""A4, D3, A4""]","inputs/abc/piece-01.abc","inputs/midi_performance_event_text/piece-01.txt","inputs/abc_plus_midi/piece-01.abc","inputs/audio/piece-01.wav","inputs/pdf/without_context/piece-01.pdf","[""inputs/images/piece-01/page-1.png"", ""inputs/images/piece-01/page-2.png""]"
"musp_182","1","Bach","Fugue BWV 875","Who composed this piece?","S/P","composer/title","Any","Short text","Short phrase","Single","[""Johannes Brahms""]","[""Johann Sebastian Bach"", ""J. S. Bach"", ""Bach""]","inputs/abc/piece-01.abc","inputs/midi_performance_event_text/piece-01.txt","inputs/abc_plus_midi/piece-01.abc","inputs/audio/piece-01.wav","inputs/pdf/without_context/piece-01.pdf","[""inputs/images/piece-01/page-1.png"", ""inputs/images/piece-01/page-2.png""]"
"musp_183","1","Bach","Fugue BWV 875","What is the title of this work?","S/P","composer/title","Any","Short text","Short phrase","Single","[""Waltz in E major, Op. 39 No. 5""]","[""Fugue in D minor, BWV 875"", ""Fugue BWV 875"", ""The Well-Tempered Clavier, Book II: Fugue in D minor, BWV 875""]","inputs/abc/piece-01.abc","inputs/midi_performance_event_text/piece-01.txt","inputs/abc_plus_midi/piece-01.abc","inputs/audio/piece-01.wav","inputs/pdf/without_context/piece-01.pdf","[""inputs/images/piece-01/page-1.png"", ""inputs/images/piece-01/page-2.png""]"
"musp_184","1","Bach","Fugue BWV 875","What is the principal tonality of this piece?","S/P","tonality/style","Any","Key / tonality","Tonic and mode with accidentals","Single","[""E major""]","[""D minor""]","inputs/abc/piece-01.abc","inputs/midi_performance_event_text/piece-01.txt","inputs/abc_plus_midi/piece-01.abc","inputs/audio/piece-01.wav","inputs/pdf/without_context/piece-01.pdf","[""inputs/images/piece-01/page-1.png"", ""inputs/images/piece-01/page-2.png""]"
"musp_185","1","Bach","Fugue BWV 875","Which stylistic period is closest to this piece? Choose one: Baroque, Classical, Late Classical / Early Romantic, Romantic, Late Romantic, Impressionistic, Expressionistic, Post-modern.","S/P","tonality/style","Any","Choice","One choice copied exactly from the question","Single","[]","[""Baroque""]","inputs/abc/piece-01.abc","inputs/midi_performance_event_text/piece-01.txt","inputs/abc_plus_midi/piece-01.abc","inputs/audio/piece-01.wav","inputs/pdf/without_context/piece-01.pdf","[""inputs/images/piece-01/page-1.png"", ""inputs/images/piece-01/page-2.png""]"
"musp_186","2","Bach","Prelude BWV 848","Who composed this piece?","S/P","composer/title","Any","Short text","Short phrase","Single","[""Johannes Brahms""]","[""Johann Sebastian Bach"", ""J. S. Bach"", ""Bach""]","inputs/abc/piece-02.abc","inputs/midi_performance_event_text/piece-02.txt","inputs/abc_plus_midi/piece-02.abc","inputs/audio/piece-02.wav","inputs/pdf/without_context/piece-02.pdf","[""inputs/images/piece-02/page-1.png"", ""inputs/images/piece-02/page-2.png"", ""inputs/images/piece-02/page-3.png"", ""inputs/images/piece-02/page-4.png""]"
"musp_187","2","Bach","Prelude BWV 848","What is the title of this work?","S/P","composer/title","Any","Short text","Short phrase","Single","[""Waltz in E major, Op. 39 No. 5""]","[""Prelude in C-sharp major, BWV 848"", ""Prelude BWV 848"", ""The Well-Tempered Clavier, Book I: Prelude in C-sharp major, BWV 848"", ""Prélude No. 3 in C♯ Major from \""Das Wohltemperierte Klavier\"" Book I, BWV 848""]","inputs/abc/piece-02.abc","inputs/midi_performance_event_text/piece-02.txt","inputs/abc_plus_midi/piece-02.abc","inputs/audio/piece-02.wav","inputs/pdf/without_context/piece-02.pdf","[""inputs/images/piece-02/page-1.png"", ""inputs/images/piece-02/page-2.png"", ""inputs/images/piece-02/page-3.png"", ""inputs/images/piece-02/page-4.png""]"
"musp_188","2","Bach","Prelude BWV 848","What is the principal tonality of this piece?","S/P","tonality/style","Any","Key / tonality","Tonic and mode with accidentals","Single","[""E major""]","[""C# major"", ""C-sharp major""]","inputs/abc/piece-02.abc","inputs/midi_performance_event_text/piece-02.txt","inputs/abc_plus_midi/piece-02.abc","inputs/audio/piece-02.wav","inputs/pdf/without_context/piece-02.pdf","[""inputs/images/piece-02/page-1.png"", ""inputs/images/piece-02/page-2.png"", ""inputs/images/piece-02/page-3.png"", ""inputs/images/piece-02/page-4.png""]"
"musp_189","2","Bach","Prelude BWV 848","Which stylistic period is closest to this piece? Choose one: Baroque, Classical, Late Classical / Early Romantic, Romantic, Late Romantic, Impressionistic, Expressionistic, Post-modern.","S/P","tonality/style","Any","Choice","One choice copied exactly from the question","Single","[]","[""Baroque""]","inputs/abc/piece-02.abc","inputs/midi_performance_event_text/piece-02.txt","inputs/abc_plus_midi/piece-02.abc","inputs/audio/piece-02.wav","inputs/pdf/without_context/piece-02.pdf","[""inputs/images/piece-02/page-1.png"", ""inputs/images/piece-02/page-2.png"", ""inputs/images/piece-02/page-3.png"", ""inputs/images/piece-02/page-4.png""]"
"musp_190","3","Balakirev","Islamey","Consider the sequences of chords at the very end of the piece, starting right after the arrival of a chromatically descending line of octaves on Db major. Among the chordal events that follow this arrival, what is the ratio of chords played with all notes simultaneously to chords played with either a grace note or as an arpeggio? Count each chordal attack as one occurrence.","S/P","general","Mid","Duration / ratio","Ratio","Single","[""2:1""]","[""2:5""]","inputs/abc/piece-03.abc","inputs/midi_performance_event_text/piece-03.txt","inputs/abc_plus_midi/piece-03.abc","inputs/audio/piece-03.wav","inputs/pdf/without_context/piece-03.pdf","[""inputs/images/piece-03/page-01.png"", ""inputs/images/piece-03/page-02.png"", ""inputs/images/piece-03/page-03.png"", ""inputs/images/piece-03/page-04.png"", ""inputs/images/piece-03/page-05.png"", ""inputs/images/piece-03/page-06.png"", ""inputs/images/piece-03/page-07.png"", ""inputs/images/piece-03/page-08.png"", ""inputs/images/piece-03/page-09.png"", ""inputs/images/piece-03/page-10.png"", ""inputs/images/piece-03/page-11.png"", ""inputs/images/piece-03/page-12.png"", ""inputs/images/piece-03/page-13.png"", ""inputs/images/piece-03/page-14.png"", ""inputs/images/piece-03/page-15.png"", ""inputs/images/piece-03/page-16.png"", ""inputs/images/piece-03/page-17.png"", ""inputs/images/piece-03/page-18.png"", ""inputs/images/piece-03/page-19.png"", ""inputs/images/piece-03/page-20.png""]"
"musp_191","3","Balakirev","Islamey","In the opening of the piece, up until the first clear endpoint on a long Db major chord, how many times does the sequence “C, C, Bb, C, Db, Eb, C, Db” occur? Count occurrences in either voice, octave, or rhythmical structure.","S/P","general","Long","Integer","Positive integer","Single","[""4""]","[""6""]","inputs/abc/piece-03.abc","inputs/midi_performance_event_text/piece-03.txt","inputs/abc_plus_midi/piece-03.abc","inputs/audio/piece-03.wav","inputs/pdf/without_context/piece-03.pdf","[""inputs/images/piece-03/page-01.png"", ""inputs/images/piece-03/page-02.png"", ""inputs/images/piece-03/page-03.png"", ""inputs/images/piece-03/page-04.png"", ""inputs/images/piece-03/page-05.png"", ""inputs/images/piece-03/page-06.png"", ""inputs/images/piece-03/page-07.png"", ""inputs/images/piece-03/page-08.png"", ""inputs/images/piece-03/page-09.png"", ""inputs/images/piece-03/page-10.png"", ""inputs/images/piece-03/page-11.png"", ""inputs/images/piece-03/page-12.png"", ""inputs/images/piece-03/page-13.png"", ""inputs/images/piece-03/page-14.png"", ""inputs/images/piece-03/page-15.png"", ""inputs/images/piece-03/page-16.png"", ""inputs/images/piece-03/page-17.png"", ""inputs/images/piece-03/page-18.png"", ""inputs/images/piece-03/page-19.png"", ""inputs/images/piece-03/page-20.png""]"
"musp_192","3","Balakirev","Islamey","Who composed this piece?","S/P","composer/title","Any","Short text","Short phrase","Single","[""Johannes Brahms""]","[""Mily Balakirev"", ""Balakirev""]","inputs/abc/piece-03.abc","inputs/midi_performance_event_text/piece-03.txt","inputs/abc_plus_midi/piece-03.abc","inputs/audio/piece-03.wav","inputs/pdf/without_context/piece-03.pdf","[""inputs/images/piece-03/page-01.png"", ""inputs/images/piece-03/page-02.png"", ""inputs/images/piece-03/page-03.png"", ""inputs/images/piece-03/page-04.png"", ""inputs/images/piece-03/page-05.png"", ""inputs/images/piece-03/page-06.png"", ""inputs/images/piece-03/page-07.png"", ""inputs/images/piece-03/page-08.png"", ""inputs/images/piece-03/page-09.png"", ""inputs/images/piece-03/page-10.png"", ""inputs/images/piece-03/page-11.png"", ""inputs/images/piece-03/page-12.png"", ""inputs/images/piece-03/page-13.png"", ""inputs/images/piece-03/page-14.png"", ""inputs/images/piece-03/page-15.png"", ""inputs/images/piece-03/page-16.png"", ""inputs/images/piece-03/page-17.png"", ""inputs/images/piece-03/page-18.png"", ""inputs/images/piece-03/page-19.png"", ""inputs/images/piece-03/page-20.png""]"
"musp_193","3","Balakirev","Islamey","What is the title of this work?","S/P","composer/title","Any","Short text","Short phrase","Single","[""Waltz in E major, Op. 39 No. 5""]","[""Islamey, Op. 18"", ""Islamey"", ""Islamey: Oriental Fantasy"", ""An Oriental Fantasy""]","inputs/abc/piece-03.abc","inputs/midi_performance_event_text/piece-03.txt","inputs/abc_plus_midi/piece-03.abc","inputs/audio/piece-03.wav","inputs/pdf/without_context/piece-03.pdf","[""inputs/images/piece-03/page-01.png"", ""inputs/images/piece-03/page-02.png"", ""inputs/images/piece-03/page-03.png"", ""inputs/images/piece-03/page-04.png"", ""inputs/images/piece-03/page-05.png"", ""inputs/images/piece-03/page-06.png"", ""inputs/images/piece-03/page-07.png"", ""inputs/images/piece-03/page-08.png"", ""inputs/images/piece-03/page-09.png"", ""inputs/images/piece-03/page-10.png"", ""inputs/images/piece-03/page-11.png"", ""inputs/images/piece-03/page-12.png"", ""inputs/images/piece-03/page-13.png"", ""inputs/images/piece-03/page-14.png"", ""inputs/images/piece-03/page-15.png"", ""inputs/images/piece-03/page-16.png"", ""inputs/images/piece-03/page-17.png"", ""inputs/images/piece-03/page-18.png"", ""inputs/images/piece-03/page-19.png"", ""inputs/images/piece-03/page-20.png""]"
"musp_194","3","Balakirev","Islamey","What is the principal tonality of this piece?","S/P","tonality/style","Any","Key / tonality","Tonic and mode with accidentals","Single","[""E major""]","[""Db major"", ""D-flat major"", ""C-sharp major""]","inputs/abc/piece-03.abc","inputs/midi_performance_event_text/piece-03.txt","inputs/abc_plus_midi/piece-03.abc","inputs/audio/piece-03.wav","inputs/pdf/without_context/piece-03.pdf","[""inputs/images/piece-03/page-01.png"", ""inputs/images/piece-03/page-02.png"", ""inputs/images/piece-03/page-03.png"", ""inputs/images/piece-03/page-04.png"", ""inputs/images/piece-03/page-05.png"", ""inputs/images/piece-03/page-06.png"", ""inputs/images/piece-03/page-07.png"", ""inputs/images/piece-03/page-08.png"", ""inputs/images/piece-03/page-09.png"", ""inputs/images/piece-03/page-10.png"", ""inputs/images/piece-03/page-11.png"", ""inputs/images/piece-03/page-12.png"", ""inputs/images/piece-03/page-13.png"", ""inputs/images/piece-03/page-14.png"", ""inputs/images/piece-03/page-15.png"", ""inputs/images/piece-03/page-16.png"", ""inputs/images/piece-03/page-17.png"", ""inputs/images/piece-03/page-18.png"", ""inputs/images/piece-03/page-19.png"", ""inputs/images/piece-03/page-20.png""]"
"musp_195","3","Balakirev","Islamey","Which stylistic period is closest to this piece? Choose one: Baroque, Classical, Late Classical / Early Romantic, Romantic, Late Romantic, Impressionistic, Expressionistic, Post-modern.","S/P","tonality/style","Any","Choice","One choice copied exactly from the question","Single","[]","[""Romantic"", ""Late Romantic""]","inputs/abc/piece-03.abc","inputs/midi_performance_event_text/piece-03.txt","inputs/abc_plus_midi/piece-03.abc","inputs/audio/piece-03.wav","inputs/pdf/without_context/piece-03.pdf","[""inputs/images/piece-03/page-01.png"", ""inputs/images/piece-03/page-02.png"", ""inputs/images/piece-03/page-03.png"", ""inputs/images/piece-03/page-04.png"", ""inputs/images/piece-03/page-05.png"", ""inputs/images/piece-03/page-06.png"", ""inputs/images/piece-03/page-07.png"", ""inputs/images/piece-03/page-08.png"", ""inputs/images/piece-03/page-09.png"", ""inputs/images/piece-03/page-10.png"", ""inputs/images/piece-03/page-11.png"", ""inputs/images/piece-03/page-12.png"", ""inputs/images/piece-03/page-13.png"", ""inputs/images/piece-03/page-14.png"", ""inputs/images/piece-03/page-15.png"", ""inputs/images/piece-03/page-16.png"", ""inputs/images/piece-03/page-17.png"", ""inputs/images/piece-03/page-18.png"", ""inputs/images/piece-03/page-19.png"", ""inputs/images/piece-03/page-20.png""]"
"musp_196","4","Beethoven","Piano Sonata 23, movement 1","Which two pitches form the first grace-note trill?","S/P","general","Mid","Pitch","Pitch with octave number","Pair","[""A4, B4""]","[""D5, E5""]","inputs/abc/piece-04.abc","inputs/midi_performance_event_text/piece-04.txt","inputs/abc_plus_midi/piece-04.abc","inputs/audio/piece-04.wav","inputs/pdf/without_context/piece-04.pdf","[""inputs/images/piece-04/page-01.png"", ""inputs/images/piece-04/page-02.png"", ""inputs/images/piece-04/page-03.png"", ""inputs/images/piece-04/page-04.png"", ""inputs/images/piece-04/page-05.png"", ""inputs/images/piece-04/page-06.png"", ""inputs/images/piece-04/page-07.png"", ""inputs/images/piece-04/page-08.png"", ""inputs/images/piece-04/page-09.png"", ""inputs/images/piece-04/page-10.png"", ""inputs/images/piece-04/page-11.png"", ""inputs/images/piece-04/page-12.png"", ""inputs/images/piece-04/page-13.png"", ""inputs/images/piece-04/page-14.png"", ""inputs/images/piece-04/page-15.png"", ""inputs/images/piece-04/page-16.png"", ""inputs/images/piece-04/page-17.png"", ""inputs/images/piece-04/page-18.png"", ""inputs/images/piece-04/page-19.png"", ""inputs/images/piece-04/page-20.png"", ""inputs/images/piece-04/page-21.png"", ""inputs/images/piece-04/page-22.png"", ""inputs/images/piece-04/page-23.png"", ""inputs/images/piece-04/page-24.png"", ""inputs/images/piece-04/page-25.png"", ""inputs/images/piece-04/page-26.png"", ""inputs/images/piece-04/page-27.png"", ""inputs/images/piece-04/page-28.png"", ""inputs/images/piece-04/page-29.png"", ""inputs/images/piece-04/page-30.png"", ""inputs/images/piece-04/page-31.png""]"
"musp_197","4","Beethoven","Piano Sonata 23, movement 1","When the first theme is played for the second time in a different texture, the color has changed. What emotion likely best describes the new nuance the composer and performer bring to the theme: despair, anger, serenity, triumph, ecstasy, tenderness, nervousness, consolation, nostalgia, vulnerability, hopefulness, resignation, or relief?","S/P","general","Long","Choice","One choice copied exactly from the question","Single","[]","[""anger"", ""despair""]","inputs/abc/piece-04.abc","inputs/midi_performance_event_text/piece-04.txt","inputs/abc_plus_midi/piece-04.abc","inputs/audio/piece-04.wav","inputs/pdf/without_context/piece-04.pdf","[""inputs/images/piece-04/page-01.png"", ""inputs/images/piece-04/page-02.png"", ""inputs/images/piece-04/page-03.png"", ""inputs/images/piece-04/page-04.png"", ""inputs/images/piece-04/page-05.png"", ""inputs/images/piece-04/page-06.png"", ""inputs/images/piece-04/page-07.png"", ""inputs/images/piece-04/page-08.png"", ""inputs/images/piece-04/page-09.png"", ""inputs/images/piece-04/page-10.png"", ""inputs/images/piece-04/page-11.png"", ""inputs/images/piece-04/page-12.png"", ""inputs/images/piece-04/page-13.png"", ""inputs/images/piece-04/page-14.png"", ""inputs/images/piece-04/page-15.png"", ""inputs/images/piece-04/page-16.png"", ""inputs/images/piece-04/page-17.png"", ""inputs/images/piece-04/page-18.png"", ""inputs/images/piece-04/page-19.png"", ""inputs/images/piece-04/page-20.png"", ""inputs/images/piece-04/page-21.png"", ""inputs/images/piece-04/page-22.png"", ""inputs/images/piece-04/page-23.png"", ""inputs/images/piece-04/page-24.png"", ""inputs/images/piece-04/page-25.png"", ""inputs/images/piece-04/page-26.png"", ""inputs/images/piece-04/page-27.png"", ""inputs/images/piece-04/page-28.png"", ""inputs/images/piece-04/page-29.png"", ""inputs/images/piece-04/page-30.png"", ""inputs/images/piece-04/page-31.png""]"
"musp_198","4","Beethoven","Piano Sonata 23, movement 1","In what key is the second theme written when it is played immediately before the cadenza with arpeggiated chords spanning the keyboard takes over? Name the key in which this theme's statement starts (it modulates later on).","S/P","general","Long","Key / tonality","Key (pitch class and mode)","Single","[""Eb major"", ""C# minor"", ""D Dorian""]","[""Db major""]","inputs/abc/piece-04.abc","inputs/midi_performance_event_text/piece-04.txt","inputs/abc_plus_midi/piece-04.abc","inputs/audio/piece-04.wav","inputs/pdf/without_context/piece-04.pdf","[""inputs/images/piece-04/page-01.png"", ""inputs/images/piece-04/page-02.png"", ""inputs/images/piece-04/page-03.png"", ""inputs/images/piece-04/page-04.png"", ""inputs/images/piece-04/page-05.png"", ""inputs/images/piece-04/page-06.png"", ""inputs/images/piece-04/page-07.png"", ""inputs/images/piece-04/page-08.png"", ""inputs/images/piece-04/page-09.png"", ""inputs/images/piece-04/page-10.png"", ""inputs/images/piece-04/page-11.png"", ""inputs/images/piece-04/page-12.png"", ""inputs/images/piece-04/page-13.png"", ""inputs/images/piece-04/page-14.png"", ""inputs/images/piece-04/page-15.png"", ""inputs/images/piece-04/page-16.png"", ""inputs/images/piece-04/page-17.png"", ""inputs/images/piece-04/page-18.png"", ""inputs/images/piece-04/page-19.png"", ""inputs/images/piece-04/page-20.png"", ""inputs/images/piece-04/page-21.png"", ""inputs/images/piece-04/page-22.png"", ""inputs/images/piece-04/page-23.png"", ""inputs/images/piece-04/page-24.png"", ""inputs/images/piece-04/page-25.png"", ""inputs/images/piece-04/page-26.png"", ""inputs/images/piece-04/page-27.png"", ""inputs/images/piece-04/page-28.png"", ""inputs/images/piece-04/page-29.png"", ""inputs/images/piece-04/page-30.png"", ""inputs/images/piece-04/page-31.png""]"
"musp_199","4","Beethoven","Piano Sonata 23, movement 1","What note creates the effect of a relentless pulse in the beginning of the recapitulation?","S/P","general","Long","Pitch","Pitch with octave number","Single","[""A4"", ""G#3"", ""Bb2""]","[""C2""]","inputs/abc/piece-04.abc","inputs/midi_performance_event_text/piece-04.txt","inputs/abc_plus_midi/piece-04.abc","inputs/audio/piece-04.wav","inputs/pdf/without_context/piece-04.pdf","[""inputs/images/piece-04/page-01.png"", ""inputs/images/piece-04/page-02.png"", ""inputs/images/piece-04/page-03.png"", ""inputs/images/piece-04/page-04.png"", ""inputs/images/piece-04/page-05.png"", ""inputs/images/piece-04/page-06.png"", ""inputs/images/piece-04/page-07.png"", ""inputs/images/piece-04/page-08.png"", ""inputs/images/piece-04/page-09.png"", ""inputs/images/piece-04/page-10.png"", ""inputs/images/piece-04/page-11.png"", ""inputs/images/piece-04/page-12.png"", ""inputs/images/piece-04/page-13.png"", ""inputs/images/piece-04/page-14.png"", ""inputs/images/piece-04/page-15.png"", ""inputs/images/piece-04/page-16.png"", ""inputs/images/piece-04/page-17.png"", ""inputs/images/piece-04/page-18.png"", ""inputs/images/piece-04/page-19.png"", ""inputs/images/piece-04/page-20.png"", ""inputs/images/piece-04/page-21.png"", ""inputs/images/piece-04/page-22.png"", ""inputs/images/piece-04/page-23.png"", ""inputs/images/piece-04/page-24.png"", ""inputs/images/piece-04/page-25.png"", ""inputs/images/piece-04/page-26.png"", ""inputs/images/piece-04/page-27.png"", ""inputs/images/piece-04/page-28.png"", ""inputs/images/piece-04/page-29.png"", ""inputs/images/piece-04/page-30.png"", ""inputs/images/piece-04/page-31.png""]"
"musp_200","4","Beethoven","Piano Sonata 23, movement 1","The coda, which starts in bar 203, reviews the two main themes: in what order? For example, if the first theme is reviewed three times, separated by different musical material, and later the second theme, answer '1, 1, 1, 2'. Consider a theme to be evoked when it is played or varied for at least 4 bars.","S/P","general","Long","Integer","Positive integer","List ordered by appearance","[""1, 1, 1, 2""]","[""1, 2, 2, 1""]","inputs/abc/piece-04.abc","inputs/midi_performance_event_text/piece-04.txt","inputs/abc_plus_midi/piece-04.abc","inputs/audio/piece-04.wav","inputs/pdf/without_context/piece-04.pdf","[""inputs/images/piece-04/page-01.png"", ""inputs/images/piece-04/page-02.png"", ""inputs/images/piece-04/page-03.png"", ""inputs/images/piece-04/page-04.png"", ""inputs/images/piece-04/page-05.png"", ""inputs/images/piece-04/page-06.png"", ""inputs/images/piece-04/page-07.png"", ""inputs/images/piece-04/page-08.png"", ""inputs/images/piece-04/page-09.png"", ""inputs/images/piece-04/page-10.png"", ""inputs/images/piece-04/page-11.png"", ""inputs/images/piece-04/page-12.png"", ""inputs/images/piece-04/page-13.png"", ""inputs/images/piece-04/page-14.png"", ""inputs/images/piece-04/page-15.png"", ""inputs/images/piece-04/page-16.png"", ""inputs/images/piece-04/page-17.png"", ""inputs/images/piece-04/page-18.png"", ""inputs/images/piece-04/page-19.png"", ""inputs/images/piece-04/page-20.png"", ""inputs/images/piece-04/page-21.png"", ""inputs/images/piece-04/page-22.png"", ""inputs/images/piece-04/page-23.png"", ""inputs/images/piece-04/page-24.png"", ""inputs/images/piece-04/page-25.png"", ""inputs/images/piece-04/page-26.png"", ""inputs/images/piece-04/page-27.png"", ""inputs/images/piece-04/page-28.png"", ""inputs/images/piece-04/page-29.png"", ""inputs/images/piece-04/page-30.png"", ""inputs/images/piece-04/page-31.png""]"
"musp_201","4","Beethoven","Piano Sonata 23, movement 1","Who composed this piece?","S/P","composer/title","Any","Short text","Short phrase","Single","[""Johannes Brahms""]","[""Ludwig van Beethoven"", ""Beethoven""]","inputs/abc/piece-04.abc","inputs/midi_performance_event_text/piece-04.txt","inputs/abc_plus_midi/piece-04.abc","inputs/audio/piece-04.wav","inputs/pdf/without_context/piece-04.pdf","[""inputs/images/piece-04/page-01.png"", ""inputs/images/piece-04/page-02.png"", ""inputs/images/piece-04/page-03.png"", ""inputs/images/piece-04/page-04.png"", ""inputs/images/piece-04/page-05.png"", ""inputs/images/piece-04/page-06.png"", ""inputs/images/piece-04/page-07.png"", ""inputs/images/piece-04/page-08.png"", ""inputs/images/piece-04/page-09.png"", ""inputs/images/piece-04/page-10.png"", ""inputs/images/piece-04/page-11.png"", ""inputs/images/piece-04/page-12.png"", ""inputs/images/piece-04/page-13.png"", ""inputs/images/piece-04/page-14.png"", ""inputs/images/piece-04/page-15.png"", ""inputs/images/piece-04/page-16.png"", ""inputs/images/piece-04/page-17.png"", ""inputs/images/piece-04/page-18.png"", ""inputs/images/piece-04/page-19.png"", ""inputs/images/piece-04/page-20.png"", ""inputs/images/piece-04/page-21.png"", ""inputs/images/piece-04/page-22.png"", ""inputs/images/piece-04/page-23.png"", ""inputs/images/piece-04/page-24.png"", ""inputs/images/piece-04/page-25.png"", ""inputs/images/piece-04/page-26.png"", ""inputs/images/piece-04/page-27.png"", ""inputs/images/piece-04/page-28.png"", ""inputs/images/piece-04/page-29.png"", ""inputs/images/piece-04/page-30.png"", ""inputs/images/piece-04/page-31.png""]"
"musp_202","4","Beethoven","Piano Sonata 23, movement 1","What is the title of this work?","S/P","composer/title","Any","Short text","Short phrase","Single","[""Waltz in E major, Op. 39 No. 5""]","[""Piano Sonata No. 23 in F minor, Op. 57, movement I — Allegro assai"", ""Appassionata Sonata, movement I — Allegro assai"", ""Piano Sonata No. 23, movement 1 — Allegro assai"", ""Piano Sonata No. 23 in F minor, Op. 57 “Appassionata”"", ""Sonate No. 23, \""Appassionata\"", Op. 57"", ""Appassionata""]","inputs/abc/piece-04.abc","inputs/midi_performance_event_text/piece-04.txt","inputs/abc_plus_midi/piece-04.abc","inputs/audio/piece-04.wav","inputs/pdf/without_context/piece-04.pdf","[""inputs/images/piece-04/page-01.png"", ""inputs/images/piece-04/page-02.png"", ""inputs/images/piece-04/page-03.png"", ""inputs/images/piece-04/page-04.png"", ""inputs/images/piece-04/page-05.png"", ""inputs/images/piece-04/page-06.png"", ""inputs/images/piece-04/page-07.png"", ""inputs/images/piece-04/page-08.png"", ""inputs/images/piece-04/page-09.png"", ""inputs/images/piece-04/page-10.png"", ""inputs/images/piece-04/page-11.png"", ""inputs/images/piece-04/page-12.png"", ""inputs/images/piece-04/page-13.png"", ""inputs/images/piece-04/page-14.png"", ""inputs/images/piece-04/page-15.png"", ""inputs/images/piece-04/page-16.png"", ""inputs/images/piece-04/page-17.png"", ""inputs/images/piece-04/page-18.png"", ""inputs/images/piece-04/page-19.png"", ""inputs/images/piece-04/page-20.png"", ""inputs/images/piece-04/page-21.png"", ""inputs/images/piece-04/page-22.png"", ""inputs/images/piece-04/page-23.png"", ""inputs/images/piece-04/page-24.png"", ""inputs/images/piece-04/page-25.png"", ""inputs/images/piece-04/page-26.png"", ""inputs/images/piece-04/page-27.png"", ""inputs/images/piece-04/page-28.png"", ""inputs/images/piece-04/page-29.png"", ""inputs/images/piece-04/page-30.png"", ""inputs/images/piece-04/page-31.png""]"
"musp_203","4","Beethoven","Piano Sonata 23, movement 1","What is the principal tonality of this piece?","S/P","tonality/style","Any","Key / tonality","Tonic and mode with accidentals","Single","[""E major""]","[""F minor""]","inputs/abc/piece-04.abc","inputs/midi_performance_event_text/piece-04.txt","inputs/abc_plus_midi/piece-04.abc","inputs/audio/piece-04.wav","inputs/pdf/without_context/piece-04.pdf","[""inputs/images/piece-04/page-01.png"", ""inputs/images/piece-04/page-02.png"", ""inputs/images/piece-04/page-03.png"", ""inputs/images/piece-04/page-04.png"", ""inputs/images/piece-04/page-05.png"", ""inputs/images/piece-04/page-06.png"", ""inputs/images/piece-04/page-07.png"", ""inputs/images/piece-04/page-08.png"", ""inputs/images/piece-04/page-09.png"", ""inputs/images/piece-04/page-10.png"", ""inputs/images/piece-04/page-11.png"", ""inputs/images/piece-04/page-12.png"", ""inputs/images/piece-04/page-13.png"", ""inputs/images/piece-04/page-14.png"", ""inputs/images/piece-04/page-15.png"", ""inputs/images/piece-04/page-16.png"", ""inputs/images/piece-04/page-17.png"", ""inputs/images/piece-04/page-18.png"", ""inputs/images/piece-04/page-19.png"", ""inputs/images/piece-04/page-20.png"", ""inputs/images/piece-04/page-21.png"", ""inputs/images/piece-04/page-22.png"", ""inputs/images/piece-04/page-23.png"", ""inputs/images/piece-04/page-24.png"", ""inputs/images/piece-04/page-25.png"", ""inputs/images/piece-04/page-26.png"", ""inputs/images/piece-04/page-27.png"", ""inputs/images/piece-04/page-28.png"", ""inputs/images/piece-04/page-29.png"", ""inputs/images/piece-04/page-30.png"", ""inputs/images/piece-04/page-31.png""]"
"musp_204","4","Beethoven","Piano Sonata 23, movement 1","Which stylistic period is closest to this piece? Choose one: Baroque, Classical, Late Classical / Early Romantic, Romantic, Late Romantic, Impressionistic, Expressionistic, Post-modern.","S/P","tonality/style","Any","Choice","One choice copied exactly from the question","Single","[]","[""Romantic""]","inputs/abc/piece-04.abc","inputs/midi_performance_event_text/piece-04.txt","inputs/abc_plus_midi/piece-04.abc","inputs/audio/piece-04.wav","inputs/pdf/without_context/piece-04.pdf","[""inputs/images/piece-04/page-01.png"", ""inputs/images/piece-04/page-02.png"", ""inputs/images/piece-04/page-03.png"", ""inputs/images/piece-04/page-04.png"", ""inputs/images/piece-04/page-05.png"", ""inputs/images/piece-04/page-06.png"", ""inputs/images/piece-04/page-07.png"", ""inputs/images/piece-04/page-08.png"", ""inputs/images/piece-04/page-09.png"", ""inputs/images/piece-04/page-10.png"", ""inputs/images/piece-04/page-11.png"", ""inputs/images/piece-04/page-12.png"", ""inputs/images/piece-04/page-13.png"", ""inputs/images/piece-04/page-14.png"", ""inputs/images/piece-04/page-15.png"", ""inputs/images/piece-04/page-16.png"", ""inputs/images/piece-04/page-17.png"", ""inputs/images/piece-04/page-18.png"", ""inputs/images/piece-04/page-19.png"", ""inputs/images/piece-04/page-20.png"", ""inputs/images/piece-04/page-21.png"", ""inputs/images/piece-04/page-22.png"", ""inputs/images/piece-04/page-23.png"", ""inputs/images/piece-04/page-24.png"", ""inputs/images/piece-04/page-25.png"", ""inputs/images/piece-04/page-26.png"", ""inputs/images/piece-04/page-27.png"", ""inputs/images/piece-04/page-28.png"", ""inputs/images/piece-04/page-29.png"", ""inputs/images/piece-04/page-30.png"", ""inputs/images/piece-04/page-31.png""]"
"musp_205","5","Beethoven","Piano Sonata No. 21, movement 1","On which note does the last descending line played only on the white keys of a piano start? Consider the note that initiates an uninterrupted sequence of at least 8 white-key notes.","S/P","general","Long","Pitch","Pitch with octave number","Single","[""A4"", ""G#3"", ""Bb2""]","[""F6""]","inputs/abc/piece-05.abc","inputs/midi_performance_event_text/piece-05.txt","inputs/abc_plus_midi/piece-05.abc","inputs/audio/piece-05.wav","inputs/pdf/without_context/piece-05.pdf","[""inputs/images/piece-05/page-01.png"", ""inputs/images/piece-05/page-02.png"", ""inputs/images/piece-05/page-03.png"", ""inputs/images/piece-05/page-04.png"", ""inputs/images/piece-05/page-05.png"", ""inputs/images/piece-05/page-06.png"", ""inputs/images/piece-05/page-07.png"", ""inputs/images/piece-05/page-08.png"", ""inputs/images/piece-05/page-09.png"", ""inputs/images/piece-05/page-10.png"", ""inputs/images/piece-05/page-11.png"", ""inputs/images/piece-05/page-12.png"", ""inputs/images/piece-05/page-13.png"", ""inputs/images/piece-05/page-14.png"", ""inputs/images/piece-05/page-15.png"", ""inputs/images/piece-05/page-16.png"", ""inputs/images/piece-05/page-17.png"", ""inputs/images/piece-05/page-18.png"", ""inputs/images/piece-05/page-19.png"", ""inputs/images/piece-05/page-20.png""]"
"musp_206","5","Beethoven","Piano Sonata No. 21, movement 1","Who composed this piece?","S/P","composer/title","Any","Short text","Short phrase","Single","[""Johannes Brahms""]","[""Ludwig van Beethoven"", ""Beethoven""]","inputs/abc/piece-05.abc","inputs/midi_performance_event_text/piece-05.txt","inputs/abc_plus_midi/piece-05.abc","inputs/audio/piece-05.wav","inputs/pdf/without_context/piece-05.pdf","[""inputs/images/piece-05/page-01.png"", ""inputs/images/piece-05/page-02.png"", ""inputs/images/piece-05/page-03.png"", ""inputs/images/piece-05/page-04.png"", ""inputs/images/piece-05/page-05.png"", ""inputs/images/piece-05/page-06.png"", ""inputs/images/piece-05/page-07.png"", ""inputs/images/piece-05/page-08.png"", ""inputs/images/piece-05/page-09.png"", ""inputs/images/piece-05/page-10.png"", ""inputs/images/piece-05/page-11.png"", ""inputs/images/piece-05/page-12.png"", ""inputs/images/piece-05/page-13.png"", ""inputs/images/piece-05/page-14.png"", ""inputs/images/piece-05/page-15.png"", ""inputs/images/piece-05/page-16.png"", ""inputs/images/piece-05/page-17.png"", ""inputs/images/piece-05/page-18.png"", ""inputs/images/piece-05/page-19.png"", ""inputs/images/piece-05/page-20.png""]"
"musp_207","5","Beethoven","Piano Sonata No. 21, movement 1","What is the title of this work?","S/P","composer/title","Any","Short text","Short phrase","Single","[""Waltz in E major, Op. 39 No. 5""]","[""Piano Sonata No. 21 in C major, Op. 53, movement I — Allegro con brio"", ""Waldstein Sonata, movement I — Allegro con brio"", ""Piano Sonata No. 21, movement 1 — Allegro con brio"", ""Piano Sonata No. 21 in C major, Op. 53 “Waldstein”"", ""Sonate No. 21, \""Waldstein\"" Opus 53""]","inputs/abc/piece-05.abc","inputs/midi_performance_event_text/piece-05.txt","inputs/abc_plus_midi/piece-05.abc","inputs/audio/piece-05.wav","inputs/pdf/without_context/piece-05.pdf","[""inputs/images/piece-05/page-01.png"", ""inputs/images/piece-05/page-02.png"", ""inputs/images/piece-05/page-03.png"", ""inputs/images/piece-05/page-04.png"", ""inputs/images/piece-05/page-05.png"", ""inputs/images/piece-05/page-06.png"", ""inputs/images/piece-05/page-07.png"", ""inputs/images/piece-05/page-08.png"", ""inputs/images/piece-05/page-09.png"", ""inputs/images/piece-05/page-10.png"", ""inputs/images/piece-05/page-11.png"", ""inputs/images/piece-05/page-12.png"", ""inputs/images/piece-05/page-13.png"", ""inputs/images/piece-05/page-14.png"", ""inputs/images/piece-05/page-15.png"", ""inputs/images/piece-05/page-16.png"", ""inputs/images/piece-05/page-17.png"", ""inputs/images/piece-05/page-18.png"", ""inputs/images/piece-05/page-19.png"", ""inputs/images/piece-05/page-20.png""]"
"musp_208","5","Beethoven","Piano Sonata No. 21, movement 1","What is the principal tonality of this piece?","S/P","tonality/style","Any","Key / tonality","Tonic and mode with accidentals","Single","[""E major""]","[""C major""]","inputs/abc/piece-05.abc","inputs/midi_performance_event_text/piece-05.txt","inputs/abc_plus_midi/piece-05.abc","inputs/audio/piece-05.wav","inputs/pdf/without_context/piece-05.pdf","[""inputs/images/piece-05/page-01.png"", ""inputs/images/piece-05/page-02.png"", ""inputs/images/piece-05/page-03.png"", ""inputs/images/piece-05/page-04.png"", ""inputs/images/piece-05/page-05.png"", ""inputs/images/piece-05/page-06.png"", ""inputs/images/piece-05/page-07.png"", ""inputs/images/piece-05/page-08.png"", ""inputs/images/piece-05/page-09.png"", ""inputs/images/piece-05/page-10.png"", ""inputs/images/piece-05/page-11.png"", ""inputs/images/piece-05/page-12.png"", ""inputs/images/piece-05/page-13.png"", ""inputs/images/piece-05/page-14.png"", ""inputs/images/piece-05/page-15.png"", ""inputs/images/piece-05/page-16.png"", ""inputs/images/piece-05/page-17.png"", ""inputs/images/piece-05/page-18.png"", ""inputs/images/piece-05/page-19.png"", ""inputs/images/piece-05/page-20.png""]"
"musp_209","5","Beethoven","Piano Sonata No. 21, movement 1","Which stylistic period is closest to this piece? Choose one: Baroque, Classical, Late Classical / Early Romantic, Romantic, Late Romantic, Impressionistic, Expressionistic, Post-modern.","S/P","tonality/style","Any","Choice","One choice copied exactly from the question","Single","[]","[""Late Classical / Early Romantic""]","inputs/abc/piece-05.abc","inputs/midi_performance_event_text/piece-05.txt","inputs/abc_plus_midi/piece-05.abc","inputs/audio/piece-05.wav","inputs/pdf/without_context/piece-05.pdf","[""inputs/images/piece-05/page-01.png"", ""inputs/images/piece-05/page-02.png"", ""inputs/images/piece-05/page-03.png"", ""inputs/images/piece-05/page-04.png"", ""inputs/images/piece-05/page-05.png"", ""inputs/images/piece-05/page-06.png"", ""inputs/images/piece-05/page-07.png"", ""inputs/images/piece-05/page-08.png"", ""inputs/images/piece-05/page-09.png"", ""inputs/images/piece-05/page-10.png"", ""inputs/images/piece-05/page-11.png"", ""inputs/images/piece-05/page-12.png"", ""inputs/images/piece-05/page-13.png"", ""inputs/images/piece-05/page-14.png"", ""inputs/images/piece-05/page-15.png"", ""inputs/images/piece-05/page-16.png"", ""inputs/images/piece-05/page-17.png"", ""inputs/images/piece-05/page-18.png"", ""inputs/images/piece-05/page-19.png"", ""inputs/images/piece-05/page-20.png""]"
"musp_210","19","Beethoven","Symphony No. 2, movement 1","Before the first flute note, how many unique pitch classes do the violins play in total? Count each pitch class only once, regardless of octave or repetition.","S/P","general","Mid","Integer","Positive integer","Single","[""4""]","[""1""]","inputs/abc/piece-19.abc","inputs/midi_performance_event_text/piece-19.txt","inputs/abc_plus_midi/piece-19.abc","https://zenodo.org/records/20344500/files/BSED.zip?download=1","inputs/pdf/without_context/piece-19.pdf","[""inputs/images/piece-19/page-1.png"", ""inputs/images/piece-19/page-2.png"", ""inputs/images/piece-19/page-3.png""]"
"musp_211","19","Beethoven","Symphony No. 2, movement 1","Who composed this piece?","S/P","composer/title","Any","Short text","Short phrase","Single","[""Johannes Brahms""]","[""Ludwig van Beethoven"", ""Beethoven""]","inputs/abc/piece-19.abc","inputs/midi_performance_event_text/piece-19.txt","inputs/abc_plus_midi/piece-19.abc","https://zenodo.org/records/20344500/files/BSED.zip?download=1","inputs/pdf/without_context/piece-19.pdf","[""inputs/images/piece-19/page-1.png"", ""inputs/images/piece-19/page-2.png"", ""inputs/images/piece-19/page-3.png""]"
"musp_212","19","Beethoven","Symphony No. 2, movement 1","What is the title of this work?","S/P","composer/title","Any","Short text","Short phrase","Single","[""Waltz in E major, Op. 39 No. 5""]","[""Symphony No. 2 in D major, Op. 36, movement I, Adagio molto – Allegro con brio"", ""Symphony No. 2, movement 1 — Adagio molto – Allegro con brio"", ""Symphony No. 2 in D major, Op. 36 - I. Adagio molto - Allegro con brio""]","inputs/abc/piece-19.abc","inputs/midi_performance_event_text/piece-19.txt","inputs/abc_plus_midi/piece-19.abc","https://zenodo.org/records/20344500/files/BSED.zip?download=1","inputs/pdf/without_context/piece-19.pdf","[""inputs/images/piece-19/page-1.png"", ""inputs/images/piece-19/page-2.png"", ""inputs/images/piece-19/page-3.png""]"
"musp_213","19","Beethoven","Symphony No. 2, movement 1","What is the principal tonality of this piece?","S/P","tonality/style","Any","Key / tonality","Tonic and mode with accidentals","Single","[""E major""]","[""D major""]","inputs/abc/piece-19.abc","inputs/midi_performance_event_text/piece-19.txt","inputs/abc_plus_midi/piece-19.abc","https://zenodo.org/records/20344500/files/BSED.zip?download=1","inputs/pdf/without_context/piece-19.pdf","[""inputs/images/piece-19/page-1.png"", ""inputs/images/piece-19/page-2.png"", ""inputs/images/piece-19/page-3.png""]"
"musp_214","19","Beethoven","Symphony No. 2, movement 1","Which stylistic period is closest to this piece? Choose one: Baroque, Classical, Late Classical / Early Romantic, Romantic, Late Romantic, Impressionistic, Expressionistic, Post-modern.","S/P","tonality/style","Any","Choice","One choice copied exactly from the question","Single","[]","[""Late Classical / Early Romantic"", ""Classical""]","inputs/abc/piece-19.abc","inputs/midi_performance_event_text/piece-19.txt","inputs/abc_plus_midi/piece-19.abc","https://zenodo.org/records/20344500/files/BSED.zip?download=1","inputs/pdf/without_context/piece-19.pdf","[""inputs/images/piece-19/page-1.png"", ""inputs/images/piece-19/page-2.png"", ""inputs/images/piece-19/page-3.png""]"
"musp_215","20","Beethoven","Symphony No. 2, movement 3","Who composed this piece?","S/P","composer/title","Any","Short text","Short phrase","Single","[""Johannes Brahms""]","[""Ludwig van Beethoven"", ""Beethoven""]","inputs/abc/piece-20.abc","inputs/midi_performance_event_text/piece-20.txt","inputs/abc_plus_midi/piece-20.abc","https://zenodo.org/records/20344500/files/BSED.zip?download=1","inputs/pdf/without_context/piece-20.pdf","[""inputs/images/piece-20/page-1.png"", ""inputs/images/piece-20/page-2.png"", ""inputs/images/piece-20/page-3.png""]"
"musp_216","20","Beethoven","Symphony No. 2, movement 3","What is the title of this work?","S/P","composer/title","Any","Short text","Short phrase","Single","[""Waltz in E major, Op. 39 No. 5""]","[""Symphony No. 2 in D major, Op. 36, movement III — Scherzo: Allegro"", ""Symphony No. 2, movement 3 — Scherzo: Allegro"", ""Symphony No. 2 in D major, Op. 36 by Ludwig van Beethoven"", ""Symphony No. 2 in D major, Op. 36 - III. Scherzo: Allegro""]","inputs/abc/piece-20.abc","inputs/midi_performance_event_text/piece-20.txt","inputs/abc_plus_midi/piece-20.abc","https://zenodo.org/records/20344500/files/BSED.zip?download=1","inputs/pdf/without_context/piece-20.pdf","[""inputs/images/piece-20/page-1.png"", ""inputs/images/piece-20/page-2.png"", ""inputs/images/piece-20/page-3.png""]"
"musp_217","20","Beethoven","Symphony No. 2, movement 3","What is the principal tonality of this piece?","S/P","tonality/style","Any","Key / tonality","Tonic and mode with accidentals","Single","[""E major""]","[""D major""]","inputs/abc/piece-20.abc","inputs/midi_performance_event_text/piece-20.txt","inputs/abc_plus_midi/piece-20.abc","https://zenodo.org/records/20344500/files/BSED.zip?download=1","inputs/pdf/without_context/piece-20.pdf","[""inputs/images/piece-20/page-1.png"", ""inputs/images/piece-20/page-2.png"", ""inputs/images/piece-20/page-3.png""]"
"musp_218","20","Beethoven","Symphony No. 2, movement 3","Which stylistic period is closest to this piece? Choose one: Baroque, Classical, Late Classical / Early Romantic, Romantic, Late Romantic, Impressionistic, Expressionistic, Post-modern.","S/P","tonality/style","Any","Choice","One choice copied exactly from the question","Single","[]","[""Late Classical / Early Romantic""]","inputs/abc/piece-20.abc","inputs/midi_performance_event_text/piece-20.txt","inputs/abc_plus_midi/piece-20.abc","https://zenodo.org/records/20344500/files/BSED.zip?download=1","inputs/pdf/without_context/piece-20.pdf","[""inputs/images/piece-20/page-1.png"", ""inputs/images/piece-20/page-2.png"", ""inputs/images/piece-20/page-3.png""]"
"musp_219","21","Beethoven","Symphony No. 4, movement 2","Who composed this piece?","S/P","composer/title","Any","Short text","Short phrase","Single","[""Johannes Brahms""]","[""Ludwig van Beethoven"", ""Beethoven""]","inputs/abc/piece-21.abc","inputs/midi_performance_event_text/piece-21.txt","inputs/abc_plus_midi/piece-21.abc","inputs/audio/piece-21.wav","inputs/pdf/without_context/piece-21.pdf","[""inputs/images/piece-21/page-1.png"", ""inputs/images/piece-21/page-2.png""]"
"musp_220","21","Beethoven","Symphony No. 4, movement 2","What is the title of this work?","S/P","composer/title","Any","Short text","Short phrase","Single","[""Waltz in E major, Op. 39 No. 5""]","[""Symphony No. 4 in B-flat major, Op. 60, movement II, Adagio"", ""Symphony No. 4, movement 2 — Adagio"", ""Symphony No. 4 in B-flat major, Op. 60 - II. Adagio""]","inputs/abc/piece-21.abc","inputs/midi_performance_event_text/piece-21.txt","inputs/abc_plus_midi/piece-21.abc","inputs/audio/piece-21.wav","inputs/pdf/without_context/piece-21.pdf","[""inputs/images/piece-21/page-1.png"", ""inputs/images/piece-21/page-2.png""]"
"musp_221","21","Beethoven","Symphony No. 4, movement 2","What is the principal tonality of this piece?","S/P","tonality/style","Any","Key / tonality","Tonic and mode with accidentals","Single","[""E major""]","[""Eb major"", ""E-flat major""]","inputs/abc/piece-21.abc","inputs/midi_performance_event_text/piece-21.txt","inputs/abc_plus_midi/piece-21.abc","inputs/audio/piece-21.wav","inputs/pdf/without_context/piece-21.pdf","[""inputs/images/piece-21/page-1.png"", ""inputs/images/piece-21/page-2.png""]"
"musp_222","21","Beethoven","Symphony No. 4, movement 2","Which stylistic period is closest to this piece? Choose one: Baroque, Classical, Late Classical / Early Romantic, Romantic, Late Romantic, Impressionistic, Expressionistic, Post-modern.","S/P","tonality/style","Any","Choice","One choice copied exactly from the question","Single","[]","[""Late Classical / Early Romantic""]","inputs/abc/piece-21.abc","inputs/midi_performance_event_text/piece-21.txt","inputs/abc_plus_midi/piece-21.abc","inputs/audio/piece-21.wav","inputs/pdf/without_context/piece-21.pdf","[""inputs/images/piece-21/page-1.png"", ""inputs/images/piece-21/page-2.png""]"
"musp_223","22","Beethoven","Symphony No. 5, movement 1","How many times does the Klopfmotiv (short-short-short-long) appear in total? Count simultaneous statements by multiple instruments as a single occurrence, and count only statements whose first three notes are identical.
","S/P","general","Long","Integer","Positive integer","Single","[""4""]","[""9""]","inputs/abc/piece-22.abc","inputs/midi_performance_event_text/piece-22.txt","inputs/abc_plus_midi/piece-22.abc","inputs/audio/piece-22.wav","inputs/pdf/without_context/piece-22.pdf","[""inputs/images/piece-22/page-1.png"", ""inputs/images/piece-22/page-2.png""]"
"musp_224","22","Beethoven","Symphony No. 5, movement 1","Who composed this piece?","S/P","composer/title","Any","Short text","Short phrase","Single","[""Johannes Brahms""]","[""Ludwig van Beethoven"", ""Beethoven""]","inputs/abc/piece-22.abc","inputs/midi_performance_event_text/piece-22.txt","inputs/abc_plus_midi/piece-22.abc","inputs/audio/piece-22.wav","inputs/pdf/without_context/piece-22.pdf","[""inputs/images/piece-22/page-1.png"", ""inputs/images/piece-22/page-2.png""]"
"musp_225","22","Beethoven","Symphony No. 5, movement 1","What is the title of this work?","S/P","composer/title","Any","Short text","Short phrase","Single","[""Waltz in E major, Op. 39 No. 5""]","[""Symphony No. 5 in C minor, Op. 67, movement I, Allegro con brio"", ""Symphony No. 5, movement 1 — Allegro con brio"", ""Symphony No. 5 in C Minor, Op. 67: I. Allegro con brio""]","inputs/abc/piece-22.abc","inputs/midi_performance_event_text/piece-22.txt","inputs/abc_plus_midi/piece-22.abc","inputs/audio/piece-22.wav","inputs/pdf/without_context/piece-22.pdf","[""inputs/images/piece-22/page-1.png"", ""inputs/images/piece-22/page-2.png""]"
"musp_226","22","Beethoven","Symphony No. 5, movement 1","What is the principal tonality of this piece?","S/P","tonality/style","Any","Key / tonality","Tonic and mode with accidentals","Single","[""E major""]","[""C minor""]","inputs/abc/piece-22.abc","inputs/midi_performance_event_text/piece-22.txt","inputs/abc_plus_midi/piece-22.abc","inputs/audio/piece-22.wav","inputs/pdf/without_context/piece-22.pdf","[""inputs/images/piece-22/page-1.png"", ""inputs/images/piece-22/page-2.png""]"
"musp_227","22","Beethoven","Symphony No. 5, movement 1","Which stylistic period is closest to this piece? Choose one: Baroque, Classical, Late Classical / Early Romantic, Romantic, Late Romantic, Impressionistic, Expressionistic, Post-modern.","S/P","tonality/style","Any","Choice","One choice copied exactly from the question","Single","[]","[""Late Classical / Early Romantic""]","inputs/abc/piece-22.abc","inputs/midi_performance_event_text/piece-22.txt","inputs/abc_plus_midi/piece-22.abc","inputs/audio/piece-22.wav","inputs/pdf/without_context/piece-22.pdf","[""inputs/images/piece-22/page-1.png"", ""inputs/images/piece-22/page-2.png""]"
"musp_228","23","Beethoven","Symphony No. 8, movement 2","Who composed this piece?","S/P","composer/title","Any","Short text","Short phrase","Single","[""Johannes Brahms""]","[""Ludwig van Beethoven"", ""Beethoven""]","inputs/abc/piece-23.abc","inputs/midi_performance_event_text/piece-23.txt","inputs/abc_plus_midi/piece-23.abc","https://zenodo.org/records/20344500/files/BSED.zip?download=1","inputs/pdf/without_context/piece-23.pdf","[""inputs/images/piece-23/page-1.png""]"
"musp_229","23","Beethoven","Symphony No. 8, movement 2","What is the title of this work?","S/P","composer/title","Any","Short text","Short phrase","Single","[""Waltz in E major, Op. 39 No. 5""]","[""Symphony No. 8 in F major, Op. 93, movement II, Allegretto scherzando"", ""Symphony No. 8, movement 2 — Allegretto scherzando"", ""Symphony No. 8 in F major, Op. 93 - II. Allegretto scherzando""]","inputs/abc/piece-23.abc","inputs/midi_performance_event_text/piece-23.txt","inputs/abc_plus_midi/piece-23.abc","https://zenodo.org/records/20344500/files/BSED.zip?download=1","inputs/pdf/without_context/piece-23.pdf","[""inputs/images/piece-23/page-1.png""]"
"musp_230","23","Beethoven","Symphony No. 8, movement 2","What is the principal tonality of this fragment?","S/P","tonality/style","Any","Key / tonality","Tonic and mode with accidentals","Single","[""E major""]","[""F major"", ""B-flat major"", ""B flat major"", ""Bb major""]","inputs/abc/piece-23.abc","inputs/midi_performance_event_text/piece-23.txt","inputs/abc_plus_midi/piece-23.abc","https://zenodo.org/records/20344500/files/BSED.zip?download=1","inputs/pdf/without_context/piece-23.pdf","[""inputs/images/piece-23/page-1.png""]"
"musp_231","23","Beethoven","Symphony No. 8, movement 2","Which stylistic period is closest to this piece? Choose one: Baroque, Classical, Late Classical / Early Romantic, Romantic, Late Romantic, Impressionistic, Expressionistic, Post-modern.","S/P","tonality/style","Any","Choice","One choice copied exactly from the question","Single","[]","[""Late Classical / Early Romantic""]","inputs/abc/piece-23.abc","inputs/midi_performance_event_text/piece-23.txt","inputs/abc_plus_midi/piece-23.abc","https://zenodo.org/records/20344500/files/BSED.zip?download=1","inputs/pdf/without_context/piece-23.pdf","[""inputs/images/piece-23/page-1.png""]"
"musp_232","24","Beethoven","Symphony No. 9, movement 1","How many times is the motif consisting of an eighth, a dotted sixteenth, a thirty-second, and an eighth note played in total? Consider an occurrence where instruments play it simultaneously as only one. Hint: the first occurrence is at the very beginning of the fragment.","S/P","general","Long","Integer","Positive integer","Single","[""2""]","[""9""]","inputs/abc/piece-24.abc","inputs/midi_performance_event_text/piece-24.txt","inputs/abc_plus_midi/piece-24.abc","inputs/audio/piece-24.wav","inputs/pdf/without_context/piece-24.pdf","[""inputs/images/piece-24/page-1.png"", ""inputs/images/piece-24/page-2.png""]"
"musp_233","24","Beethoven","Symphony No. 9, movement 1","Who composed this piece?","S/P","composer/title","Any","Short text","Short phrase","Single","[""Johannes Brahms""]","[""Ludwig van Beethoven"", ""Beethoven""]","inputs/abc/piece-24.abc","inputs/midi_performance_event_text/piece-24.txt","inputs/abc_plus_midi/piece-24.abc","inputs/audio/piece-24.wav","inputs/pdf/without_context/piece-24.pdf","[""inputs/images/piece-24/page-1.png"", ""inputs/images/piece-24/page-2.png""]"
"musp_234","24","Beethoven","Symphony No. 9, movement 1","What is the title of this work?","S/P","composer/title","Any","Short text","Short phrase","Single","[""Waltz in E major, Op. 39 No. 5""]","[""Symphony No. 9 in D minor, Op. 125, movement I — Allegro ma non troppo, un poco maestoso"", ""Symphony No. 9, movement 1 — Allegro ma non troppo, un poco maestoso"", ""Symphony No. 9 in D minor, Op. 125 - First Movement"", ""Symphony No. 9 in D minor, Op. 125 \""Choral\"": I. Allegro ma non troppo, un poco maestoso""]","inputs/abc/piece-24.abc","inputs/midi_performance_event_text/piece-24.txt","inputs/abc_plus_midi/piece-24.abc","inputs/audio/piece-24.wav","inputs/pdf/without_context/piece-24.pdf","[""inputs/images/piece-24/page-1.png"", ""inputs/images/piece-24/page-2.png""]"
"musp_235","24","Beethoven","Symphony No. 9, movement 1","What is the principal tonality of this piece?","S/P","tonality/style","Any","Key / tonality","Tonic and mode with accidentals","Single","[""E major""]","[""D minor""]","inputs/abc/piece-24.abc","inputs/midi_performance_event_text/piece-24.txt","inputs/abc_plus_midi/piece-24.abc","inputs/audio/piece-24.wav","inputs/pdf/without_context/piece-24.pdf","[""inputs/images/piece-24/page-1.png"", ""inputs/images/piece-24/page-2.png""]"
"musp_236","24","Beethoven","Symphony No. 9, movement 1","Which stylistic period is closest to this piece? Choose one: Baroque, Classical, Late Classical / Early Romantic, Romantic, Late Romantic, Impressionistic, Expressionistic, Post-modern.","S/P","tonality/style","Any","Choice","One choice copied exactly from the question","Single","[]","[""Late Classical / Early Romantic""]","inputs/abc/piece-24.abc","inputs/midi_performance_event_text/piece-24.txt","inputs/abc_plus_midi/piece-24.abc","inputs/audio/piece-24.wav","inputs/pdf/without_context/piece-24.pdf","[""inputs/images/piece-24/page-1.png"", ""inputs/images/piece-24/page-2.png""]"
"musp_237","6","Chopin","Ballade No. 1","What specific scale is played in parallel thirds by both hands at the end of the piece? Identify its tonic, mode, and form.","S/P","general","Mid","Key / tonality","Scale (pitch class and mode)","Single","[""C major"", ""F# harmonic minor"", ""D Dorian""]","[""G melodic minor""]","inputs/abc/piece-06.abc","inputs/midi_performance_event_text/piece-06.txt","inputs/abc_plus_midi/piece-06.abc","inputs/audio/piece-06.wav","inputs/pdf/without_context/piece-06.pdf","[""inputs/images/piece-06/page-01.png"", ""inputs/images/piece-06/page-02.png"", ""inputs/images/piece-06/page-03.png"", ""inputs/images/piece-06/page-04.png"", ""inputs/images/piece-06/page-05.png"", ""inputs/images/piece-06/page-06.png"", ""inputs/images/piece-06/page-07.png"", ""inputs/images/piece-06/page-08.png"", ""inputs/images/piece-06/page-09.png"", ""inputs/images/piece-06/page-10.png"", ""inputs/images/piece-06/page-11.png"", ""inputs/images/piece-06/page-12.png"", ""inputs/images/piece-06/page-13.png"", ""inputs/images/piece-06/page-14.png"", ""inputs/images/piece-06/page-15.png"", ""inputs/images/piece-06/page-16.png"", ""inputs/images/piece-06/page-17.png""]"
"musp_238","6","Chopin","Ballade No. 1","At the very end of the piece, chromatic octaves in both hands move first in opposite, then in parallel direction. How many individual octaves (or pitch steps) are played in parallel direction?","S/P","general","Mid","Integer","Positive integer","Single","[""4""]","[""13""]","inputs/abc/piece-06.abc","inputs/midi_performance_event_text/piece-06.txt","inputs/abc_plus_midi/piece-06.abc","inputs/audio/piece-06.wav","inputs/pdf/without_context/piece-06.pdf","[""inputs/images/piece-06/page-01.png"", ""inputs/images/piece-06/page-02.png"", ""inputs/images/piece-06/page-03.png"", ""inputs/images/piece-06/page-04.png"", ""inputs/images/piece-06/page-05.png"", ""inputs/images/piece-06/page-06.png"", ""inputs/images/piece-06/page-07.png"", ""inputs/images/piece-06/page-08.png"", ""inputs/images/piece-06/page-09.png"", ""inputs/images/piece-06/page-10.png"", ""inputs/images/piece-06/page-11.png"", ""inputs/images/piece-06/page-12.png"", ""inputs/images/piece-06/page-13.png"", ""inputs/images/piece-06/page-14.png"", ""inputs/images/piece-06/page-15.png"", ""inputs/images/piece-06/page-16.png"", ""inputs/images/piece-06/page-17.png""]"
"musp_239","6","Chopin","Ballade No. 1","Which specific dance genre is evoked by the material following the short unison introduction?","S/P","general","Mid","Short text","Style or genre","Single","[""Mazurka""]","[""Waltz""]","inputs/abc/piece-06.abc","inputs/midi_performance_event_text/piece-06.txt","inputs/abc_plus_midi/piece-06.abc","inputs/audio/piece-06.wav","inputs/pdf/without_context/piece-06.pdf","[""inputs/images/piece-06/page-01.png"", ""inputs/images/piece-06/page-02.png"", ""inputs/images/piece-06/page-03.png"", ""inputs/images/piece-06/page-04.png"", ""inputs/images/piece-06/page-05.png"", ""inputs/images/piece-06/page-06.png"", ""inputs/images/piece-06/page-07.png"", ""inputs/images/piece-06/page-08.png"", ""inputs/images/piece-06/page-09.png"", ""inputs/images/piece-06/page-10.png"", ""inputs/images/piece-06/page-11.png"", ""inputs/images/piece-06/page-12.png"", ""inputs/images/piece-06/page-13.png"", ""inputs/images/piece-06/page-14.png"", ""inputs/images/piece-06/page-15.png"", ""inputs/images/piece-06/page-16.png"", ""inputs/images/piece-06/page-17.png""]"
"musp_240","6","Chopin","Ballade No. 1","Who composed this piece?","S/P","composer/title","Any","Short text","Short phrase","Single","[""Johannes Brahms""]","[""Frederic Chopin"", ""Frédéric Chopin"", ""Chopin""]","inputs/abc/piece-06.abc","inputs/midi_performance_event_text/piece-06.txt","inputs/abc_plus_midi/piece-06.abc","inputs/audio/piece-06.wav","inputs/pdf/without_context/piece-06.pdf","[""inputs/images/piece-06/page-01.png"", ""inputs/images/piece-06/page-02.png"", ""inputs/images/piece-06/page-03.png"", ""inputs/images/piece-06/page-04.png"", ""inputs/images/piece-06/page-05.png"", ""inputs/images/piece-06/page-06.png"", ""inputs/images/piece-06/page-07.png"", ""inputs/images/piece-06/page-08.png"", ""inputs/images/piece-06/page-09.png"", ""inputs/images/piece-06/page-10.png"", ""inputs/images/piece-06/page-11.png"", ""inputs/images/piece-06/page-12.png"", ""inputs/images/piece-06/page-13.png"", ""inputs/images/piece-06/page-14.png"", ""inputs/images/piece-06/page-15.png"", ""inputs/images/piece-06/page-16.png"", ""inputs/images/piece-06/page-17.png""]"
"musp_241","6","Chopin","Ballade No. 1","What is the title of this work?","S/P","composer/title","Any","Short text","Short phrase","Single","[""Waltz in E major, Op. 39 No. 5""]","[""Ballade No. 1 in G minor, Op. 23"", ""Ballade No. 1""]","inputs/abc/piece-06.abc","inputs/midi_performance_event_text/piece-06.txt","inputs/abc_plus_midi/piece-06.abc","inputs/audio/piece-06.wav","inputs/pdf/without_context/piece-06.pdf","[""inputs/images/piece-06/page-01.png"", ""inputs/images/piece-06/page-02.png"", ""inputs/images/piece-06/page-03.png"", ""inputs/images/piece-06/page-04.png"", ""inputs/images/piece-06/page-05.png"", ""inputs/images/piece-06/page-06.png"", ""inputs/images/piece-06/page-07.png"", ""inputs/images/piece-06/page-08.png"", ""inputs/images/piece-06/page-09.png"", ""inputs/images/piece-06/page-10.png"", ""inputs/images/piece-06/page-11.png"", ""inputs/images/piece-06/page-12.png"", ""inputs/images/piece-06/page-13.png"", ""inputs/images/piece-06/page-14.png"", ""inputs/images/piece-06/page-15.png"", ""inputs/images/piece-06/page-16.png"", ""inputs/images/piece-06/page-17.png""]"
"musp_242","6","Chopin","Ballade No. 1","What is the principal tonality of this piece?","S/P","tonality/style","Any","Key / tonality","Tonic and mode with accidentals","Single","[""E major""]","[""G minor""]","inputs/abc/piece-06.abc","inputs/midi_performance_event_text/piece-06.txt","inputs/abc_plus_midi/piece-06.abc","inputs/audio/piece-06.wav","inputs/pdf/without_context/piece-06.pdf","[""inputs/images/piece-06/page-01.png"", ""inputs/images/piece-06/page-02.png"", ""inputs/images/piece-06/page-03.png"", ""inputs/images/piece-06/page-04.png"", ""inputs/images/piece-06/page-05.png"", ""inputs/images/piece-06/page-06.png"", ""inputs/images/piece-06/page-07.png"", ""inputs/images/piece-06/page-08.png"", ""inputs/images/piece-06/page-09.png"", ""inputs/images/piece-06/page-10.png"", ""inputs/images/piece-06/page-11.png"", ""inputs/images/piece-06/page-12.png"", ""inputs/images/piece-06/page-13.png"", ""inputs/images/piece-06/page-14.png"", ""inputs/images/piece-06/page-15.png"", ""inputs/images/piece-06/page-16.png"", ""inputs/images/piece-06/page-17.png""]"
"musp_243","6","Chopin","Ballade No. 1","Which stylistic period is closest to this piece? Choose one: Baroque, Classical, Late Classical / Early Romantic, Romantic, Late Romantic, Impressionistic, Expressionistic, Post-modern.","S/P","tonality/style","Any","Choice","One choice copied exactly from the question","Single","[]","[""Romantic""]","inputs/abc/piece-06.abc","inputs/midi_performance_event_text/piece-06.txt","inputs/abc_plus_midi/piece-06.abc","inputs/audio/piece-06.wav","inputs/pdf/without_context/piece-06.pdf","[""inputs/images/piece-06/page-01.png"", ""inputs/images/piece-06/page-02.png"", ""inputs/images/piece-06/page-03.png"", ""inputs/images/piece-06/page-04.png"", ""inputs/images/piece-06/page-05.png"", ""inputs/images/piece-06/page-06.png"", ""inputs/images/piece-06/page-07.png"", ""inputs/images/piece-06/page-08.png"", ""inputs/images/piece-06/page-09.png"", ""inputs/images/piece-06/page-10.png"", ""inputs/images/piece-06/page-11.png"", ""inputs/images/piece-06/page-12.png"", ""inputs/images/piece-06/page-13.png"", ""inputs/images/piece-06/page-14.png"", ""inputs/images/piece-06/page-15.png"", ""inputs/images/piece-06/page-16.png"", ""inputs/images/piece-06/page-17.png""]"
"musp_244","7","Chopin","Etude Op. 10 No. 4","Consider the passage that starts after the left-hand octave sequence D-C#-A-F#-C#-D. At the start of this passage, the melody is G#-F#-E#-F#. From this point onward, which beat is most commonly emphasized? Consider the music up until a diminished seventh chord and a short global silence serve as a stop.","S/P","general","Long","Bar / beat","Beat number (digits)","Single","[""1""]","[""4""]","inputs/abc/piece-07.abc","inputs/midi_performance_event_text/piece-07.txt","inputs/abc_plus_midi/piece-07.abc","inputs/audio/piece-07.wav","inputs/pdf/without_context/piece-07.pdf","[""inputs/images/piece-07/page-1.png"", ""inputs/images/piece-07/page-2.png"", ""inputs/images/piece-07/page-3.png"", ""inputs/images/piece-07/page-4.png"", ""inputs/images/piece-07/page-5.png"", ""inputs/images/piece-07/page-6.png"", ""inputs/images/piece-07/page-7.png"", ""inputs/images/piece-07/page-8.png""]"
"musp_245","7","Chopin","Etude Op. 10 No. 4","Who composed this piece?","S/P","composer/title","Any","Short text","Short phrase","Single","[""Johannes Brahms""]","[""Frederic Chopin"", ""Frédéric Chopin"", ""Chopin""]","inputs/abc/piece-07.abc","inputs/midi_performance_event_text/piece-07.txt","inputs/abc_plus_midi/piece-07.abc","inputs/audio/piece-07.wav","inputs/pdf/without_context/piece-07.pdf","[""inputs/images/piece-07/page-1.png"", ""inputs/images/piece-07/page-2.png"", ""inputs/images/piece-07/page-3.png"", ""inputs/images/piece-07/page-4.png"", ""inputs/images/piece-07/page-5.png"", ""inputs/images/piece-07/page-6.png"", ""inputs/images/piece-07/page-7.png"", ""inputs/images/piece-07/page-8.png""]"
"musp_246","7","Chopin","Etude Op. 10 No. 4","What is the title of this work?","S/P","composer/title","Any","Short text","Short phrase","Single","[""Waltz in E major, Op. 39 No. 5""]","[""Etude in C-sharp minor, Op. 10 No. 4"", ""Étude in C-sharp minor, Op. 10 No. 4"", ""Etude Op. 10 No. 4"", ""Étude in C♯ Minor, Op. 10 No. 4""]","inputs/abc/piece-07.abc","inputs/midi_performance_event_text/piece-07.txt","inputs/abc_plus_midi/piece-07.abc","inputs/audio/piece-07.wav","inputs/pdf/without_context/piece-07.pdf","[""inputs/images/piece-07/page-1.png"", ""inputs/images/piece-07/page-2.png"", ""inputs/images/piece-07/page-3.png"", ""inputs/images/piece-07/page-4.png"", ""inputs/images/piece-07/page-5.png"", ""inputs/images/piece-07/page-6.png"", ""inputs/images/piece-07/page-7.png"", ""inputs/images/piece-07/page-8.png""]"
"musp_247","7","Chopin","Etude Op. 10 No. 4","What is the principal tonality of this piece?","S/P","tonality/style","Any","Key / tonality","Tonic and mode with accidentals","Single","[""E major""]","[""C# minor"", ""C-sharp minor""]","inputs/abc/piece-07.abc","inputs/midi_performance_event_text/piece-07.txt","inputs/abc_plus_midi/piece-07.abc","inputs/audio/piece-07.wav","inputs/pdf/without_context/piece-07.pdf","[""inputs/images/piece-07/page-1.png"", ""inputs/images/piece-07/page-2.png"", ""inputs/images/piece-07/page-3.png"", ""inputs/images/piece-07/page-4.png"", ""inputs/images/piece-07/page-5.png"", ""inputs/images/piece-07/page-6.png"", ""inputs/images/piece-07/page-7.png"", ""inputs/images/piece-07/page-8.png""]"
"musp_248","7","Chopin","Etude Op. 10 No. 4","Which stylistic period is closest to this piece? Choose one: Baroque, Classical, Late Classical / Early Romantic, Romantic, Late Romantic, Impressionistic, Expressionistic, Post-modern.","S/P","tonality/style","Any","Choice","One choice copied exactly from the question","Single","[]","[""Romantic""]","inputs/abc/piece-07.abc","inputs/midi_performance_event_text/piece-07.txt","inputs/abc_plus_midi/piece-07.abc","inputs/audio/piece-07.wav","inputs/pdf/without_context/piece-07.pdf","[""inputs/images/piece-07/page-1.png"", ""inputs/images/piece-07/page-2.png"", ""inputs/images/piece-07/page-3.png"", ""inputs/images/piece-07/page-4.png"", ""inputs/images/piece-07/page-5.png"", ""inputs/images/piece-07/page-6.png"", ""inputs/images/piece-07/page-7.png"", ""inputs/images/piece-07/page-8.png""]"
"musp_249","8","Debussy","Reflets dans l'eau","In the opening of the piece up until the moment where the two hands start playing parallel octave-chords moving in opposite direction, decorative one-voiced lines that start on high pitches and move toward the center of the piano may create the impression of flickering light on the surface of the water. Which intervals are commonly formed between consecutive notes in this line?","S/P","general","Mid","Interval","Interval quality and size","Pair","[""major third, minor seventh""]","[""Perfect fourth, perfect fifth"", ""Perfect fifth, perfect fourth""]","inputs/abc/piece-08.abc","inputs/midi_performance_event_text/piece-08.txt","inputs/abc_plus_midi/piece-08.abc","inputs/audio/piece-08.wav","inputs/pdf/without_context/piece-08.pdf","[""inputs/images/piece-08/page-1.png"", ""inputs/images/piece-08/page-2.png"", ""inputs/images/piece-08/page-3.png"", ""inputs/images/piece-08/page-4.png"", ""inputs/images/piece-08/page-5.png"", ""inputs/images/piece-08/page-6.png"", ""inputs/images/piece-08/page-7.png"", ""inputs/images/piece-08/page-8.png"", ""inputs/images/piece-08/page-9.png""]"
"musp_250","8","Debussy","Reflets dans l'eau","What is the highest note of the piece?","S/P","general","Long","Pitch","Pitch with octave number","Single","[""A4"", ""G#3"", ""Bb2""]","[""Bb7""]","inputs/abc/piece-08.abc","inputs/midi_performance_event_text/piece-08.txt","inputs/abc_plus_midi/piece-08.abc","inputs/audio/piece-08.wav","inputs/pdf/without_context/piece-08.pdf","[""inputs/images/piece-08/page-1.png"", ""inputs/images/piece-08/page-2.png"", ""inputs/images/piece-08/page-3.png"", ""inputs/images/piece-08/page-4.png"", ""inputs/images/piece-08/page-5.png"", ""inputs/images/piece-08/page-6.png"", ""inputs/images/piece-08/page-7.png"", ""inputs/images/piece-08/page-8.png"", ""inputs/images/piece-08/page-9.png""]"
"musp_251","8","Debussy","Reflets dans l'eau","Who composed this piece?","S/P","composer/title","Any","Short text","Short phrase","Single","[""Johannes Brahms""]","[""Claude Debussy"", ""Debussy""]","inputs/abc/piece-08.abc","inputs/midi_performance_event_text/piece-08.txt","inputs/abc_plus_midi/piece-08.abc","inputs/audio/piece-08.wav","inputs/pdf/without_context/piece-08.pdf","[""inputs/images/piece-08/page-1.png"", ""inputs/images/piece-08/page-2.png"", ""inputs/images/piece-08/page-3.png"", ""inputs/images/piece-08/page-4.png"", ""inputs/images/piece-08/page-5.png"", ""inputs/images/piece-08/page-6.png"", ""inputs/images/piece-08/page-7.png"", ""inputs/images/piece-08/page-8.png"", ""inputs/images/piece-08/page-9.png""]"
"musp_252","8","Debussy","Reflets dans l'eau","What is the title of this work?","S/P","composer/title","Any","Short text","Short phrase","Single","[""Waltz in E major, Op. 39 No. 5""]","[""Reflets dans l'eau"", ""Reflets dans l’eau"", ""Images, Book I: Reflets dans l'eau""]","inputs/abc/piece-08.abc","inputs/midi_performance_event_text/piece-08.txt","inputs/abc_plus_midi/piece-08.abc","inputs/audio/piece-08.wav","inputs/pdf/without_context/piece-08.pdf","[""inputs/images/piece-08/page-1.png"", ""inputs/images/piece-08/page-2.png"", ""inputs/images/piece-08/page-3.png"", ""inputs/images/piece-08/page-4.png"", ""inputs/images/piece-08/page-5.png"", ""inputs/images/piece-08/page-6.png"", ""inputs/images/piece-08/page-7.png"", ""inputs/images/piece-08/page-8.png"", ""inputs/images/piece-08/page-9.png""]"
"musp_253","8","Debussy","Reflets dans l'eau","What is the principal tonality of this piece?","S/P","tonality/style","Any","Key / tonality","Tonic and mode with accidentals","Single","[""E major""]","[""Db major"", ""D-flat major""]","inputs/abc/piece-08.abc","inputs/midi_performance_event_text/piece-08.txt","inputs/abc_plus_midi/piece-08.abc","inputs/audio/piece-08.wav","inputs/pdf/without_context/piece-08.pdf","[""inputs/images/piece-08/page-1.png"", ""inputs/images/piece-08/page-2.png"", ""inputs/images/piece-08/page-3.png"", ""inputs/images/piece-08/page-4.png"", ""inputs/images/piece-08/page-5.png"", ""inputs/images/piece-08/page-6.png"", ""inputs/images/piece-08/page-7.png"", ""inputs/images/piece-08/page-8.png"", ""inputs/images/piece-08/page-9.png""]"
"musp_254","8","Debussy","Reflets dans l'eau","Which stylistic period is closest to this piece? Choose one: Baroque, Classical, Late Classical / Early Romantic, Romantic, Late Romantic, Impressionistic, Expressionistic, Post-modern.","S/P","tonality/style","Any","Choice","One choice copied exactly from the question","Single","[]","[""Impressionistic""]","inputs/abc/piece-08.abc","inputs/midi_performance_event_text/piece-08.txt","inputs/abc_plus_midi/piece-08.abc","inputs/audio/piece-08.wav","inputs/pdf/without_context/piece-08.pdf","[""inputs/images/piece-08/page-1.png"", ""inputs/images/piece-08/page-2.png"", ""inputs/images/piece-08/page-3.png"", ""inputs/images/piece-08/page-4.png"", ""inputs/images/piece-08/page-5.png"", ""inputs/images/piece-08/page-6.png"", ""inputs/images/piece-08/page-7.png"", ""inputs/images/piece-08/page-8.png"", ""inputs/images/piece-08/page-9.png""]"
"musp_255","9","Glinka","The Lark","How many times does the lark chirp at the beginning of the piece, before the melody is presented in full? Count each short, uninterrupted fragment separated from the others by silence as one chirp. Hint: the answer is greater than 3.","S/P","general","Mid","Integer","Positive integer","Single","[""4""]","[""9""]","inputs/abc/piece-09.abc","inputs/midi_performance_event_text/piece-09.txt","inputs/abc_plus_midi/piece-09.abc","inputs/audio/piece-09.wav","inputs/pdf/without_context/piece-09.pdf","[""inputs/images/piece-09/page-1.png"", ""inputs/images/piece-09/page-2.png"", ""inputs/images/piece-09/page-3.png"", ""inputs/images/piece-09/page-4.png"", ""inputs/images/piece-09/page-5.png"", ""inputs/images/piece-09/page-6.png"", ""inputs/images/piece-09/page-7.png""]"
"musp_256","9","Glinka","The Lark","Consider the passage that lasts approximately 10 seconds immediately before the return of the chirping at the end of the piece. Which natural element or phenomenon is most strongly evoked?

A. The weight of the earth
B. The movement of water
C. Strong gusts of wind
D. The sudden flare of fire
E. The gradual breaking of sunlight
F. The distant rumble of thunder
G. The suspended stillness of ice
H. The quiet rustling of leaves

Answer with the letter only.","S/P","general","Mid","Choice","One choice copied exactly from the question","Single","[]","[""B""]","inputs/abc/piece-09.abc","inputs/midi_performance_event_text/piece-09.txt","inputs/abc_plus_midi/piece-09.abc","inputs/audio/piece-09.wav","inputs/pdf/without_context/piece-09.pdf","[""inputs/images/piece-09/page-1.png"", ""inputs/images/piece-09/page-2.png"", ""inputs/images/piece-09/page-3.png"", ""inputs/images/piece-09/page-4.png"", ""inputs/images/piece-09/page-5.png"", ""inputs/images/piece-09/page-6.png"", ""inputs/images/piece-09/page-7.png""]"
"musp_257","9","Glinka","The Lark","Consider each complete musical fragment followed by a silence in all voices at the same time to be one phrase. Consider the very beginning up until the first arrival of a Schubert-like accompaniment. On which pitch does each phrase within this passage end? List the ending pitches in chronological order.","S/P","general","Mid","Pitch","Pitch with octave number","Single","[""A4"", ""G#3"", ""Bb2""]","[""F7, Gb7, F7""]","inputs/abc/piece-09.abc","inputs/midi_performance_event_text/piece-09.txt","inputs/abc_plus_midi/piece-09.abc","inputs/audio/piece-09.wav","inputs/pdf/without_context/piece-09.pdf","[""inputs/images/piece-09/page-1.png"", ""inputs/images/piece-09/page-2.png"", ""inputs/images/piece-09/page-3.png"", ""inputs/images/piece-09/page-4.png"", ""inputs/images/piece-09/page-5.png"", ""inputs/images/piece-09/page-6.png"", ""inputs/images/piece-09/page-7.png""]"
"musp_258","9","Glinka","The Lark","Who composed this piece?","S/P","composer/title","Any","Short text","Short phrase","Single","[""Johannes Brahms""]","[""Mikhail Glinka"", ""Glinka"", ""Mikhail Glinka, transcribed by Mily Balakirev""]","inputs/abc/piece-09.abc","inputs/midi_performance_event_text/piece-09.txt","inputs/abc_plus_midi/piece-09.abc","inputs/audio/piece-09.wav","inputs/pdf/without_context/piece-09.pdf","[""inputs/images/piece-09/page-1.png"", ""inputs/images/piece-09/page-2.png"", ""inputs/images/piece-09/page-3.png"", ""inputs/images/piece-09/page-4.png"", ""inputs/images/piece-09/page-5.png"", ""inputs/images/piece-09/page-6.png"", ""inputs/images/piece-09/page-7.png""]"
"musp_259","9","Glinka","The Lark","What is the title of this work?","S/P","composer/title","Any","Short text","Short phrase","Single","[""Waltz in E major, Op. 39 No. 5""]","[""The Lark"", ""The Lark, transcribed by Mily Balakirev""]","inputs/abc/piece-09.abc","inputs/midi_performance_event_text/piece-09.txt","inputs/abc_plus_midi/piece-09.abc","inputs/audio/piece-09.wav","inputs/pdf/without_context/piece-09.pdf","[""inputs/images/piece-09/page-1.png"", ""inputs/images/piece-09/page-2.png"", ""inputs/images/piece-09/page-3.png"", ""inputs/images/piece-09/page-4.png"", ""inputs/images/piece-09/page-5.png"", ""inputs/images/piece-09/page-6.png"", ""inputs/images/piece-09/page-7.png""]"
"musp_260","9","Glinka","The Lark","What is the principal tonality of this piece?","S/P","tonality/style","Any","Key / tonality","Tonic and mode with accidentals","Single","[""E major""]","[""Bb minor"", ""B-flat minor""]","inputs/abc/piece-09.abc","inputs/midi_performance_event_text/piece-09.txt","inputs/abc_plus_midi/piece-09.abc","inputs/audio/piece-09.wav","inputs/pdf/without_context/piece-09.pdf","[""inputs/images/piece-09/page-1.png"", ""inputs/images/piece-09/page-2.png"", ""inputs/images/piece-09/page-3.png"", ""inputs/images/piece-09/page-4.png"", ""inputs/images/piece-09/page-5.png"", ""inputs/images/piece-09/page-6.png"", ""inputs/images/piece-09/page-7.png""]"
"musp_261","9","Glinka","The Lark","Which stylistic period is closest to this piece? Choose one: Baroque, Classical, Late Classical / Early Romantic, Romantic, Late Romantic, Impressionistic, Expressionistic, Post-modern.","S/P","tonality/style","Any","Choice","One choice copied exactly from the question","Single","[]","[""Late Classical / Early Romantic"", ""Romantic""]","inputs/abc/piece-09.abc","inputs/midi_performance_event_text/piece-09.txt","inputs/abc_plus_midi/piece-09.abc","inputs/audio/piece-09.wav","inputs/pdf/without_context/piece-09.pdf","[""inputs/images/piece-09/page-1.png"", ""inputs/images/piece-09/page-2.png"", ""inputs/images/piece-09/page-3.png"", ""inputs/images/piece-09/page-4.png"", ""inputs/images/piece-09/page-5.png"", ""inputs/images/piece-09/page-6.png"", ""inputs/images/piece-09/page-7.png""]"
"musp_262","10","Haydn","Keyboard Sonata 48, movement 2","Consider the descending line going from A5 to B4, passing through each note of the C major scale in-between those notes, played at the very beginning of the piece. How many times does it occur before an uninterrupted sequence of 16 thirds is played for the first time? Consider repeats. ","S/P","general","Long","Integer","Positive integer","Single","[""6""]","[""4""]","inputs/abc/piece-10.abc","inputs/midi_performance_event_text/piece-10.txt","inputs/abc_plus_midi/piece-10.abc","inputs/audio/piece-10.wav","inputs/pdf/without_context/piece-10.pdf","[""inputs/images/piece-10/page-1.png"", ""inputs/images/piece-10/page-2.png"", ""inputs/images/piece-10/page-3.png"", ""inputs/images/piece-10/page-4.png"", ""inputs/images/piece-10/page-5.png"", ""inputs/images/piece-10/page-6.png"", ""inputs/images/piece-10/page-7.png"", ""inputs/images/piece-10/page-8.png""]"
"musp_263","10","Haydn","Keyboard Sonata 48, movement 2","The composer uses a motif to announce the beginning of the main melody of the piece. Given that the piece is written in 2/4, of which notes and note values does this motif consist?","S/P","general","Long","Composite answer","Note value and pitch class without octave","List ordered by appearance","[""quarter note A, whole note B""]","[""eighth note G, eighth note G""]","inputs/abc/piece-10.abc","inputs/midi_performance_event_text/piece-10.txt","inputs/abc_plus_midi/piece-10.abc","inputs/audio/piece-10.wav","inputs/pdf/without_context/piece-10.pdf","[""inputs/images/piece-10/page-1.png"", ""inputs/images/piece-10/page-2.png"", ""inputs/images/piece-10/page-3.png"", ""inputs/images/piece-10/page-4.png"", ""inputs/images/piece-10/page-5.png"", ""inputs/images/piece-10/page-6.png"", ""inputs/images/piece-10/page-7.png"", ""inputs/images/piece-10/page-8.png""]"
"musp_264","10","Haydn","Keyboard Sonata 48, movement 2","To which two tonal centers does the music most significantly modulate?","S/P","general","Long","Key / tonality","Scale (pitch class and mode)","List","[""C major, F# minor, D Dorian""]","[""G major, C minor"", ""G major, C minor, Ab major""]","inputs/abc/piece-10.abc","inputs/midi_performance_event_text/piece-10.txt","inputs/abc_plus_midi/piece-10.abc","inputs/audio/piece-10.wav","inputs/pdf/without_context/piece-10.pdf","[""inputs/images/piece-10/page-1.png"", ""inputs/images/piece-10/page-2.png"", ""inputs/images/piece-10/page-3.png"", ""inputs/images/piece-10/page-4.png"", ""inputs/images/piece-10/page-5.png"", ""inputs/images/piece-10/page-6.png"", ""inputs/images/piece-10/page-7.png"", ""inputs/images/piece-10/page-8.png""]"
"musp_265","10","Haydn","Keyboard Sonata 48, movement 2","Who composed this piece?","S/P","composer/title","Any","Short text","Short phrase","Single","[""Johannes Brahms""]","[""Joseph Haydn"", ""Franz Joseph Haydn"", ""Haydn""]","inputs/abc/piece-10.abc","inputs/midi_performance_event_text/piece-10.txt","inputs/abc_plus_midi/piece-10.abc","inputs/audio/piece-10.wav","inputs/pdf/without_context/piece-10.pdf","[""inputs/images/piece-10/page-1.png"", ""inputs/images/piece-10/page-2.png"", ""inputs/images/piece-10/page-3.png"", ""inputs/images/piece-10/page-4.png"", ""inputs/images/piece-10/page-5.png"", ""inputs/images/piece-10/page-6.png"", ""inputs/images/piece-10/page-7.png"", ""inputs/images/piece-10/page-8.png""]"
"musp_266","10","Haydn","Keyboard Sonata 48, movement 2","What is the title of this work?","S/P","composer/title","Any","Short text","Short phrase","Single","[""Waltz in E major, Op. 39 No. 5""]","[""Keyboard Sonata in C major, Hob. XVI:48, movement II"", ""Keyboard Sonata 48, movement 2"", ""Sonate in C, Hob. XVI:48 - 2. Satz Rondo Presto"", ""Sonate in C, 2. Satz""]","inputs/abc/piece-10.abc","inputs/midi_performance_event_text/piece-10.txt","inputs/abc_plus_midi/piece-10.abc","inputs/audio/piece-10.wav","inputs/pdf/without_context/piece-10.pdf","[""inputs/images/piece-10/page-1.png"", ""inputs/images/piece-10/page-2.png"", ""inputs/images/piece-10/page-3.png"", ""inputs/images/piece-10/page-4.png"", ""inputs/images/piece-10/page-5.png"", ""inputs/images/piece-10/page-6.png"", ""inputs/images/piece-10/page-7.png"", ""inputs/images/piece-10/page-8.png""]"
"musp_267","10","Haydn","Keyboard Sonata 48, movement 2","What is the principal tonality of this piece?","S/P","tonality/style","Any","Key / tonality","Tonic and mode with accidentals","Single","[""E major""]","[""C major""]","inputs/abc/piece-10.abc","inputs/midi_performance_event_text/piece-10.txt","inputs/abc_plus_midi/piece-10.abc","inputs/audio/piece-10.wav","inputs/pdf/without_context/piece-10.pdf","[""inputs/images/piece-10/page-1.png"", ""inputs/images/piece-10/page-2.png"", ""inputs/images/piece-10/page-3.png"", ""inputs/images/piece-10/page-4.png"", ""inputs/images/piece-10/page-5.png"", ""inputs/images/piece-10/page-6.png"", ""inputs/images/piece-10/page-7.png"", ""inputs/images/piece-10/page-8.png""]"
"musp_268","10","Haydn","Keyboard Sonata 48, movement 2","Which stylistic period is closest to this piece? Choose one: Baroque, Classical, Late Classical / Early Romantic, Romantic, Late Romantic, Impressionistic, Expressionistic, Post-modern.","S/P","tonality/style","Any","Choice","One choice copied exactly from the question","Single","[]","[""Classical""]","inputs/abc/piece-10.abc","inputs/midi_performance_event_text/piece-10.txt","inputs/abc_plus_midi/piece-10.abc","inputs/audio/piece-10.wav","inputs/pdf/without_context/piece-10.pdf","[""inputs/images/piece-10/page-1.png"", ""inputs/images/piece-10/page-2.png"", ""inputs/images/piece-10/page-3.png"", ""inputs/images/piece-10/page-4.png"", ""inputs/images/piece-10/page-5.png"", ""inputs/images/piece-10/page-6.png"", ""inputs/images/piece-10/page-7.png"", ""inputs/images/piece-10/page-8.png""]"
"musp_269","11","Liszt","Ballade No. 2","Which two notes form the piece's last retardation?","S/P","general","Short","Pitch","Pitch class without octave number","Pair","[""A, B""]","[""G#, F#""]","inputs/abc/piece-11.abc","inputs/midi_performance_event_text/piece-11.txt","inputs/abc_plus_midi/piece-11.abc","inputs/audio/piece-11.wav","inputs/pdf/without_context/piece-11.pdf","[""inputs/images/piece-11/page-01.png"", ""inputs/images/piece-11/page-02.png"", ""inputs/images/piece-11/page-03.png"", ""inputs/images/piece-11/page-04.png"", ""inputs/images/piece-11/page-05.png"", ""inputs/images/piece-11/page-06.png"", ""inputs/images/piece-11/page-07.png"", ""inputs/images/piece-11/page-08.png"", ""inputs/images/piece-11/page-09.png"", ""inputs/images/piece-11/page-10.png"", ""inputs/images/piece-11/page-11.png"", ""inputs/images/piece-11/page-12.png"", ""inputs/images/piece-11/page-13.png"", ""inputs/images/piece-11/page-14.png"", ""inputs/images/piece-11/page-15.png"", ""inputs/images/piece-11/page-16.png"", ""inputs/images/piece-11/page-17.png"", ""inputs/images/piece-11/page-18.png"", ""inputs/images/piece-11/page-19.png"", ""inputs/images/piece-11/page-20.png"", ""inputs/images/piece-11/page-21.png"", ""inputs/images/piece-11/page-22.png"", ""inputs/images/piece-11/page-23.png"", ""inputs/images/piece-11/page-24.png""]"
"musp_270","11","Liszt","Ballade No. 2","How many times does the rumbling character and the associated melody introduced at the opening appear throughout the piece?","S/P","general","Long","Integer","Positive integer","Single","[""3""]","[""4""]","inputs/abc/piece-11.abc","inputs/midi_performance_event_text/piece-11.txt","inputs/abc_plus_midi/piece-11.abc","inputs/audio/piece-11.wav","inputs/pdf/without_context/piece-11.pdf","[""inputs/images/piece-11/page-01.png"", ""inputs/images/piece-11/page-02.png"", ""inputs/images/piece-11/page-03.png"", ""inputs/images/piece-11/page-04.png"", ""inputs/images/piece-11/page-05.png"", ""inputs/images/piece-11/page-06.png"", ""inputs/images/piece-11/page-07.png"", ""inputs/images/piece-11/page-08.png"", ""inputs/images/piece-11/page-09.png"", ""inputs/images/piece-11/page-10.png"", ""inputs/images/piece-11/page-11.png"", ""inputs/images/piece-11/page-12.png"", ""inputs/images/piece-11/page-13.png"", ""inputs/images/piece-11/page-14.png"", ""inputs/images/piece-11/page-15.png"", ""inputs/images/piece-11/page-16.png"", ""inputs/images/piece-11/page-17.png"", ""inputs/images/piece-11/page-18.png"", ""inputs/images/piece-11/page-19.png"", ""inputs/images/piece-11/page-20.png"", ""inputs/images/piece-11/page-21.png"", ""inputs/images/piece-11/page-22.png"", ""inputs/images/piece-11/page-23.png"", ""inputs/images/piece-11/page-24.png""]"
"musp_271","11","Liszt","Ballade No. 2","At the beginning of the piece, transcribe the complete upper melody that starts “F#, G, A, B” and is heard above the rumbling accompaniment. Continue through the final B immediately before the separate ascending solo line peaks with an E4. What are the pitch names of this melody?","S/P","general","Long","Pitch","Pitch class without octave number","List ordered by appearance","[""C#, Bb, F""]","[""F#, G, A, B, F#, A, G, G, F#, C#, D, E, F#, C#, D, E, F#, G, A, B""]","inputs/abc/piece-11.abc","inputs/midi_performance_event_text/piece-11.txt","inputs/abc_plus_midi/piece-11.abc","inputs/audio/piece-11.wav","inputs/pdf/without_context/piece-11.pdf","[""inputs/images/piece-11/page-01.png"", ""inputs/images/piece-11/page-02.png"", ""inputs/images/piece-11/page-03.png"", ""inputs/images/piece-11/page-04.png"", ""inputs/images/piece-11/page-05.png"", ""inputs/images/piece-11/page-06.png"", ""inputs/images/piece-11/page-07.png"", ""inputs/images/piece-11/page-08.png"", ""inputs/images/piece-11/page-09.png"", ""inputs/images/piece-11/page-10.png"", ""inputs/images/piece-11/page-11.png"", ""inputs/images/piece-11/page-12.png"", ""inputs/images/piece-11/page-13.png"", ""inputs/images/piece-11/page-14.png"", ""inputs/images/piece-11/page-15.png"", ""inputs/images/piece-11/page-16.png"", ""inputs/images/piece-11/page-17.png"", ""inputs/images/piece-11/page-18.png"", ""inputs/images/piece-11/page-19.png"", ""inputs/images/piece-11/page-20.png"", ""inputs/images/piece-11/page-21.png"", ""inputs/images/piece-11/page-22.png"", ""inputs/images/piece-11/page-23.png"", ""inputs/images/piece-11/page-24.png""]"
"musp_272","11","Liszt","Ballade No. 2","Who composed this piece?","S/P","composer/title","Any","Short text","Short phrase","Single","[""Johannes Brahms""]","[""Franz Liszt"", ""Liszt""]","inputs/abc/piece-11.abc","inputs/midi_performance_event_text/piece-11.txt","inputs/abc_plus_midi/piece-11.abc","inputs/audio/piece-11.wav","inputs/pdf/without_context/piece-11.pdf","[""inputs/images/piece-11/page-01.png"", ""inputs/images/piece-11/page-02.png"", ""inputs/images/piece-11/page-03.png"", ""inputs/images/piece-11/page-04.png"", ""inputs/images/piece-11/page-05.png"", ""inputs/images/piece-11/page-06.png"", ""inputs/images/piece-11/page-07.png"", ""inputs/images/piece-11/page-08.png"", ""inputs/images/piece-11/page-09.png"", ""inputs/images/piece-11/page-10.png"", ""inputs/images/piece-11/page-11.png"", ""inputs/images/piece-11/page-12.png"", ""inputs/images/piece-11/page-13.png"", ""inputs/images/piece-11/page-14.png"", ""inputs/images/piece-11/page-15.png"", ""inputs/images/piece-11/page-16.png"", ""inputs/images/piece-11/page-17.png"", ""inputs/images/piece-11/page-18.png"", ""inputs/images/piece-11/page-19.png"", ""inputs/images/piece-11/page-20.png"", ""inputs/images/piece-11/page-21.png"", ""inputs/images/piece-11/page-22.png"", ""inputs/images/piece-11/page-23.png"", ""inputs/images/piece-11/page-24.png""]"
"musp_273","11","Liszt","Ballade No. 2","What is the title of this work?","S/P","composer/title","Any","Short text","Short phrase","Single","[""Waltz in E major, Op. 39 No. 5""]","[""Ballade No. 2 in B minor, S. 171"", ""Ballade No. 2"", ""Ballade No. 2 in B minor""]","inputs/abc/piece-11.abc","inputs/midi_performance_event_text/piece-11.txt","inputs/abc_plus_midi/piece-11.abc","inputs/audio/piece-11.wav","inputs/pdf/without_context/piece-11.pdf","[""inputs/images/piece-11/page-01.png"", ""inputs/images/piece-11/page-02.png"", ""inputs/images/piece-11/page-03.png"", ""inputs/images/piece-11/page-04.png"", ""inputs/images/piece-11/page-05.png"", ""inputs/images/piece-11/page-06.png"", ""inputs/images/piece-11/page-07.png"", ""inputs/images/piece-11/page-08.png"", ""inputs/images/piece-11/page-09.png"", ""inputs/images/piece-11/page-10.png"", ""inputs/images/piece-11/page-11.png"", ""inputs/images/piece-11/page-12.png"", ""inputs/images/piece-11/page-13.png"", ""inputs/images/piece-11/page-14.png"", ""inputs/images/piece-11/page-15.png"", ""inputs/images/piece-11/page-16.png"", ""inputs/images/piece-11/page-17.png"", ""inputs/images/piece-11/page-18.png"", ""inputs/images/piece-11/page-19.png"", ""inputs/images/piece-11/page-20.png"", ""inputs/images/piece-11/page-21.png"", ""inputs/images/piece-11/page-22.png"", ""inputs/images/piece-11/page-23.png"", ""inputs/images/piece-11/page-24.png""]"
"musp_274","11","Liszt","Ballade No. 2","What is the principal tonality of this piece?","S/P","tonality/style","Any","Key / tonality","Tonic and mode with accidentals","Single","[""E major""]","[""B minor""]","inputs/abc/piece-11.abc","inputs/midi_performance_event_text/piece-11.txt","inputs/abc_plus_midi/piece-11.abc","inputs/audio/piece-11.wav","inputs/pdf/without_context/piece-11.pdf","[""inputs/images/piece-11/page-01.png"", ""inputs/images/piece-11/page-02.png"", ""inputs/images/piece-11/page-03.png"", ""inputs/images/piece-11/page-04.png"", ""inputs/images/piece-11/page-05.png"", ""inputs/images/piece-11/page-06.png"", ""inputs/images/piece-11/page-07.png"", ""inputs/images/piece-11/page-08.png"", ""inputs/images/piece-11/page-09.png"", ""inputs/images/piece-11/page-10.png"", ""inputs/images/piece-11/page-11.png"", ""inputs/images/piece-11/page-12.png"", ""inputs/images/piece-11/page-13.png"", ""inputs/images/piece-11/page-14.png"", ""inputs/images/piece-11/page-15.png"", ""inputs/images/piece-11/page-16.png"", ""inputs/images/piece-11/page-17.png"", ""inputs/images/piece-11/page-18.png"", ""inputs/images/piece-11/page-19.png"", ""inputs/images/piece-11/page-20.png"", ""inputs/images/piece-11/page-21.png"", ""inputs/images/piece-11/page-22.png"", ""inputs/images/piece-11/page-23.png"", ""inputs/images/piece-11/page-24.png""]"
"musp_275","11","Liszt","Ballade No. 2","Which stylistic period is closest to this piece? Choose one: Baroque, Classical, Late Classical / Early Romantic, Romantic, Late Romantic, Impressionistic, Expressionistic, Post-modern.","S/P","tonality/style","Any","Choice","One choice copied exactly from the question","Single","[]","[""Romantic"", ""Late Romantic""]","inputs/abc/piece-11.abc","inputs/midi_performance_event_text/piece-11.txt","inputs/abc_plus_midi/piece-11.abc","inputs/audio/piece-11.wav","inputs/pdf/without_context/piece-11.pdf","[""inputs/images/piece-11/page-01.png"", ""inputs/images/piece-11/page-02.png"", ""inputs/images/piece-11/page-03.png"", ""inputs/images/piece-11/page-04.png"", ""inputs/images/piece-11/page-05.png"", ""inputs/images/piece-11/page-06.png"", ""inputs/images/piece-11/page-07.png"", ""inputs/images/piece-11/page-08.png"", ""inputs/images/piece-11/page-09.png"", ""inputs/images/piece-11/page-10.png"", ""inputs/images/piece-11/page-11.png"", ""inputs/images/piece-11/page-12.png"", ""inputs/images/piece-11/page-13.png"", ""inputs/images/piece-11/page-14.png"", ""inputs/images/piece-11/page-15.png"", ""inputs/images/piece-11/page-16.png"", ""inputs/images/piece-11/page-17.png"", ""inputs/images/piece-11/page-18.png"", ""inputs/images/piece-11/page-19.png"", ""inputs/images/piece-11/page-20.png"", ""inputs/images/piece-11/page-21.png"", ""inputs/images/piece-11/page-22.png"", ""inputs/images/piece-11/page-23.png"", ""inputs/images/piece-11/page-24.png""]"
"musp_276","12","Mozart","Piano Sonata 12, movement 1","What notes constitute the main theme of this piece?","S/P","general","Long","Pitch","Pitch class without octave number","List ordered by appearance","[""C, D, E, G""]","[""F, A, C, A, Bb, G, F, E, E, F, A, D, G, C, A, F, G, A, Bb, D, D, C, Bb, A, G, F, G, Bb, E, F"", ""F, A, C, A, Bb, G, F, E, E""]","inputs/abc/piece-12.abc","inputs/midi_performance_event_text/piece-12.txt","inputs/abc_plus_midi/piece-12.abc","inputs/audio/piece-12.wav","inputs/pdf/without_context/piece-12.pdf","[""inputs/images/piece-12/page-1.png"", ""inputs/images/piece-12/page-2.png"", ""inputs/images/piece-12/page-3.png"", ""inputs/images/piece-12/page-4.png"", ""inputs/images/piece-12/page-5.png"", ""inputs/images/piece-12/page-6.png"", ""inputs/images/piece-12/page-7.png""]"
"musp_277","12","Mozart","Piano Sonata 12, movement 1","Who composed this piece?","S/P","composer/title","Any","Short text","Short phrase","Single","[""Johannes Brahms""]","[""Wolfgang Amadeus Mozart"", ""W. A. Mozart"", ""Mozart""]","inputs/abc/piece-12.abc","inputs/midi_performance_event_text/piece-12.txt","inputs/abc_plus_midi/piece-12.abc","inputs/audio/piece-12.wav","inputs/pdf/without_context/piece-12.pdf","[""inputs/images/piece-12/page-1.png"", ""inputs/images/piece-12/page-2.png"", ""inputs/images/piece-12/page-3.png"", ""inputs/images/piece-12/page-4.png"", ""inputs/images/piece-12/page-5.png"", ""inputs/images/piece-12/page-6.png"", ""inputs/images/piece-12/page-7.png""]"
"musp_278","12","Mozart","Piano Sonata 12, movement 1","What is the title of this work?","S/P","composer/title","Any","Short text","Short phrase","Single","[""Waltz in E major, Op. 39 No. 5""]","[""Piano Sonata No. 12 in F major, K. 332, movement I — Allegro"", ""Piano Sonata K. 332, movement I — Allegro"", ""Piano Sonata 12, movement 1 — Allegro"", ""SONATE in F, KV 332 / 1"", ""Sonate in F, KV 332"", ""Piano Sonata in F major, K. 332"", ""Piano Sonata No. 12 in F major, K. 332, I. Allegro"", ""Sonata in F Major, K. 332: I. Allegro""]","inputs/abc/piece-12.abc","inputs/midi_performance_event_text/piece-12.txt","inputs/abc_plus_midi/piece-12.abc","inputs/audio/piece-12.wav","inputs/pdf/without_context/piece-12.pdf","[""inputs/images/piece-12/page-1.png"", ""inputs/images/piece-12/page-2.png"", ""inputs/images/piece-12/page-3.png"", ""inputs/images/piece-12/page-4.png"", ""inputs/images/piece-12/page-5.png"", ""inputs/images/piece-12/page-6.png"", ""inputs/images/piece-12/page-7.png""]"
"musp_279","12","Mozart","Piano Sonata 12, movement 1","What is the principal tonality of this piece?","S/P","tonality/style","Any","Key / tonality","Tonic and mode with accidentals","Single","[""E major""]","[""F major""]","inputs/abc/piece-12.abc","inputs/midi_performance_event_text/piece-12.txt","inputs/abc_plus_midi/piece-12.abc","inputs/audio/piece-12.wav","inputs/pdf/without_context/piece-12.pdf","[""inputs/images/piece-12/page-1.png"", ""inputs/images/piece-12/page-2.png"", ""inputs/images/piece-12/page-3.png"", ""inputs/images/piece-12/page-4.png"", ""inputs/images/piece-12/page-5.png"", ""inputs/images/piece-12/page-6.png"", ""inputs/images/piece-12/page-7.png""]"
"musp_280","12","Mozart","Piano Sonata 12, movement 1","Which stylistic period is closest to this piece? Choose one: Baroque, Classical, Late Classical / Early Romantic, Romantic, Late Romantic, Impressionistic, Expressionistic, Post-modern.","S/P","tonality/style","Any","Choice","One choice copied exactly from the question","Single","[]","[""Classical""]","inputs/abc/piece-12.abc","inputs/midi_performance_event_text/piece-12.txt","inputs/abc_plus_midi/piece-12.abc","inputs/audio/piece-12.wav","inputs/pdf/without_context/piece-12.pdf","[""inputs/images/piece-12/page-1.png"", ""inputs/images/piece-12/page-2.png"", ""inputs/images/piece-12/page-3.png"", ""inputs/images/piece-12/page-4.png"", ""inputs/images/piece-12/page-5.png"", ""inputs/images/piece-12/page-6.png"", ""inputs/images/piece-12/page-7.png""]"
"musp_281","13","Mozart","Piano Sonata 12, movement 3","Who composed this piece?","S/P","composer/title","Any","Short text","Short phrase","Single","[""Johannes Brahms""]","[""Wolfgang Amadeus Mozart"", ""W. A. Mozart"", ""Mozart""]","inputs/abc/piece-13.abc","inputs/midi_performance_event_text/piece-13.txt","inputs/abc_plus_midi/piece-13.abc","inputs/audio/piece-13.wav","inputs/pdf/without_context/piece-13.pdf","[""inputs/images/piece-13/page-01.png"", ""inputs/images/piece-13/page-02.png"", ""inputs/images/piece-13/page-03.png"", ""inputs/images/piece-13/page-04.png"", ""inputs/images/piece-13/page-05.png"", ""inputs/images/piece-13/page-06.png"", ""inputs/images/piece-13/page-07.png"", ""inputs/images/piece-13/page-08.png"", ""inputs/images/piece-13/page-09.png"", ""inputs/images/piece-13/page-10.png""]"
"musp_282","13","Mozart","Piano Sonata 12, movement 3","What is the title of this work?","S/P","composer/title","Any","Short text","Short phrase","Single","[""Waltz in E major, Op. 39 No. 5""]","[""Piano Sonata No. 12 in F major, K. 332, movement III — Allegro assai"", ""Piano Sonata K. 332, movement III — Allegro assai"", ""Piano Sonata 12, movement 3 — Allegro assai"", ""Piano Sonata 12, third movement — Allegro assai"", ""SONATE in F, KV 332"", ""Sonata in F major, K. 332 - III. Allegro assai"", ""Sonata in F major, K. 332"", ""Piano Sonata in F major, K. 332"", ""Piano Sonata No. 12 in F Major, K. 332_ III. Allegro assai""]","inputs/abc/piece-13.abc","inputs/midi_performance_event_text/piece-13.txt","inputs/abc_plus_midi/piece-13.abc","inputs/audio/piece-13.wav","inputs/pdf/without_context/piece-13.pdf","[""inputs/images/piece-13/page-01.png"", ""inputs/images/piece-13/page-02.png"", ""inputs/images/piece-13/page-03.png"", ""inputs/images/piece-13/page-04.png"", ""inputs/images/piece-13/page-05.png"", ""inputs/images/piece-13/page-06.png"", ""inputs/images/piece-13/page-07.png"", ""inputs/images/piece-13/page-08.png"", ""inputs/images/piece-13/page-09.png"", ""inputs/images/piece-13/page-10.png""]"
"musp_283","13","Mozart","Piano Sonata 12, movement 3","What is the principal tonality of this piece?","S/P","tonality/style","Any","Key / tonality","Tonic and mode with accidentals","Single","[""E major""]","[""F major""]","inputs/abc/piece-13.abc","inputs/midi_performance_event_text/piece-13.txt","inputs/abc_plus_midi/piece-13.abc","inputs/audio/piece-13.wav","inputs/pdf/without_context/piece-13.pdf","[""inputs/images/piece-13/page-01.png"", ""inputs/images/piece-13/page-02.png"", ""inputs/images/piece-13/page-03.png"", ""inputs/images/piece-13/page-04.png"", ""inputs/images/piece-13/page-05.png"", ""inputs/images/piece-13/page-06.png"", ""inputs/images/piece-13/page-07.png"", ""inputs/images/piece-13/page-08.png"", ""inputs/images/piece-13/page-09.png"", ""inputs/images/piece-13/page-10.png""]"
"musp_284","13","Mozart","Piano Sonata 12, movement 3","Which stylistic period is closest to this piece? Choose one: Baroque, Classical, Late Classical / Early Romantic, Romantic, Late Romantic, Impressionistic, Expressionistic, Post-modern.","S/P","tonality/style","Any","Choice","One choice copied exactly from the question","Single","[]","[""Classical""]","inputs/abc/piece-13.abc","inputs/midi_performance_event_text/piece-13.txt","inputs/abc_plus_midi/piece-13.abc","inputs/audio/piece-13.wav","inputs/pdf/without_context/piece-13.pdf","[""inputs/images/piece-13/page-01.png"", ""inputs/images/piece-13/page-02.png"", ""inputs/images/piece-13/page-03.png"", ""inputs/images/piece-13/page-04.png"", ""inputs/images/piece-13/page-05.png"", ""inputs/images/piece-13/page-06.png"", ""inputs/images/piece-13/page-07.png"", ""inputs/images/piece-13/page-08.png"", ""inputs/images/piece-13/page-09.png"", ""inputs/images/piece-13/page-10.png""]"
"musp_285","14","Rachmaninoff","Prelude Op. 23 No. 4","How many accompaniment notes are played before the melody first enters at the beginning of the piece?","S/P","general","Mid","Integer","Positive integer","Single","[""4""]","[""18""]","inputs/abc/piece-14.abc","inputs/midi_performance_event_text/piece-14.txt","inputs/abc_plus_midi/piece-14.abc","inputs/audio/piece-14.wav","inputs/pdf/without_context/piece-14.pdf","[""inputs/images/piece-14/page-1.png"", ""inputs/images/piece-14/page-2.png"", ""inputs/images/piece-14/page-3.png"", ""inputs/images/piece-14/page-4.png"", ""inputs/images/piece-14/page-5.png"", ""inputs/images/piece-14/page-6.png"", ""inputs/images/piece-14/page-7.png""]"
"musp_286","14","Rachmaninoff","Prelude Op. 23 No. 4","Who composed this piece?","S/P","composer/title","Any","Short text","Short phrase","Single","[""Johannes Brahms""]","[""Sergei Rachmaninoff"", ""Sergey Rachmaninoff"", ""Rachmaninoff""]","inputs/abc/piece-14.abc","inputs/midi_performance_event_text/piece-14.txt","inputs/abc_plus_midi/piece-14.abc","inputs/audio/piece-14.wav","inputs/pdf/without_context/piece-14.pdf","[""inputs/images/piece-14/page-1.png"", ""inputs/images/piece-14/page-2.png"", ""inputs/images/piece-14/page-3.png"", ""inputs/images/piece-14/page-4.png"", ""inputs/images/piece-14/page-5.png"", ""inputs/images/piece-14/page-6.png"", ""inputs/images/piece-14/page-7.png""]"
"musp_287","14","Rachmaninoff","Prelude Op. 23 No. 4","What is the title of this work?","S/P","composer/title","Any","Short text","Short phrase","Single","[""Waltz in E major, Op. 39 No. 5""]","[""Prelude in D major, Op. 23 No. 4"", ""Prelude Op. 23 No. 4""]","inputs/abc/piece-14.abc","inputs/midi_performance_event_text/piece-14.txt","inputs/abc_plus_midi/piece-14.abc","inputs/audio/piece-14.wav","inputs/pdf/without_context/piece-14.pdf","[""inputs/images/piece-14/page-1.png"", ""inputs/images/piece-14/page-2.png"", ""inputs/images/piece-14/page-3.png"", ""inputs/images/piece-14/page-4.png"", ""inputs/images/piece-14/page-5.png"", ""inputs/images/piece-14/page-6.png"", ""inputs/images/piece-14/page-7.png""]"
"musp_288","14","Rachmaninoff","Prelude Op. 23 No. 4","What is the principal tonality of this piece?","S/P","tonality/style","Any","Key / tonality","Tonic and mode with accidentals","Single","[""E major""]","[""D major""]","inputs/abc/piece-14.abc","inputs/midi_performance_event_text/piece-14.txt","inputs/abc_plus_midi/piece-14.abc","inputs/audio/piece-14.wav","inputs/pdf/without_context/piece-14.pdf","[""inputs/images/piece-14/page-1.png"", ""inputs/images/piece-14/page-2.png"", ""inputs/images/piece-14/page-3.png"", ""inputs/images/piece-14/page-4.png"", ""inputs/images/piece-14/page-5.png"", ""inputs/images/piece-14/page-6.png"", ""inputs/images/piece-14/page-7.png""]"
"musp_289","14","Rachmaninoff","Prelude Op. 23 No. 4","Which stylistic period is closest to this piece? Choose one: Baroque, Classical, Late Classical / Early Romantic, Romantic, Late Romantic, Impressionistic, Expressionistic, Post-modern.","S/P","tonality/style","Any","Choice","One choice copied exactly from the question","Single","[]","[""Late Romantic""]","inputs/abc/piece-14.abc","inputs/midi_performance_event_text/piece-14.txt","inputs/abc_plus_midi/piece-14.abc","inputs/audio/piece-14.wav","inputs/pdf/without_context/piece-14.pdf","[""inputs/images/piece-14/page-1.png"", ""inputs/images/piece-14/page-2.png"", ""inputs/images/piece-14/page-3.png"", ""inputs/images/piece-14/page-4.png"", ""inputs/images/piece-14/page-5.png"", ""inputs/images/piece-14/page-6.png"", ""inputs/images/piece-14/page-7.png""]"
"musp_290","15","Schubert","Moment musical No. 3","How many beats precede the arrival of the second theme?","S/P","general","Long","Duration / ratio","Count in number of beats (according to applicable meter)","Single","[""4.5"", ""7.25""]","[""36""]","inputs/abc/piece-15.abc","inputs/midi_performance_event_text/piece-15.txt","inputs/abc_plus_midi/piece-15.abc","inputs/audio/piece-15.wav","inputs/pdf/without_context/piece-15.pdf","[""inputs/images/piece-15/page-1.png"", ""inputs/images/piece-15/page-2.png""]"
"musp_291","15","Schubert","Moment musical No. 3","How many times is the main theme played in full in the second half of the piece?","S/P","general","Long","Integer","Positive integer","Single","[""4""]","[""1""]","inputs/abc/piece-15.abc","inputs/midi_performance_event_text/piece-15.txt","inputs/abc_plus_midi/piece-15.abc","inputs/audio/piece-15.wav","inputs/pdf/without_context/piece-15.pdf","[""inputs/images/piece-15/page-1.png"", ""inputs/images/piece-15/page-2.png""]"
"musp_292","15","Schubert","Moment musical No. 3","Who composed this piece?","S/P","composer/title","Any","Short text","Short phrase","Single","[""Johannes Brahms""]","[""Franz Schubert"", ""Schubert""]","inputs/abc/piece-15.abc","inputs/midi_performance_event_text/piece-15.txt","inputs/abc_plus_midi/piece-15.abc","inputs/audio/piece-15.wav","inputs/pdf/without_context/piece-15.pdf","[""inputs/images/piece-15/page-1.png"", ""inputs/images/piece-15/page-2.png""]"
"musp_293","15","Schubert","Moment musical No. 3","What is the title of this work?","S/P","composer/title","Any","Short text","Short phrase","Single","[""Waltz in E major, Op. 39 No. 5""]","[""Moment musical No. 3 in F minor, D. 780"", ""Moment musical No. 3"", ""Moment Musicaux op. 94 no. 3 in F Minor"", ""Moment Musical op. 94 no. 3 in F Minor"", ""Moment musical in F minor, D. 780 No. 3"", ""Moment Musical in F minor, Op. 94 No. 3""]","inputs/abc/piece-15.abc","inputs/midi_performance_event_text/piece-15.txt","inputs/abc_plus_midi/piece-15.abc","inputs/audio/piece-15.wav","inputs/pdf/without_context/piece-15.pdf","[""inputs/images/piece-15/page-1.png"", ""inputs/images/piece-15/page-2.png""]"
"musp_294","15","Schubert","Moment musical No. 3","What is the principal tonality of this piece?","S/P","tonality/style","Any","Key / tonality","Tonic and mode with accidentals","Single","[""E major""]","[""F minor""]","inputs/abc/piece-15.abc","inputs/midi_performance_event_text/piece-15.txt","inputs/abc_plus_midi/piece-15.abc","inputs/audio/piece-15.wav","inputs/pdf/without_context/piece-15.pdf","[""inputs/images/piece-15/page-1.png"", ""inputs/images/piece-15/page-2.png""]"
"musp_295","15","Schubert","Moment musical No. 3","Which stylistic period is closest to this piece? Choose one: Baroque, Classical, Late Classical / Early Romantic, Romantic, Late Romantic, Impressionistic, Expressionistic, Post-modern.","S/P","tonality/style","Any","Choice","One choice copied exactly from the question","Single","[]","[""Late Classical / Early Romantic""]","inputs/abc/piece-15.abc","inputs/midi_performance_event_text/piece-15.txt","inputs/abc_plus_midi/piece-15.abc","inputs/audio/piece-15.wav","inputs/pdf/without_context/piece-15.pdf","[""inputs/images/piece-15/page-1.png"", ""inputs/images/piece-15/page-2.png""]"
"musp_296","16","Schumann","Arabeske Op. 18","Who composed this piece?","S/P","composer/title","Any","Short text","Short phrase","Single","[""Johannes Brahms""]","[""Robert Schumann"", ""Schumann"", ""R. Schumann""]","inputs/abc/piece-16.abc","inputs/midi_performance_event_text/piece-16.txt","inputs/abc_plus_midi/piece-16.abc","inputs/audio/piece-16.wav","inputs/pdf/without_context/piece-16.pdf","[""inputs/images/piece-16/page-01.png"", ""inputs/images/piece-16/page-02.png"", ""inputs/images/piece-16/page-03.png"", ""inputs/images/piece-16/page-04.png"", ""inputs/images/piece-16/page-05.png"", ""inputs/images/piece-16/page-06.png"", ""inputs/images/piece-16/page-07.png"", ""inputs/images/piece-16/page-08.png"", ""inputs/images/piece-16/page-09.png"", ""inputs/images/piece-16/page-10.png""]"
"musp_297","16","Schumann","Arabeske Op. 18","What is the title of this work?","S/P","composer/title","Any","Short text","Short phrase","Single","[""Waltz in E major, Op. 39 No. 5""]","[""Arabeske in C major, Op. 18"", ""Arabeske Op. 18"", ""Arabeske for Piano in C Major, Op. 18""]","inputs/abc/piece-16.abc","inputs/midi_performance_event_text/piece-16.txt","inputs/abc_plus_midi/piece-16.abc","inputs/audio/piece-16.wav","inputs/pdf/without_context/piece-16.pdf","[""inputs/images/piece-16/page-01.png"", ""inputs/images/piece-16/page-02.png"", ""inputs/images/piece-16/page-03.png"", ""inputs/images/piece-16/page-04.png"", ""inputs/images/piece-16/page-05.png"", ""inputs/images/piece-16/page-06.png"", ""inputs/images/piece-16/page-07.png"", ""inputs/images/piece-16/page-08.png"", ""inputs/images/piece-16/page-09.png"", ""inputs/images/piece-16/page-10.png""]"
"musp_298","16","Schumann","Arabeske Op. 18","What is the principal tonality of this piece?","S/P","tonality/style","Any","Key / tonality","Tonic and mode with accidentals","Single","[""E major""]","[""C major""]","inputs/abc/piece-16.abc","inputs/midi_performance_event_text/piece-16.txt","inputs/abc_plus_midi/piece-16.abc","inputs/audio/piece-16.wav","inputs/pdf/without_context/piece-16.pdf","[""inputs/images/piece-16/page-01.png"", ""inputs/images/piece-16/page-02.png"", ""inputs/images/piece-16/page-03.png"", ""inputs/images/piece-16/page-04.png"", ""inputs/images/piece-16/page-05.png"", ""inputs/images/piece-16/page-06.png"", ""inputs/images/piece-16/page-07.png"", ""inputs/images/piece-16/page-08.png"", ""inputs/images/piece-16/page-09.png"", ""inputs/images/piece-16/page-10.png""]"
"musp_299","16","Schumann","Arabeske Op. 18","Which stylistic period is closest to this piece? Choose one: Baroque, Classical, Late Classical / Early Romantic, Romantic, Late Romantic, Impressionistic, Expressionistic, Post-modern.","S/P","tonality/style","Any","Choice","One choice copied exactly from the question","Single","[]","[""Romantic""]","inputs/abc/piece-16.abc","inputs/midi_performance_event_text/piece-16.txt","inputs/abc_plus_midi/piece-16.abc","inputs/audio/piece-16.wav","inputs/pdf/without_context/piece-16.pdf","[""inputs/images/piece-16/page-01.png"", ""inputs/images/piece-16/page-02.png"", ""inputs/images/piece-16/page-03.png"", ""inputs/images/piece-16/page-04.png"", ""inputs/images/piece-16/page-05.png"", ""inputs/images/piece-16/page-06.png"", ""inputs/images/piece-16/page-07.png"", ""inputs/images/piece-16/page-08.png"", ""inputs/images/piece-16/page-09.png"", ""inputs/images/piece-16/page-10.png""]"
"musp_300","17","Scriabin","Etude Op. 8 No. 11","In the final gesture, which pitch is projected like a voice rising above the dark surrounding texture to make a forceful, attention-commanding proclamation?","S/P","general","Mid","Pitch","Pitch without octave number","Single","[""A"", ""G#"", ""Bb""]","[""F""]","inputs/abc/piece-17.abc","inputs/midi_performance_event_text/piece-17.txt","inputs/abc_plus_midi/piece-17.abc","inputs/audio/piece-17.wav","inputs/pdf/without_context/piece-17.pdf","[""inputs/images/piece-17/page-1.png"", ""inputs/images/piece-17/page-2.png"", ""inputs/images/piece-17/page-3.png""]"
"musp_301","17","Scriabin","Etude Op. 8 No. 11","During the main melody’s first presentation (up until its repeat), there are two fragments consisting of uninterrupted syncopated rhythmical structures in the upper melody. Which notes of this upper melody end these syncopated fragments by serving as the first next note in a non-syncopated structure? Consider the passage up to the theme’s first repeat.","S/P","general","Long","Pitch","Pitch class without octave number","Pair","[""C#, Bb""]","[""Cb, F"", ""B, F""]","inputs/abc/piece-17.abc","inputs/midi_performance_event_text/piece-17.txt","inputs/abc_plus_midi/piece-17.abc","inputs/audio/piece-17.wav","inputs/pdf/without_context/piece-17.pdf","[""inputs/images/piece-17/page-1.png"", ""inputs/images/piece-17/page-2.png"", ""inputs/images/piece-17/page-3.png""]"
"musp_302","17","Scriabin","Etude Op. 8 No. 11","What would you say is the source for the main challenge for the pianist in this piece: polyphonic texture, complex polyrhythms, emotional depth, virtuosic arpeggios, large leaps, hand synchronization, or rapid scales?","S/P","general","Long","Choice","One choice copied exactly from the question","Single","[]","[""Polyphonic texture"", ""Emotional depth""]","inputs/abc/piece-17.abc","inputs/midi_performance_event_text/piece-17.txt","inputs/abc_plus_midi/piece-17.abc","inputs/audio/piece-17.wav","inputs/pdf/without_context/piece-17.pdf","[""inputs/images/piece-17/page-1.png"", ""inputs/images/piece-17/page-2.png"", ""inputs/images/piece-17/page-3.png""]"
"musp_303","17","Scriabin","Etude Op. 8 No. 11","Who composed this piece?","S/P","composer/title","Any","Short text","Short phrase","Single","[""Johannes Brahms""]","[""Alexander Scriabin"", ""Aleksandr Scriabin"", ""Scriabin""]","inputs/abc/piece-17.abc","inputs/midi_performance_event_text/piece-17.txt","inputs/abc_plus_midi/piece-17.abc","inputs/audio/piece-17.wav","inputs/pdf/without_context/piece-17.pdf","[""inputs/images/piece-17/page-1.png"", ""inputs/images/piece-17/page-2.png"", ""inputs/images/piece-17/page-3.png""]"
"musp_304","17","Scriabin","Etude Op. 8 No. 11","What is the title of this work?","S/P","composer/title","Any","Short text","Short phrase","Single","[""Waltz in E major, Op. 39 No. 5""]","[""Etude in B-flat minor, Op. 8 No. 11"", ""Étude in B-flat minor, Op. 8 No. 11"", ""Etude Op. 8 No. 11""]","inputs/abc/piece-17.abc","inputs/midi_performance_event_text/piece-17.txt","inputs/abc_plus_midi/piece-17.abc","inputs/audio/piece-17.wav","inputs/pdf/without_context/piece-17.pdf","[""inputs/images/piece-17/page-1.png"", ""inputs/images/piece-17/page-2.png"", ""inputs/images/piece-17/page-3.png""]"
"musp_305","17","Scriabin","Etude Op. 8 No. 11","What is the principal tonality of this piece?","S/P","tonality/style","Any","Key / tonality","Tonic and mode with accidentals","Single","[""E major""]","[""Bb minor"", ""B-flat minor""]","inputs/abc/piece-17.abc","inputs/midi_performance_event_text/piece-17.txt","inputs/abc_plus_midi/piece-17.abc","inputs/audio/piece-17.wav","inputs/pdf/without_context/piece-17.pdf","[""inputs/images/piece-17/page-1.png"", ""inputs/images/piece-17/page-2.png"", ""inputs/images/piece-17/page-3.png""]"
"musp_306","17","Scriabin","Etude Op. 8 No. 11","Which stylistic period is closest to this piece? Choose one: Baroque, Classical, Late Classical / Early Romantic, Romantic, Late Romantic, Impressionistic, Expressionistic, Post-modern.","S/P","tonality/style","Any","Choice","One choice copied exactly from the question","Single","[]","[""Late Romantic""]","inputs/abc/piece-17.abc","inputs/midi_performance_event_text/piece-17.txt","inputs/abc_plus_midi/piece-17.abc","inputs/audio/piece-17.wav","inputs/pdf/without_context/piece-17.pdf","[""inputs/images/piece-17/page-1.png"", ""inputs/images/piece-17/page-2.png"", ""inputs/images/piece-17/page-3.png""]"
"musp_307","18","Scriabin","Piano Sonata No. 5","Who composed this piece?","S/P","composer/title","Any","Short text","Short phrase","Single","[""Johannes Brahms""]","[""Alexander Scriabin"", ""Aleksandr Scriabin"", ""Scriabin""]","inputs/abc/piece-18.abc","inputs/midi_performance_event_text/piece-18.txt","inputs/abc_plus_midi/piece-18.abc","inputs/audio/piece-18.wav","inputs/pdf/without_context/piece-18.pdf","[""inputs/images/piece-18/page-01.png"", ""inputs/images/piece-18/page-02.png"", ""inputs/images/piece-18/page-03.png"", ""inputs/images/piece-18/page-04.png"", ""inputs/images/piece-18/page-05.png"", ""inputs/images/piece-18/page-06.png"", ""inputs/images/piece-18/page-07.png"", ""inputs/images/piece-18/page-08.png"", ""inputs/images/piece-18/page-09.png"", ""inputs/images/piece-18/page-10.png"", ""inputs/images/piece-18/page-11.png"", ""inputs/images/piece-18/page-12.png"", ""inputs/images/piece-18/page-13.png"", ""inputs/images/piece-18/page-14.png"", ""inputs/images/piece-18/page-15.png"", ""inputs/images/piece-18/page-16.png"", ""inputs/images/piece-18/page-17.png"", ""inputs/images/piece-18/page-18.png"", ""inputs/images/piece-18/page-19.png"", ""inputs/images/piece-18/page-20.png"", ""inputs/images/piece-18/page-21.png"", ""inputs/images/piece-18/page-22.png"", ""inputs/images/piece-18/page-23.png"", ""inputs/images/piece-18/page-24.png"", ""inputs/images/piece-18/page-25.png""]"
"musp_308","18","Scriabin","Piano Sonata No. 5","What is the title of this work?","S/P","composer/title","Any","Short text","Short phrase","Single","[""Waltz in E major, Op. 39 No. 5""]","[""Piano Sonata No. 5, Op. 53"", ""Piano Sonata No. 5"", ""Piano Sonata No. 5 in F-sharp major, Op. 53"", ""Sonata No. 5, Op. 53""]","inputs/abc/piece-18.abc","inputs/midi_performance_event_text/piece-18.txt","inputs/abc_plus_midi/piece-18.abc","inputs/audio/piece-18.wav","inputs/pdf/without_context/piece-18.pdf","[""inputs/images/piece-18/page-01.png"", ""inputs/images/piece-18/page-02.png"", ""inputs/images/piece-18/page-03.png"", ""inputs/images/piece-18/page-04.png"", ""inputs/images/piece-18/page-05.png"", ""inputs/images/piece-18/page-06.png"", ""inputs/images/piece-18/page-07.png"", ""inputs/images/piece-18/page-08.png"", ""inputs/images/piece-18/page-09.png"", ""inputs/images/piece-18/page-10.png"", ""inputs/images/piece-18/page-11.png"", ""inputs/images/piece-18/page-12.png"", ""inputs/images/piece-18/page-13.png"", ""inputs/images/piece-18/page-14.png"", ""inputs/images/piece-18/page-15.png"", ""inputs/images/piece-18/page-16.png"", ""inputs/images/piece-18/page-17.png"", ""inputs/images/piece-18/page-18.png"", ""inputs/images/piece-18/page-19.png"", ""inputs/images/piece-18/page-20.png"", ""inputs/images/piece-18/page-21.png"", ""inputs/images/piece-18/page-22.png"", ""inputs/images/piece-18/page-23.png"", ""inputs/images/piece-18/page-24.png"", ""inputs/images/piece-18/page-25.png""]"
"musp_309","18","Scriabin","Piano Sonata No. 5","What is the principal tonality of this piece?","S/P","tonality/style","Any","Key / tonality","Tonic and mode with accidentals","Single","[""E major""]","[""F# major"", ""F-sharp major"", ""tonally ambiguous""]","inputs/abc/piece-18.abc","inputs/midi_performance_event_text/piece-18.txt","inputs/abc_plus_midi/piece-18.abc","inputs/audio/piece-18.wav","inputs/pdf/without_context/piece-18.pdf","[""inputs/images/piece-18/page-01.png"", ""inputs/images/piece-18/page-02.png"", ""inputs/images/piece-18/page-03.png"", ""inputs/images/piece-18/page-04.png"", ""inputs/images/piece-18/page-05.png"", ""inputs/images/piece-18/page-06.png"", ""inputs/images/piece-18/page-07.png"", ""inputs/images/piece-18/page-08.png"", ""inputs/images/piece-18/page-09.png"", ""inputs/images/piece-18/page-10.png"", ""inputs/images/piece-18/page-11.png"", ""inputs/images/piece-18/page-12.png"", ""inputs/images/piece-18/page-13.png"", ""inputs/images/piece-18/page-14.png"", ""inputs/images/piece-18/page-15.png"", ""inputs/images/piece-18/page-16.png"", ""inputs/images/piece-18/page-17.png"", ""inputs/images/piece-18/page-18.png"", ""inputs/images/piece-18/page-19.png"", ""inputs/images/piece-18/page-20.png"", ""inputs/images/piece-18/page-21.png"", ""inputs/images/piece-18/page-22.png"", ""inputs/images/piece-18/page-23.png"", ""inputs/images/piece-18/page-24.png"", ""inputs/images/piece-18/page-25.png""]"
"musp_310","18","Scriabin","Piano Sonata No. 5","Which stylistic period is closest to this piece? Choose one: Baroque, Classical, Late Classical / Early Romantic, Romantic, Late Romantic, Impressionistic, Expressionistic, Post-modern.","S/P","tonality/style","Any","Choice","One choice copied exactly from the question","Single","[]","[""Expressionistic"", ""Late Romantic""]","inputs/abc/piece-18.abc","inputs/midi_performance_event_text/piece-18.txt","inputs/abc_plus_midi/piece-18.abc","inputs/audio/piece-18.wav","inputs/pdf/without_context/piece-18.pdf","[""inputs/images/piece-18/page-01.png"", ""inputs/images/piece-18/page-02.png"", ""inputs/images/piece-18/page-03.png"", ""inputs/images/piece-18/page-04.png"", ""inputs/images/piece-18/page-05.png"", ""inputs/images/piece-18/page-06.png"", ""inputs/images/piece-18/page-07.png"", ""inputs/images/piece-18/page-08.png"", ""inputs/images/piece-18/page-09.png"", ""inputs/images/piece-18/page-10.png"", ""inputs/images/piece-18/page-11.png"", ""inputs/images/piece-18/page-12.png"", ""inputs/images/piece-18/page-13.png"", ""inputs/images/piece-18/page-14.png"", ""inputs/images/piece-18/page-15.png"", ""inputs/images/piece-18/page-16.png"", ""inputs/images/piece-18/page-17.png"", ""inputs/images/piece-18/page-18.png"", ""inputs/images/piece-18/page-19.png"", ""inputs/images/piece-18/page-20.png"", ""inputs/images/piece-18/page-21.png"", ""inputs/images/piece-18/page-22.png"", ""inputs/images/piece-18/page-23.png"", ""inputs/images/piece-18/page-24.png"", ""inputs/images/piece-18/page-25.png""]"
"musp_311","1","Bach","Fugue BWV 875","If the piece were notated with the key signature of its tonality, which accidentals would be necessary in bars 1-2 to play the written notes correctly? List them in the order in which their associated pitches occur in the music.","S","","Short","Short text","Accidental written in full","List ordered by appearance","[""flat, flat, natural, double sharp, double flat""]","[""sharp, natural, natural, flat""]","inputs/abc/piece-01.abc","inputs/midi_performance_event_text/piece-01.txt","inputs/abc_plus_midi/piece-01.abc","inputs/audio/piece-01.wav","inputs/pdf/without_context/piece-01.pdf","[""inputs/images/piece-01/page-1.png"", ""inputs/images/piece-01/page-2.png""]"
"musp_312","1","Bach","Fugue BWV 875","What is the largest interval between two consecutive notes in the soprano voice of bars 3-4?","S","","Short","Interval","Interval quality and size","Single","[""perfect fifth"", ""minor seventh"", ""perfect octave""]","[""perfect fourth""]","inputs/abc/piece-01.abc","inputs/midi_performance_event_text/piece-01.txt","inputs/abc_plus_midi/piece-01.abc","inputs/audio/piece-01.wav","inputs/pdf/without_context/piece-01.pdf","[""inputs/images/piece-01/page-1.png"", ""inputs/images/piece-01/page-2.png""]"
"musp_313","1","Bach","Fugue BWV 875","Which two performance instructions are written above the last note in the upper voice in measure 16?","S","","Short","Category label","Performance instruction label","Pair","[""glissando, m.g.""]","[""mordent, trill"", ""trill, mordent"", ""mordent and trill"", ""trill and mordent"", ""upper mordent, trill""]","inputs/abc/piece-01.abc","inputs/midi_performance_event_text/piece-01.txt","inputs/abc_plus_midi/piece-01.abc","inputs/audio/piece-01.wav","inputs/pdf/without_context/piece-01.pdf","[""inputs/images/piece-01/page-1.png"", ""inputs/images/piece-01/page-2.png""]"
"musp_314","1","Bach","Fugue BWV 875","What are the notes of the soprano voice in measure 17?","S","","Short","Pitch","Pitch class without octave number","List ordered by appearance","[""A, G#, Bb""]","[""E, D, E, F, E, D""]","inputs/abc/piece-01.abc","inputs/midi_performance_event_text/piece-01.txt","inputs/abc_plus_midi/piece-01.abc","inputs/audio/piece-01.wav","inputs/pdf/without_context/piece-01.pdf","[""inputs/images/piece-01/page-1.png"", ""inputs/images/piece-01/page-2.png""]"
"musp_315","1","Bach","Fugue BWV 875","What are the first twelve pitches of the second highest voice in measure 14?","S","","Short","Pitch","Pitch with octave number","List ordered by appearance","[""G#3, Bb2, Fx5""]","[""D4, E4, F4, G4, F4, E4, F4, G4, A4, Bb4, A4, G4""]","inputs/abc/piece-01.abc","inputs/midi_performance_event_text/piece-01.txt","inputs/abc_plus_midi/piece-01.abc","inputs/audio/piece-01.wav","inputs/pdf/without_context/piece-01.pdf","[""inputs/images/piece-01/page-1.png"", ""inputs/images/piece-01/page-2.png""]"
"musp_316","1","Bach","Fugue BWV 875","How much rest (expressed in terms of quarter rests) does the upper voice have before its last re-entry?","S","","Mid","Integer","Positive integer","Single","[""4""]","[""5""]","inputs/abc/piece-01.abc","inputs/midi_performance_event_text/piece-01.txt","inputs/abc_plus_midi/piece-01.abc","inputs/audio/piece-01.wav","inputs/pdf/without_context/piece-01.pdf","[""inputs/images/piece-01/page-1.png"", ""inputs/images/piece-01/page-2.png""]"
"musp_317","1","Bach","Fugue BWV 875","Numbering the voices sequentially from lowest (bass = 1) to highest (soprano), in what order do they enter?","S","","Mid","Integer","Positive integer","List ordered by appearance","[""1, 2, 3""]","[""2, 3, 1""]","inputs/abc/piece-01.abc","inputs/midi_performance_event_text/piece-01.txt","inputs/abc_plus_midi/piece-01.abc","inputs/audio/piece-01.wav","inputs/pdf/without_context/piece-01.pdf","[""inputs/images/piece-01/page-1.png"", ""inputs/images/piece-01/page-2.png""]"
"musp_318","1","Bach","Fugue BWV 875","Starting in which bar and on which beat is the theme played in reverse for at least 1 measure (i.e. an ascending interval becomes a descending one)? Ignore minor deviations.","S","","Long","Bar / beat","Bar and beat","Single","[""bar 18 beat 3"", ""bar 42 beat 1"", ""bar 7 beat 4""]","[""bar 17 beat 1"", ""bar 17 beat 2""]","inputs/abc/piece-01.abc","inputs/midi_performance_event_text/piece-01.txt","inputs/abc_plus_midi/piece-01.abc","inputs/audio/piece-01.wav","inputs/pdf/without_context/piece-01.pdf","[""inputs/images/piece-01/page-1.png"", ""inputs/images/piece-01/page-2.png""]"
"musp_319","1","Bach","Fugue BWV 875","What are the lowest and highest written pitches in the piece?","S","","Long","Pitch","Pitch with octave number","Pair","[""A4, G#3""]","[""C#2, Bb5""]","inputs/abc/piece-01.abc","inputs/midi_performance_event_text/piece-01.txt","inputs/abc_plus_midi/piece-01.abc","inputs/audio/piece-01.wav","inputs/pdf/without_context/piece-01.pdf","[""inputs/images/piece-01/page-1.png"", ""inputs/images/piece-01/page-2.png""]"
"musp_320","1","Bach","Fugue BWV 875","At which bars and beats does the full first bar of the theme appear, including transposed and inverted forms? Disregard minor deviations. List each starting location in chronological order.","S","","Long","Bar / beat","Bar and beat","List ordered by appearance","[""bar 4 beat 2, bar 8 beat 1""]","[""bar 1 beat 1, bar 3 beat 1, bar 6 beat 1, bar 10 beat 4, bar 14 beat 1, bar 14 beat 2, bar 17 beat 1, bar 17 beat 2, bar 25 beat 3""]","inputs/abc/piece-01.abc","inputs/midi_performance_event_text/piece-01.txt","inputs/abc_plus_midi/piece-01.abc","inputs/audio/piece-01.wav","inputs/pdf/without_context/piece-01.pdf","[""inputs/images/piece-01/page-1.png"", ""inputs/images/piece-01/page-2.png""]"
"musp_321","2","Bach","Prelude BWV 848","If the pianist had only three fingers in the right hand (nr. 1, 2, 4), which fingers should they press to play measure 55, assuming they cannot move the hand and they want to play comfortably?","S","","Short","Integer","Positive integer","List ordered by appearance","[""1, 2, 4""]","[""4, 2, 1, 2, 4, 2""]","inputs/abc/piece-02.abc","inputs/midi_performance_event_text/piece-02.txt","inputs/abc_plus_midi/piece-02.abc","inputs/audio/piece-02.wav","inputs/pdf/without_context/piece-02.pdf","[""inputs/images/piece-02/page-1.png"", ""inputs/images/piece-02/page-2.png"", ""inputs/images/piece-02/page-3.png"", ""inputs/images/piece-02/page-4.png""]"
"musp_322","2","Bach","Prelude BWV 848","What rhythmical motif does the left hand introduce at the very beginning? List the note values of the motif.","S","","Mid","Duration / ratio","Note value written in full","Pair","[""dotted eighth note, half note""]","[""quarter note, eighth note"", ""crotchet, quaver"", ""quarter note, quaver"", ""crotchet, eighth note""]","inputs/abc/piece-02.abc","inputs/midi_performance_event_text/piece-02.txt","inputs/abc_plus_midi/piece-02.abc","inputs/audio/piece-02.wav","inputs/pdf/without_context/piece-02.pdf","[""inputs/images/piece-02/page-1.png"", ""inputs/images/piece-02/page-2.png"", ""inputs/images/piece-02/page-3.png"", ""inputs/images/piece-02/page-4.png""]"
"musp_323","2","Bach","Prelude BWV 848","The main theme features repeating intervals between sixteenth notes. Consider only the bars within the main theme's 8-bar presentation in which every pair of consecutive sixteenth notes is separated by the same interval throughout the entire bar. What intervals are formed between the sixteenth notes for each such measure of the main theme?","S","","Mid","Interval","Interval quality and size","List ordered by appearance","[""major third, minor seventh, augmented fourth, minor second""]","[""perfect fourth, perfect fifth, major sixth, perfect fifth""]","inputs/abc/piece-02.abc","inputs/midi_performance_event_text/piece-02.txt","inputs/abc_plus_midi/piece-02.abc","inputs/audio/piece-02.wav","inputs/pdf/without_context/piece-02.pdf","[""inputs/images/piece-02/page-1.png"", ""inputs/images/piece-02/page-2.png"", ""inputs/images/piece-02/page-3.png"", ""inputs/images/piece-02/page-4.png""]"
"musp_324","2","Bach","Prelude BWV 848","In measure 97, which note is not part of the scale of the tonality?","S","","Long","Pitch","Pitch with octave number","Single","[""A4"", ""G#3"", ""Bb2""]","[""A3""]","inputs/abc/piece-02.abc","inputs/midi_performance_event_text/piece-02.txt","inputs/abc_plus_midi/piece-02.abc","inputs/audio/piece-02.wav","inputs/pdf/without_context/piece-02.pdf","[""inputs/images/piece-02/page-1.png"", ""inputs/images/piece-02/page-2.png"", ""inputs/images/piece-02/page-3.png"", ""inputs/images/piece-02/page-4.png""]"
"musp_325","2","Bach","Prelude BWV 848","Starting in which bars is the main theme played, regardless of transposition or voice? Count every occurrence of the theme, and consider the theme in its shortest self-contained form.","S","","Long","Bar / beat","Bar number (digits)","List ordered by appearance","[""4, 33""]","[""1, 9, 17, 25, 47, 55""]","inputs/abc/piece-02.abc","inputs/midi_performance_event_text/piece-02.txt","inputs/abc_plus_midi/piece-02.abc","inputs/audio/piece-02.wav","inputs/pdf/without_context/piece-02.pdf","[""inputs/images/piece-02/page-1.png"", ""inputs/images/piece-02/page-2.png"", ""inputs/images/piece-02/page-3.png"", ""inputs/images/piece-02/page-4.png""]"
"musp_326","2","Bach","Prelude BWV 848","In which bar does the prolonged dominant tension or pedal begin and then continue uninterrupted through the penultimate bar, without passing through another harmony or releasing its dominant function, before finally resolving?","S","","Long","Bar / beat","Bar number (digits)","Single","[""4""]","[""87""]","inputs/abc/piece-02.abc","inputs/midi_performance_event_text/piece-02.txt","inputs/abc_plus_midi/piece-02.abc","inputs/audio/piece-02.wav","inputs/pdf/without_context/piece-02.pdf","[""inputs/images/piece-02/page-1.png"", ""inputs/images/piece-02/page-2.png"", ""inputs/images/piece-02/page-3.png"", ""inputs/images/piece-02/page-4.png""]"
"musp_327","2","Bach","Prelude BWV 848","Identify the longest continuous range of bars that follows the same rhythmic pattern and division between the left and right hands as bar 87. What is the longest bar range containing this motif?","S","","Long","Bar / beat","Bar range (N-N)","Single","[""1-10""]","[""63-75 ""]","inputs/abc/piece-02.abc","inputs/midi_performance_event_text/piece-02.txt","inputs/abc_plus_midi/piece-02.abc","inputs/audio/piece-02.wav","inputs/pdf/without_context/piece-02.pdf","[""inputs/images/piece-02/page-1.png"", ""inputs/images/piece-02/page-2.png"", ""inputs/images/piece-02/page-3.png"", ""inputs/images/piece-02/page-4.png""]"
"musp_328","2","Bach","Prelude BWV 848","Which measure is the first to contain 3 eighth notes in either hand? Ignore ties.","S","","Long","Bar / beat","Bar number (digits)","Single","[""4""]","[""32""]","inputs/abc/piece-02.abc","inputs/midi_performance_event_text/piece-02.txt","inputs/abc_plus_midi/piece-02.abc","inputs/audio/piece-02.wav","inputs/pdf/without_context/piece-02.pdf","[""inputs/images/piece-02/page-1.png"", ""inputs/images/piece-02/page-2.png"", ""inputs/images/piece-02/page-3.png"", ""inputs/images/piece-02/page-4.png""]"
"musp_329","2","Bach","Prelude BWV 848","The melodic line that is first introduced in measure 1-7 as C#, D#, E#, F#, E#, D#, C#, is transposed a couple of times. List the first notes of this melodic line whenever it is played, starting with the C# (as in bar 1).","S","","Long","Pitch","Pitch class without octave number","List ordered by appearance","[""C#, A, Bb, Fx""]","[""C#, G#, D#, A#, F#, C#""]","inputs/abc/piece-02.abc","inputs/midi_performance_event_text/piece-02.txt","inputs/abc_plus_midi/piece-02.abc","inputs/audio/piece-02.wav","inputs/pdf/without_context/piece-02.pdf","[""inputs/images/piece-02/page-1.png"", ""inputs/images/piece-02/page-2.png"", ""inputs/images/piece-02/page-3.png"", ""inputs/images/piece-02/page-4.png""]"
"musp_330","3","Balakirev","Islamey","What is the non-arpeggiated chord in measure 107?","S","","Short","Chord","Lead-sheet chord symbol with bass whenever needed","Single","[""Esus2"", ""D#maj7"", ""B7b5/D#""]","[""Em7b5/Bb""]","inputs/abc/piece-03.abc","inputs/midi_performance_event_text/piece-03.txt","inputs/abc_plus_midi/piece-03.abc","inputs/audio/piece-03.wav","inputs/pdf/without_context/piece-03.pdf","[""inputs/images/piece-03/page-01.png"", ""inputs/images/piece-03/page-02.png"", ""inputs/images/piece-03/page-03.png"", ""inputs/images/piece-03/page-04.png"", ""inputs/images/piece-03/page-05.png"", ""inputs/images/piece-03/page-06.png"", ""inputs/images/piece-03/page-07.png"", ""inputs/images/piece-03/page-08.png"", ""inputs/images/piece-03/page-09.png"", ""inputs/images/piece-03/page-10.png"", ""inputs/images/piece-03/page-11.png"", ""inputs/images/piece-03/page-12.png"", ""inputs/images/piece-03/page-13.png"", ""inputs/images/piece-03/page-14.png"", ""inputs/images/piece-03/page-15.png"", ""inputs/images/piece-03/page-16.png"", ""inputs/images/piece-03/page-17.png"", ""inputs/images/piece-03/page-18.png"", ""inputs/images/piece-03/page-19.png"", ""inputs/images/piece-03/page-20.png""]"
"musp_331","3","Balakirev","Islamey","Which of the following is not present in measure 140: soprano melody, triplet figuration, chordal support, bass octaves, leading tone, doubled melody, dotted eighth?","S","","Short","Choice","One choice copied exactly from the question","Single","[]","[""leading tone""]","inputs/abc/piece-03.abc","inputs/midi_performance_event_text/piece-03.txt","inputs/abc_plus_midi/piece-03.abc","inputs/audio/piece-03.wav","inputs/pdf/without_context/piece-03.pdf","[""inputs/images/piece-03/page-01.png"", ""inputs/images/piece-03/page-02.png"", ""inputs/images/piece-03/page-03.png"", ""inputs/images/piece-03/page-04.png"", ""inputs/images/piece-03/page-05.png"", ""inputs/images/piece-03/page-06.png"", ""inputs/images/piece-03/page-07.png"", ""inputs/images/piece-03/page-08.png"", ""inputs/images/piece-03/page-09.png"", ""inputs/images/piece-03/page-10.png"", ""inputs/images/piece-03/page-11.png"", ""inputs/images/piece-03/page-12.png"", ""inputs/images/piece-03/page-13.png"", ""inputs/images/piece-03/page-14.png"", ""inputs/images/piece-03/page-15.png"", ""inputs/images/piece-03/page-16.png"", ""inputs/images/piece-03/page-17.png"", ""inputs/images/piece-03/page-18.png"", ""inputs/images/piece-03/page-19.png"", ""inputs/images/piece-03/page-20.png""]"
"musp_332","3","Balakirev","Islamey","Which scale is played in bar 148? Be specific about the key, form, and mode.","S","","Short","Key / tonality","Scale (pitch class and mode)","Single","[""C major"", ""F# melodic minor"", ""D Dorian""]","[""B harmonic minor""]","inputs/abc/piece-03.abc","inputs/midi_performance_event_text/piece-03.txt","inputs/abc_plus_midi/piece-03.abc","inputs/audio/piece-03.wav","inputs/pdf/without_context/piece-03.pdf","[""inputs/images/piece-03/page-01.png"", ""inputs/images/piece-03/page-02.png"", ""inputs/images/piece-03/page-03.png"", ""inputs/images/piece-03/page-04.png"", ""inputs/images/piece-03/page-05.png"", ""inputs/images/piece-03/page-06.png"", ""inputs/images/piece-03/page-07.png"", ""inputs/images/piece-03/page-08.png"", ""inputs/images/piece-03/page-09.png"", ""inputs/images/piece-03/page-10.png"", ""inputs/images/piece-03/page-11.png"", ""inputs/images/piece-03/page-12.png"", ""inputs/images/piece-03/page-13.png"", ""inputs/images/piece-03/page-14.png"", ""inputs/images/piece-03/page-15.png"", ""inputs/images/piece-03/page-16.png"", ""inputs/images/piece-03/page-17.png"", ""inputs/images/piece-03/page-18.png"", ""inputs/images/piece-03/page-19.png"", ""inputs/images/piece-03/page-20.png""]"
"musp_333","3","Balakirev","Islamey","Order by appearance: 
(1) Grand descent in and toward Db major using notes from the dominant-seventh chord C7 and octaves as approach notes. 
(2) Lyrical song. 
(3) the last Presto Furioso marking. 
Write only the numbers corresponding to the described passages, in order of appearance.","S","","Mid","Integer","Positive integer","List ordered by appearance","[""1, 2, 3""]","[""2, 3, 1""]","inputs/abc/piece-03.abc","inputs/midi_performance_event_text/piece-03.txt","inputs/abc_plus_midi/piece-03.abc","inputs/audio/piece-03.wav","inputs/pdf/without_context/piece-03.pdf","[""inputs/images/piece-03/page-01.png"", ""inputs/images/piece-03/page-02.png"", ""inputs/images/piece-03/page-03.png"", ""inputs/images/piece-03/page-04.png"", ""inputs/images/piece-03/page-05.png"", ""inputs/images/piece-03/page-06.png"", ""inputs/images/piece-03/page-07.png"", ""inputs/images/piece-03/page-08.png"", ""inputs/images/piece-03/page-09.png"", ""inputs/images/piece-03/page-10.png"", ""inputs/images/piece-03/page-11.png"", ""inputs/images/piece-03/page-12.png"", ""inputs/images/piece-03/page-13.png"", ""inputs/images/piece-03/page-14.png"", ""inputs/images/piece-03/page-15.png"", ""inputs/images/piece-03/page-16.png"", ""inputs/images/piece-03/page-17.png"", ""inputs/images/piece-03/page-18.png"", ""inputs/images/piece-03/page-19.png"", ""inputs/images/piece-03/page-20.png""]"
"musp_334","3","Balakirev","Islamey","Estimate the lowest correct upper bound for the number of notes in the first 16 bars of this piece: 100, 150, 200, 250, 300, 350, 400, 450, 500, 550, or 600.","S","","Mid","Integer","Positive integer","Single","[""4""]","[""300""]","inputs/abc/piece-03.abc","inputs/midi_performance_event_text/piece-03.txt","inputs/abc_plus_midi/piece-03.abc","inputs/audio/piece-03.wav","inputs/pdf/without_context/piece-03.pdf","[""inputs/images/piece-03/page-01.png"", ""inputs/images/piece-03/page-02.png"", ""inputs/images/piece-03/page-03.png"", ""inputs/images/piece-03/page-04.png"", ""inputs/images/piece-03/page-05.png"", ""inputs/images/piece-03/page-06.png"", ""inputs/images/piece-03/page-07.png"", ""inputs/images/piece-03/page-08.png"", ""inputs/images/piece-03/page-09.png"", ""inputs/images/piece-03/page-10.png"", ""inputs/images/piece-03/page-11.png"", ""inputs/images/piece-03/page-12.png"", ""inputs/images/piece-03/page-13.png"", ""inputs/images/piece-03/page-14.png"", ""inputs/images/piece-03/page-15.png"", ""inputs/images/piece-03/page-16.png"", ""inputs/images/piece-03/page-17.png"", ""inputs/images/piece-03/page-18.png"", ""inputs/images/piece-03/page-19.png"", ""inputs/images/piece-03/page-20.png""]"
"musp_335","3","Balakirev","Islamey","Up to and including bar 164, identify the four distinct passages introduced by tempo or character indications. Give each complete indication exactly as written in the score and in order of appearance. Separate the indications with semicolons.","S","","Long","Short text","Expressive term or phrase","List ordered by appearance","[""dolce, con fuoco""]","[""allegro agitato; tranquillo; andantino espressivo; poco più mosso, energico""]","inputs/abc/piece-03.abc","inputs/midi_performance_event_text/piece-03.txt","inputs/abc_plus_midi/piece-03.abc","inputs/audio/piece-03.wav","inputs/pdf/without_context/piece-03.pdf","[""inputs/images/piece-03/page-01.png"", ""inputs/images/piece-03/page-02.png"", ""inputs/images/piece-03/page-03.png"", ""inputs/images/piece-03/page-04.png"", ""inputs/images/piece-03/page-05.png"", ""inputs/images/piece-03/page-06.png"", ""inputs/images/piece-03/page-07.png"", ""inputs/images/piece-03/page-08.png"", ""inputs/images/piece-03/page-09.png"", ""inputs/images/piece-03/page-10.png"", ""inputs/images/piece-03/page-11.png"", ""inputs/images/piece-03/page-12.png"", ""inputs/images/piece-03/page-13.png"", ""inputs/images/piece-03/page-14.png"", ""inputs/images/piece-03/page-15.png"", ""inputs/images/piece-03/page-16.png"", ""inputs/images/piece-03/page-17.png"", ""inputs/images/piece-03/page-18.png"", ""inputs/images/piece-03/page-19.png"", ""inputs/images/piece-03/page-20.png""]"
"musp_336","3","Balakirev","Islamey","Measure 198 returns to an earlier tempo. Is it less, equally, or more agitated than when the earlier tempo was first played? And which word in the score makes this clear?","S","","Long","Composite answer","Two answer components in the formats specified in the question","Single","[""equal, idem""]","[""less, tranquillo""]","inputs/abc/piece-03.abc","inputs/midi_performance_event_text/piece-03.txt","inputs/abc_plus_midi/piece-03.abc","inputs/audio/piece-03.wav","inputs/pdf/without_context/piece-03.pdf","[""inputs/images/piece-03/page-01.png"", ""inputs/images/piece-03/page-02.png"", ""inputs/images/piece-03/page-03.png"", ""inputs/images/piece-03/page-04.png"", ""inputs/images/piece-03/page-05.png"", ""inputs/images/piece-03/page-06.png"", ""inputs/images/piece-03/page-07.png"", ""inputs/images/piece-03/page-08.png"", ""inputs/images/piece-03/page-09.png"", ""inputs/images/piece-03/page-10.png"", ""inputs/images/piece-03/page-11.png"", ""inputs/images/piece-03/page-12.png"", ""inputs/images/piece-03/page-13.png"", ""inputs/images/piece-03/page-14.png"", ""inputs/images/piece-03/page-15.png"", ""inputs/images/piece-03/page-16.png"", ""inputs/images/piece-03/page-17.png"", ""inputs/images/piece-03/page-18.png"", ""inputs/images/piece-03/page-19.png"", ""inputs/images/piece-03/page-20.png""]"
"musp_337","3","Balakirev","Islamey","The lyrical theme is first presented in bar 92. In which bar does its first variation in simple duple meter begin?","S","","Long","Bar / beat","Bar number (digits)","Single","[""10""]","[""242""]","inputs/abc/piece-03.abc","inputs/midi_performance_event_text/piece-03.txt","inputs/abc_plus_midi/piece-03.abc","inputs/audio/piece-03.wav","inputs/pdf/without_context/piece-03.pdf","[""inputs/images/piece-03/page-01.png"", ""inputs/images/piece-03/page-02.png"", ""inputs/images/piece-03/page-03.png"", ""inputs/images/piece-03/page-04.png"", ""inputs/images/piece-03/page-05.png"", ""inputs/images/piece-03/page-06.png"", ""inputs/images/piece-03/page-07.png"", ""inputs/images/piece-03/page-08.png"", ""inputs/images/piece-03/page-09.png"", ""inputs/images/piece-03/page-10.png"", ""inputs/images/piece-03/page-11.png"", ""inputs/images/piece-03/page-12.png"", ""inputs/images/piece-03/page-13.png"", ""inputs/images/piece-03/page-14.png"", ""inputs/images/piece-03/page-15.png"", ""inputs/images/piece-03/page-16.png"", ""inputs/images/piece-03/page-17.png"", ""inputs/images/piece-03/page-18.png"", ""inputs/images/piece-03/page-19.png"", ""inputs/images/piece-03/page-20.png""]"
"musp_338","3","Balakirev","Islamey","Which bar in the second half of the piece contains a glissando?","S","","Long","Bar / beat","Bar number (digits)","Single","[""4""]","[""257""]","inputs/abc/piece-03.abc","inputs/midi_performance_event_text/piece-03.txt","inputs/abc_plus_midi/piece-03.abc","inputs/audio/piece-03.wav","inputs/pdf/without_context/piece-03.pdf","[""inputs/images/piece-03/page-01.png"", ""inputs/images/piece-03/page-02.png"", ""inputs/images/piece-03/page-03.png"", ""inputs/images/piece-03/page-04.png"", ""inputs/images/piece-03/page-05.png"", ""inputs/images/piece-03/page-06.png"", ""inputs/images/piece-03/page-07.png"", ""inputs/images/piece-03/page-08.png"", ""inputs/images/piece-03/page-09.png"", ""inputs/images/piece-03/page-10.png"", ""inputs/images/piece-03/page-11.png"", ""inputs/images/piece-03/page-12.png"", ""inputs/images/piece-03/page-13.png"", ""inputs/images/piece-03/page-14.png"", ""inputs/images/piece-03/page-15.png"", ""inputs/images/piece-03/page-16.png"", ""inputs/images/piece-03/page-17.png"", ""inputs/images/piece-03/page-18.png"", ""inputs/images/piece-03/page-19.png"", ""inputs/images/piece-03/page-20.png""]"
"musp_339","3","Balakirev","Islamey","The material starting in bar 242 is a variation of an earlier section. Identify the first bar of the most original passage, the very first time it is played. ","S","","Long","Bar / beat","Bar number (digits)","Single","[""4""]","[""92""]","inputs/abc/piece-03.abc","inputs/midi_performance_event_text/piece-03.txt","inputs/abc_plus_midi/piece-03.abc","inputs/audio/piece-03.wav","inputs/pdf/without_context/piece-03.pdf","[""inputs/images/piece-03/page-01.png"", ""inputs/images/piece-03/page-02.png"", ""inputs/images/piece-03/page-03.png"", ""inputs/images/piece-03/page-04.png"", ""inputs/images/piece-03/page-05.png"", ""inputs/images/piece-03/page-06.png"", ""inputs/images/piece-03/page-07.png"", ""inputs/images/piece-03/page-08.png"", ""inputs/images/piece-03/page-09.png"", ""inputs/images/piece-03/page-10.png"", ""inputs/images/piece-03/page-11.png"", ""inputs/images/piece-03/page-12.png"", ""inputs/images/piece-03/page-13.png"", ""inputs/images/piece-03/page-14.png"", ""inputs/images/piece-03/page-15.png"", ""inputs/images/piece-03/page-16.png"", ""inputs/images/piece-03/page-17.png"", ""inputs/images/piece-03/page-18.png"", ""inputs/images/piece-03/page-19.png"", ""inputs/images/piece-03/page-20.png""]"
"musp_340","4","Beethoven","Piano Sonata 23, movement 1","Relative to the piece's tonality, identify all harmonic functions/special chords established in the first nine bars, in order. Choose from the following labels; labels may be used more than once: tonic, dominant, predominant, mediant, submediant, secondary dominant, double dominant, Neapolitan, augmented-sixth chord.","S","","Mid","Category label","Harmonic-function label written in full","List ordered by appearance","[""Tonic, predominant, tonic, Neapolitan, dominant, tonic""]","[""Tonic, dominant, double dominant, dominant, Neapolitan, predominant, secondary dominant, predominant, dominant, double dominant"", ""Tonic, dominant, double dominant, dominant, Neapolitan, submediant, secondary dominant, submediant, dominant, double dominant"", ""Tonic, dominant, double dominant, dominant, Neapolitan, predominant, secondary dominant, submediant, dominant, double dominant"", ""Tonic, dominant, double dominant, dominant, Neapolitan, submediant, secondary dominant, predominant, dominant, double dominant""]","inputs/abc/piece-04.abc","inputs/midi_performance_event_text/piece-04.txt","inputs/abc_plus_midi/piece-04.abc","inputs/audio/piece-04.wav","inputs/pdf/without_context/piece-04.pdf","[""inputs/images/piece-04/page-01.png"", ""inputs/images/piece-04/page-02.png"", ""inputs/images/piece-04/page-03.png"", ""inputs/images/piece-04/page-04.png"", ""inputs/images/piece-04/page-05.png"", ""inputs/images/piece-04/page-06.png"", ""inputs/images/piece-04/page-07.png"", ""inputs/images/piece-04/page-08.png"", ""inputs/images/piece-04/page-09.png"", ""inputs/images/piece-04/page-10.png"", ""inputs/images/piece-04/page-11.png"", ""inputs/images/piece-04/page-12.png"", ""inputs/images/piece-04/page-13.png"", ""inputs/images/piece-04/page-14.png"", ""inputs/images/piece-04/page-15.png"", ""inputs/images/piece-04/page-16.png"", ""inputs/images/piece-04/page-17.png"", ""inputs/images/piece-04/page-18.png"", ""inputs/images/piece-04/page-19.png"", ""inputs/images/piece-04/page-20.png"", ""inputs/images/piece-04/page-21.png"", ""inputs/images/piece-04/page-22.png"", ""inputs/images/piece-04/page-23.png"", ""inputs/images/piece-04/page-24.png"", ""inputs/images/piece-04/page-25.png"", ""inputs/images/piece-04/page-26.png"", ""inputs/images/piece-04/page-27.png"", ""inputs/images/piece-04/page-28.png"", ""inputs/images/piece-04/page-29.png"", ""inputs/images/piece-04/page-30.png"", ""inputs/images/piece-04/page-31.png""]"
"musp_341","4","Beethoven","Piano Sonata 23, movement 1","Bar 79 initiates a modulating bridge. Which key does it modulate to, as evidenced by the arrival of a significantly long statement of the second theme in that key?","S","","Long","Key / tonality","Key (pitch class and mode)","Single","[""Eb major"", ""C# minor"", ""D Dorian""]","[""Db major"", ""Ab major""]","inputs/abc/piece-04.abc","inputs/midi_performance_event_text/piece-04.txt","inputs/abc_plus_midi/piece-04.abc","inputs/audio/piece-04.wav","inputs/pdf/without_context/piece-04.pdf","[""inputs/images/piece-04/page-01.png"", ""inputs/images/piece-04/page-02.png"", ""inputs/images/piece-04/page-03.png"", ""inputs/images/piece-04/page-04.png"", ""inputs/images/piece-04/page-05.png"", ""inputs/images/piece-04/page-06.png"", ""inputs/images/piece-04/page-07.png"", ""inputs/images/piece-04/page-08.png"", ""inputs/images/piece-04/page-09.png"", ""inputs/images/piece-04/page-10.png"", ""inputs/images/piece-04/page-11.png"", ""inputs/images/piece-04/page-12.png"", ""inputs/images/piece-04/page-13.png"", ""inputs/images/piece-04/page-14.png"", ""inputs/images/piece-04/page-15.png"", ""inputs/images/piece-04/page-16.png"", ""inputs/images/piece-04/page-17.png"", ""inputs/images/piece-04/page-18.png"", ""inputs/images/piece-04/page-19.png"", ""inputs/images/piece-04/page-20.png"", ""inputs/images/piece-04/page-21.png"", ""inputs/images/piece-04/page-22.png"", ""inputs/images/piece-04/page-23.png"", ""inputs/images/piece-04/page-24.png"", ""inputs/images/piece-04/page-25.png"", ""inputs/images/piece-04/page-26.png"", ""inputs/images/piece-04/page-27.png"", ""inputs/images/piece-04/page-28.png"", ""inputs/images/piece-04/page-29.png"", ""inputs/images/piece-04/page-30.png"", ""inputs/images/piece-04/page-31.png""]"
"musp_342","4","Beethoven","Piano Sonata 23, movement 1","In which bar does the right hand first play a syncopated rhythm in alternation with the left hand?
","S","","Long","Bar / beat","Bar number (digits)","Single","[""4""]","[""17""]","inputs/abc/piece-04.abc","inputs/midi_performance_event_text/piece-04.txt","inputs/abc_plus_midi/piece-04.abc","inputs/audio/piece-04.wav","inputs/pdf/without_context/piece-04.pdf","[""inputs/images/piece-04/page-01.png"", ""inputs/images/piece-04/page-02.png"", ""inputs/images/piece-04/page-03.png"", ""inputs/images/piece-04/page-04.png"", ""inputs/images/piece-04/page-05.png"", ""inputs/images/piece-04/page-06.png"", ""inputs/images/piece-04/page-07.png"", ""inputs/images/piece-04/page-08.png"", ""inputs/images/piece-04/page-09.png"", ""inputs/images/piece-04/page-10.png"", ""inputs/images/piece-04/page-11.png"", ""inputs/images/piece-04/page-12.png"", ""inputs/images/piece-04/page-13.png"", ""inputs/images/piece-04/page-14.png"", ""inputs/images/piece-04/page-15.png"", ""inputs/images/piece-04/page-16.png"", ""inputs/images/piece-04/page-17.png"", ""inputs/images/piece-04/page-18.png"", ""inputs/images/piece-04/page-19.png"", ""inputs/images/piece-04/page-20.png"", ""inputs/images/piece-04/page-21.png"", ""inputs/images/piece-04/page-22.png"", ""inputs/images/piece-04/page-23.png"", ""inputs/images/piece-04/page-24.png"", ""inputs/images/piece-04/page-25.png"", ""inputs/images/piece-04/page-26.png"", ""inputs/images/piece-04/page-27.png"", ""inputs/images/piece-04/page-28.png"", ""inputs/images/piece-04/page-29.png"", ""inputs/images/piece-04/page-30.png"", ""inputs/images/piece-04/page-31.png""]"
"musp_343","4","Beethoven","Piano Sonata 23, movement 1","Starting in which bar is the complete short-short-short-long rhythmic figure, associated with the composer’s Fifth Symphony, repeated, with transposition allowed, for at least six consecutive bars?","S","","Long","Bar / beat","Bar number (digits)","Single","[""4""]","[""130""]","inputs/abc/piece-04.abc","inputs/midi_performance_event_text/piece-04.txt","inputs/abc_plus_midi/piece-04.abc","inputs/audio/piece-04.wav","inputs/pdf/without_context/piece-04.pdf","[""inputs/images/piece-04/page-01.png"", ""inputs/images/piece-04/page-02.png"", ""inputs/images/piece-04/page-03.png"", ""inputs/images/piece-04/page-04.png"", ""inputs/images/piece-04/page-05.png"", ""inputs/images/piece-04/page-06.png"", ""inputs/images/piece-04/page-07.png"", ""inputs/images/piece-04/page-08.png"", ""inputs/images/piece-04/page-09.png"", ""inputs/images/piece-04/page-10.png"", ""inputs/images/piece-04/page-11.png"", ""inputs/images/piece-04/page-12.png"", ""inputs/images/piece-04/page-13.png"", ""inputs/images/piece-04/page-14.png"", ""inputs/images/piece-04/page-15.png"", ""inputs/images/piece-04/page-16.png"", ""inputs/images/piece-04/page-17.png"", ""inputs/images/piece-04/page-18.png"", ""inputs/images/piece-04/page-19.png"", ""inputs/images/piece-04/page-20.png"", ""inputs/images/piece-04/page-21.png"", ""inputs/images/piece-04/page-22.png"", ""inputs/images/piece-04/page-23.png"", ""inputs/images/piece-04/page-24.png"", ""inputs/images/piece-04/page-25.png"", ""inputs/images/piece-04/page-26.png"", ""inputs/images/piece-04/page-27.png"", ""inputs/images/piece-04/page-28.png"", ""inputs/images/piece-04/page-29.png"", ""inputs/images/piece-04/page-30.png"", ""inputs/images/piece-04/page-31.png""]"
"musp_344","4","Beethoven","Piano Sonata 23, movement 1","At two points in the piece, a soft, wandering solo line descends before giving way to a sudden expressive outburst. In which two bars do these outbursts occur?","S","","Long","Bar / beat","Bar number (digits)","Pair","[""10,24""]","[""51, 190""]","inputs/abc/piece-04.abc","inputs/midi_performance_event_text/piece-04.txt","inputs/abc_plus_midi/piece-04.abc","inputs/audio/piece-04.wav","inputs/pdf/without_context/piece-04.pdf","[""inputs/images/piece-04/page-01.png"", ""inputs/images/piece-04/page-02.png"", ""inputs/images/piece-04/page-03.png"", ""inputs/images/piece-04/page-04.png"", ""inputs/images/piece-04/page-05.png"", ""inputs/images/piece-04/page-06.png"", ""inputs/images/piece-04/page-07.png"", ""inputs/images/piece-04/page-08.png"", ""inputs/images/piece-04/page-09.png"", ""inputs/images/piece-04/page-10.png"", ""inputs/images/piece-04/page-11.png"", ""inputs/images/piece-04/page-12.png"", ""inputs/images/piece-04/page-13.png"", ""inputs/images/piece-04/page-14.png"", ""inputs/images/piece-04/page-15.png"", ""inputs/images/piece-04/page-16.png"", ""inputs/images/piece-04/page-17.png"", ""inputs/images/piece-04/page-18.png"", ""inputs/images/piece-04/page-19.png"", ""inputs/images/piece-04/page-20.png"", ""inputs/images/piece-04/page-21.png"", ""inputs/images/piece-04/page-22.png"", ""inputs/images/piece-04/page-23.png"", ""inputs/images/piece-04/page-24.png"", ""inputs/images/piece-04/page-25.png"", ""inputs/images/piece-04/page-26.png"", ""inputs/images/piece-04/page-27.png"", ""inputs/images/piece-04/page-28.png"", ""inputs/images/piece-04/page-29.png"", ""inputs/images/piece-04/page-30.png"", ""inputs/images/piece-04/page-31.png""]"
"musp_345","5","Beethoven","Piano Sonata No. 21, movement 1","What type of cadence is played in bars 250-251?","S","","Short","Category label","Cadence name written in full","Single","[""half cadence""]","[""deceptive cadence"", ""interrupted cadence"", ""false cadence"", ""half cadence"", ""open cadence""]","inputs/abc/piece-05.abc","inputs/midi_performance_event_text/piece-05.txt","inputs/abc_plus_midi/piece-05.abc","inputs/audio/piece-05.wav","inputs/pdf/without_context/piece-05.pdf","[""inputs/images/piece-05/page-01.png"", ""inputs/images/piece-05/page-02.png"", ""inputs/images/piece-05/page-03.png"", ""inputs/images/piece-05/page-04.png"", ""inputs/images/piece-05/page-05.png"", ""inputs/images/piece-05/page-06.png"", ""inputs/images/piece-05/page-07.png"", ""inputs/images/piece-05/page-08.png"", ""inputs/images/piece-05/page-09.png"", ""inputs/images/piece-05/page-10.png"", ""inputs/images/piece-05/page-11.png"", ""inputs/images/piece-05/page-12.png"", ""inputs/images/piece-05/page-13.png"", ""inputs/images/piece-05/page-14.png"", ""inputs/images/piece-05/page-15.png"", ""inputs/images/piece-05/page-16.png"", ""inputs/images/piece-05/page-17.png"", ""inputs/images/piece-05/page-18.png"", ""inputs/images/piece-05/page-19.png"", ""inputs/images/piece-05/page-20.png""]"
"musp_346","5","Beethoven","Piano Sonata No. 21, movement 1","What are the note values played by the right hand in measure 20?","S","","Short","Duration / ratio","Note value written in full","List ordered by appearance","[""half note, whole note""]","[""dotted quarter note, sixteenth note, sixteenth note, eighth note""]","inputs/abc/piece-05.abc","inputs/midi_performance_event_text/piece-05.txt","inputs/abc_plus_midi/piece-05.abc","inputs/audio/piece-05.wav","inputs/pdf/without_context/piece-05.pdf","[""inputs/images/piece-05/page-01.png"", ""inputs/images/piece-05/page-02.png"", ""inputs/images/piece-05/page-03.png"", ""inputs/images/piece-05/page-04.png"", ""inputs/images/piece-05/page-05.png"", ""inputs/images/piece-05/page-06.png"", ""inputs/images/piece-05/page-07.png"", ""inputs/images/piece-05/page-08.png"", ""inputs/images/piece-05/page-09.png"", ""inputs/images/piece-05/page-10.png"", ""inputs/images/piece-05/page-11.png"", ""inputs/images/piece-05/page-12.png"", ""inputs/images/piece-05/page-13.png"", ""inputs/images/piece-05/page-14.png"", ""inputs/images/piece-05/page-15.png"", ""inputs/images/piece-05/page-16.png"", ""inputs/images/piece-05/page-17.png"", ""inputs/images/piece-05/page-18.png"", ""inputs/images/piece-05/page-19.png"", ""inputs/images/piece-05/page-20.png""]"
"musp_347","5","Beethoven","Piano Sonata No. 21, movement 1","What are the note values in the second-highest voice of measure 208 and 209?","S","","Short","Duration / ratio","Note value written in full","List ordered by appearance","[""dotted eighth note, sixteenth note, dotted half note""]","[""half note, quarter note, quarter note, half note, triplet eighth note, triplet eighth note, triplet eighth note, triplet eighth note, triplet eighth note, triplet eighth note"", ""half note, quarter note, quarter note, half note, eighth-note triplet, eighth-note triplet, eighth-note triplet, eighth-note triplet, eighth-note triplet, eighth-note triplet""]","inputs/abc/piece-05.abc","inputs/midi_performance_event_text/piece-05.txt","inputs/abc_plus_midi/piece-05.abc","inputs/audio/piece-05.wav","inputs/pdf/without_context/piece-05.pdf","[""inputs/images/piece-05/page-01.png"", ""inputs/images/piece-05/page-02.png"", ""inputs/images/piece-05/page-03.png"", ""inputs/images/piece-05/page-04.png"", ""inputs/images/piece-05/page-05.png"", ""inputs/images/piece-05/page-06.png"", ""inputs/images/piece-05/page-07.png"", ""inputs/images/piece-05/page-08.png"", ""inputs/images/piece-05/page-09.png"", ""inputs/images/piece-05/page-10.png"", ""inputs/images/piece-05/page-11.png"", ""inputs/images/piece-05/page-12.png"", ""inputs/images/piece-05/page-13.png"", ""inputs/images/piece-05/page-14.png"", ""inputs/images/piece-05/page-15.png"", ""inputs/images/piece-05/page-16.png"", ""inputs/images/piece-05/page-17.png"", ""inputs/images/piece-05/page-18.png"", ""inputs/images/piece-05/page-19.png"", ""inputs/images/piece-05/page-20.png""]"
"musp_348","5","Beethoven","Piano Sonata No. 21, movement 1","According to the score, what is the maximum number of distinct pitches sounding simultaneously at any point in bar 137? List the pitches forming this densest sonority from lowest to highest.","S","","Short","Pitch","Pitch with octave number","List","[""G#3, Bb4, Fx5""]","[""F#3, C4, Eb4, F#4, Eb5"", ""F#3, C4, Eb4, F#4, C5"", ""F#3, C4, Eb4, F#4, A4"", ""F#3, C4, Eb4, F#4, A5""]","inputs/abc/piece-05.abc","inputs/midi_performance_event_text/piece-05.txt","inputs/abc_plus_midi/piece-05.abc","inputs/audio/piece-05.wav","inputs/pdf/without_context/piece-05.pdf","[""inputs/images/piece-05/page-01.png"", ""inputs/images/piece-05/page-02.png"", ""inputs/images/piece-05/page-03.png"", ""inputs/images/piece-05/page-04.png"", ""inputs/images/piece-05/page-05.png"", ""inputs/images/piece-05/page-06.png"", ""inputs/images/piece-05/page-07.png"", ""inputs/images/piece-05/page-08.png"", ""inputs/images/piece-05/page-09.png"", ""inputs/images/piece-05/page-10.png"", ""inputs/images/piece-05/page-11.png"", ""inputs/images/piece-05/page-12.png"", ""inputs/images/piece-05/page-13.png"", ""inputs/images/piece-05/page-14.png"", ""inputs/images/piece-05/page-15.png"", ""inputs/images/piece-05/page-16.png"", ""inputs/images/piece-05/page-17.png"", ""inputs/images/piece-05/page-18.png"", ""inputs/images/piece-05/page-19.png"", ""inputs/images/piece-05/page-20.png""]"
"musp_349","5","Beethoven","Piano Sonata No. 21, movement 1","How many notes does measure 61 count?","S","","Short","Integer","Positive integer","Single","[""4""]","[""31""]","inputs/abc/piece-05.abc","inputs/midi_performance_event_text/piece-05.txt","inputs/abc_plus_midi/piece-05.abc","inputs/audio/piece-05.wav","inputs/pdf/without_context/piece-05.pdf","[""inputs/images/piece-05/page-01.png"", ""inputs/images/piece-05/page-02.png"", ""inputs/images/piece-05/page-03.png"", ""inputs/images/piece-05/page-04.png"", ""inputs/images/piece-05/page-05.png"", ""inputs/images/piece-05/page-06.png"", ""inputs/images/piece-05/page-07.png"", ""inputs/images/piece-05/page-08.png"", ""inputs/images/piece-05/page-09.png"", ""inputs/images/piece-05/page-10.png"", ""inputs/images/piece-05/page-11.png"", ""inputs/images/piece-05/page-12.png"", ""inputs/images/piece-05/page-13.png"", ""inputs/images/piece-05/page-14.png"", ""inputs/images/piece-05/page-15.png"", ""inputs/images/piece-05/page-16.png"", ""inputs/images/piece-05/page-17.png"", ""inputs/images/piece-05/page-18.png"", ""inputs/images/piece-05/page-19.png"", ""inputs/images/piece-05/page-20.png""]"
"musp_350","5","Beethoven","Piano Sonata No. 21, movement 1","Which bass note is the last note the slur that starts in bar 286 with a C2 connects to?","S","","Mid","Pitch","Pitch with octave number","Single","[""A4"", ""G#3"", ""Bb2""]","[""G3""]","inputs/abc/piece-05.abc","inputs/midi_performance_event_text/piece-05.txt","inputs/abc_plus_midi/piece-05.abc","inputs/audio/piece-05.wav","inputs/pdf/without_context/piece-05.pdf","[""inputs/images/piece-05/page-01.png"", ""inputs/images/piece-05/page-02.png"", ""inputs/images/piece-05/page-03.png"", ""inputs/images/piece-05/page-04.png"", ""inputs/images/piece-05/page-05.png"", ""inputs/images/piece-05/page-06.png"", ""inputs/images/piece-05/page-07.png"", ""inputs/images/piece-05/page-08.png"", ""inputs/images/piece-05/page-09.png"", ""inputs/images/piece-05/page-10.png"", ""inputs/images/piece-05/page-11.png"", ""inputs/images/piece-05/page-12.png"", ""inputs/images/piece-05/page-13.png"", ""inputs/images/piece-05/page-14.png"", ""inputs/images/piece-05/page-15.png"", ""inputs/images/piece-05/page-16.png"", ""inputs/images/piece-05/page-17.png"", ""inputs/images/piece-05/page-18.png"", ""inputs/images/piece-05/page-19.png"", ""inputs/images/piece-05/page-20.png""]"
"musp_351","5","Beethoven","Piano Sonata No. 21, movement 1","In measure 202, the harmony shifts abruptly to C major. What is the precise Roman numeral progression in this and the next two bars, relative to C? Ignore retardations.","S","","Mid","Chord","Roman-numeral chord symbol","List ordered by appearance","[""V7, ii6, V65""]","[""vi, iii, IV, I, ii, I64, V7"", ""vi, iii, IV, I, ii, cad64, V7"", ""vi, iii, IV, I, ii, cadential 64, V7"", ""vi, iii, IV, I, ii, I6/4, V7"", """"]","inputs/abc/piece-05.abc","inputs/midi_performance_event_text/piece-05.txt","inputs/abc_plus_midi/piece-05.abc","inputs/audio/piece-05.wav","inputs/pdf/without_context/piece-05.pdf","[""inputs/images/piece-05/page-01.png"", ""inputs/images/piece-05/page-02.png"", ""inputs/images/piece-05/page-03.png"", ""inputs/images/piece-05/page-04.png"", ""inputs/images/piece-05/page-05.png"", ""inputs/images/piece-05/page-06.png"", ""inputs/images/piece-05/page-07.png"", ""inputs/images/piece-05/page-08.png"", ""inputs/images/piece-05/page-09.png"", ""inputs/images/piece-05/page-10.png"", ""inputs/images/piece-05/page-11.png"", ""inputs/images/piece-05/page-12.png"", ""inputs/images/piece-05/page-13.png"", ""inputs/images/piece-05/page-14.png"", ""inputs/images/piece-05/page-15.png"", ""inputs/images/piece-05/page-16.png"", ""inputs/images/piece-05/page-17.png"", ""inputs/images/piece-05/page-18.png"", ""inputs/images/piece-05/page-19.png"", ""inputs/images/piece-05/page-20.png""]"
"musp_352","5","Beethoven","Piano Sonata No. 21, movement 1","What are the chords in Roman numeral notation starting in bar 251 until the first augmented chord (inclusive) with respect to the key/chord of bar 251? Don't add notes to the chords that are not explicitly written.","S","","Mid","Chord","Roman-numeral chord symbol","List ordered by appearance","[""V7, ii6, V6/5/V""]","[""I, V2/V, V6, V43/vi, vi6, #viº6, II+"", ""I, V4/2/V, V6, V4/3/vi, vi6, #viº6, II+"", ""I, V4/2/V, V6, V4/3/vi, vi6, vii°6/VII, II+"", ""I, V2/V, V6, V43/vi, vi6, vii°6/VII, II+""]","inputs/abc/piece-05.abc","inputs/midi_performance_event_text/piece-05.txt","inputs/abc_plus_midi/piece-05.abc","inputs/audio/piece-05.wav","inputs/pdf/without_context/piece-05.pdf","[""inputs/images/piece-05/page-01.png"", ""inputs/images/piece-05/page-02.png"", ""inputs/images/piece-05/page-03.png"", ""inputs/images/piece-05/page-04.png"", ""inputs/images/piece-05/page-05.png"", ""inputs/images/piece-05/page-06.png"", ""inputs/images/piece-05/page-07.png"", ""inputs/images/piece-05/page-08.png"", ""inputs/images/piece-05/page-09.png"", ""inputs/images/piece-05/page-10.png"", ""inputs/images/piece-05/page-11.png"", ""inputs/images/piece-05/page-12.png"", ""inputs/images/piece-05/page-13.png"", ""inputs/images/piece-05/page-14.png"", ""inputs/images/piece-05/page-15.png"", ""inputs/images/piece-05/page-16.png"", ""inputs/images/piece-05/page-17.png"", ""inputs/images/piece-05/page-18.png"", ""inputs/images/piece-05/page-19.png"", ""inputs/images/piece-05/page-20.png""]"
"musp_353","5","Beethoven","Piano Sonata No. 21, movement 1","From bar 284 until the end of the movement, what is the final note of each uninterrupted ascending or descending C-major scalar run? Include a run only when it consists of at least eight consecutive C-major scale tones in one direction, with each successive tone moving by one diatonic scale step. Each reported final note must itself be reached from the immediately preceding tone by one diatonic scale step in the same direction within the same hand or voice. If two runs end simultaneously, list the lower voice first.","S","","Mid","Pitch","Pitch with octave number","List ordered by appearance","[""A4, G#3, Bb2""]","[""B4, E4, A3, D4""]","inputs/abc/piece-05.abc","inputs/midi_performance_event_text/piece-05.txt","inputs/abc_plus_midi/piece-05.abc","inputs/audio/piece-05.wav","inputs/pdf/without_context/piece-05.pdf","[""inputs/images/piece-05/page-01.png"", ""inputs/images/piece-05/page-02.png"", ""inputs/images/piece-05/page-03.png"", ""inputs/images/piece-05/page-04.png"", ""inputs/images/piece-05/page-05.png"", ""inputs/images/piece-05/page-06.png"", ""inputs/images/piece-05/page-07.png"", ""inputs/images/piece-05/page-08.png"", ""inputs/images/piece-05/page-09.png"", ""inputs/images/piece-05/page-10.png"", ""inputs/images/piece-05/page-11.png"", ""inputs/images/piece-05/page-12.png"", ""inputs/images/piece-05/page-13.png"", ""inputs/images/piece-05/page-14.png"", ""inputs/images/piece-05/page-15.png"", ""inputs/images/piece-05/page-16.png"", ""inputs/images/piece-05/page-17.png"", ""inputs/images/piece-05/page-18.png"", ""inputs/images/piece-05/page-19.png"", ""inputs/images/piece-05/page-20.png""]"
"musp_354","5","Beethoven","Piano Sonata No. 21, movement 1","What is the complete chord progression from bar 198 until, but not including, the first A-minor chord?","S","","Mid","Chord","Lead-sheet chord symbol with bass whenever needed","List ordered by appearance","[""Esus2, Dbmaj7, B7b5/D#""]","[""A, E, F#m, C#7, D, E7/B, A/C#, Bm7/D, A/E, E7"", ""A, E, F#m, C#7, D, E7/B, A/C#, Bm7/D, A/E, E, E7"", ""A, E, F#m, C#7, D, E7/B, A/C#, Bm7/D, A/E, E""]","inputs/abc/piece-05.abc","inputs/midi_performance_event_text/piece-05.txt","inputs/abc_plus_midi/piece-05.abc","inputs/audio/piece-05.wav","inputs/pdf/without_context/piece-05.pdf","[""inputs/images/piece-05/page-01.png"", ""inputs/images/piece-05/page-02.png"", ""inputs/images/piece-05/page-03.png"", ""inputs/images/piece-05/page-04.png"", ""inputs/images/piece-05/page-05.png"", ""inputs/images/piece-05/page-06.png"", ""inputs/images/piece-05/page-07.png"", ""inputs/images/piece-05/page-08.png"", ""inputs/images/piece-05/page-09.png"", ""inputs/images/piece-05/page-10.png"", ""inputs/images/piece-05/page-11.png"", ""inputs/images/piece-05/page-12.png"", ""inputs/images/piece-05/page-13.png"", ""inputs/images/piece-05/page-14.png"", ""inputs/images/piece-05/page-15.png"", ""inputs/images/piece-05/page-16.png"", ""inputs/images/piece-05/page-17.png"", ""inputs/images/piece-05/page-18.png"", ""inputs/images/piece-05/page-19.png"", ""inputs/images/piece-05/page-20.png""]"
"musp_355","5","Beethoven","Piano Sonata No. 21, movement 1","A modulating passage starts in measure 114 through a series of dominant chords. Name the leading tones of these dominant chords fueling this modulation, up until the music reaches the chord of B minor.","S","","Mid","Pitch","Pitch class without octave number","List ordered by appearance","[""G#, Bb, Fx""]","[""B, E, A, D, A#"", ""E, A, D, A#""]","inputs/abc/piece-05.abc","inputs/midi_performance_event_text/piece-05.txt","inputs/abc_plus_midi/piece-05.abc","inputs/audio/piece-05.wav","inputs/pdf/without_context/piece-05.pdf","[""inputs/images/piece-05/page-01.png"", ""inputs/images/piece-05/page-02.png"", ""inputs/images/piece-05/page-03.png"", ""inputs/images/piece-05/page-04.png"", ""inputs/images/piece-05/page-05.png"", ""inputs/images/piece-05/page-06.png"", ""inputs/images/piece-05/page-07.png"", ""inputs/images/piece-05/page-08.png"", ""inputs/images/piece-05/page-09.png"", ""inputs/images/piece-05/page-10.png"", ""inputs/images/piece-05/page-11.png"", ""inputs/images/piece-05/page-12.png"", ""inputs/images/piece-05/page-13.png"", ""inputs/images/piece-05/page-14.png"", ""inputs/images/piece-05/page-15.png"", ""inputs/images/piece-05/page-16.png"", ""inputs/images/piece-05/page-17.png"", ""inputs/images/piece-05/page-18.png"", ""inputs/images/piece-05/page-19.png"", ""inputs/images/piece-05/page-20.png""]"
"musp_356","5","Beethoven","Piano Sonata No. 21, movement 1","Between measure 190 and 193, how many times does the right hand play a 4-note monotonically descending pattern in which all four notes are part of the E major chord?","S","","Mid","Integer","Positive integer","Single","[""4""]","[""11""]","inputs/abc/piece-05.abc","inputs/midi_performance_event_text/piece-05.txt","inputs/abc_plus_midi/piece-05.abc","inputs/audio/piece-05.wav","inputs/pdf/without_context/piece-05.pdf","[""inputs/images/piece-05/page-01.png"", ""inputs/images/piece-05/page-02.png"", ""inputs/images/piece-05/page-03.png"", ""inputs/images/piece-05/page-04.png"", ""inputs/images/piece-05/page-05.png"", ""inputs/images/piece-05/page-06.png"", ""inputs/images/piece-05/page-07.png"", ""inputs/images/piece-05/page-08.png"", ""inputs/images/piece-05/page-09.png"", ""inputs/images/piece-05/page-10.png"", ""inputs/images/piece-05/page-11.png"", ""inputs/images/piece-05/page-12.png"", ""inputs/images/piece-05/page-13.png"", ""inputs/images/piece-05/page-14.png"", ""inputs/images/piece-05/page-15.png"", ""inputs/images/piece-05/page-16.png"", ""inputs/images/piece-05/page-17.png"", ""inputs/images/piece-05/page-18.png"", ""inputs/images/piece-05/page-19.png"", ""inputs/images/piece-05/page-20.png""]"
"musp_357","5","Beethoven","Piano Sonata No. 21, movement 1","How many semitones lower or higher is bar 267 compared to 263?","S","","Mid","Integer","Signed integer","Single","[""-1"", ""+4""]","[""-2""]","inputs/abc/piece-05.abc","inputs/midi_performance_event_text/piece-05.txt","inputs/abc_plus_midi/piece-05.abc","inputs/audio/piece-05.wav","inputs/pdf/without_context/piece-05.pdf","[""inputs/images/piece-05/page-01.png"", ""inputs/images/piece-05/page-02.png"", ""inputs/images/piece-05/page-03.png"", ""inputs/images/piece-05/page-04.png"", ""inputs/images/piece-05/page-05.png"", ""inputs/images/piece-05/page-06.png"", ""inputs/images/piece-05/page-07.png"", ""inputs/images/piece-05/page-08.png"", ""inputs/images/piece-05/page-09.png"", ""inputs/images/piece-05/page-10.png"", ""inputs/images/piece-05/page-11.png"", ""inputs/images/piece-05/page-12.png"", ""inputs/images/piece-05/page-13.png"", ""inputs/images/piece-05/page-14.png"", ""inputs/images/piece-05/page-15.png"", ""inputs/images/piece-05/page-16.png"", ""inputs/images/piece-05/page-17.png"", ""inputs/images/piece-05/page-18.png"", ""inputs/images/piece-05/page-19.png"", ""inputs/images/piece-05/page-20.png""]"
"musp_358","5","Beethoven","Piano Sonata 21, movement 1","How many keys in total need to be struck from bar 292 until the return of the theme (exclusive)? I.e., how many attacks does the pianist have to make? If a particular key needs to be played twice, count that key twice.","S","","Long","Integer","Positive integer","Single","[""4""]","[""36""]","inputs/abc/piece-05.abc","inputs/midi_performance_event_text/piece-05.txt","inputs/abc_plus_midi/piece-05.abc","inputs/audio/piece-05.wav","inputs/pdf/without_context/piece-05.pdf","[""inputs/images/piece-05/page-01.png"", ""inputs/images/piece-05/page-02.png"", ""inputs/images/piece-05/page-03.png"", ""inputs/images/piece-05/page-04.png"", ""inputs/images/piece-05/page-05.png"", ""inputs/images/piece-05/page-06.png"", ""inputs/images/piece-05/page-07.png"", ""inputs/images/piece-05/page-08.png"", ""inputs/images/piece-05/page-09.png"", ""inputs/images/piece-05/page-10.png"", ""inputs/images/piece-05/page-11.png"", ""inputs/images/piece-05/page-12.png"", ""inputs/images/piece-05/page-13.png"", ""inputs/images/piece-05/page-14.png"", ""inputs/images/piece-05/page-15.png"", ""inputs/images/piece-05/page-16.png"", ""inputs/images/piece-05/page-17.png"", ""inputs/images/piece-05/page-18.png"", ""inputs/images/piece-05/page-19.png"", ""inputs/images/piece-05/page-20.png""]"
"musp_359","5","Beethoven","Piano Sonata No. 21, movement 1","Describe the dynamic contour of the first 30 bars by listing all notated dynamic instructions in order. Exclude sforzando markings. If a marking is repeated, name it twice.","S","","Long","Category label","Dynamic marking or term written in full","List ordered by appearance","[""mezzo-piano, fortissimo, mezzo-forte""]","[""pianissimo, pianissimo, crescendo, forte, diminuendo, piano, pianissimo, pianissimo, crescendo, piano, crescendo, forte""]","inputs/abc/piece-05.abc","inputs/midi_performance_event_text/piece-05.txt","inputs/abc_plus_midi/piece-05.abc","inputs/audio/piece-05.wav","inputs/pdf/without_context/piece-05.pdf","[""inputs/images/piece-05/page-01.png"", ""inputs/images/piece-05/page-02.png"", ""inputs/images/piece-05/page-03.png"", ""inputs/images/piece-05/page-04.png"", ""inputs/images/piece-05/page-05.png"", ""inputs/images/piece-05/page-06.png"", ""inputs/images/piece-05/page-07.png"", ""inputs/images/piece-05/page-08.png"", ""inputs/images/piece-05/page-09.png"", ""inputs/images/piece-05/page-10.png"", ""inputs/images/piece-05/page-11.png"", ""inputs/images/piece-05/page-12.png"", ""inputs/images/piece-05/page-13.png"", ""inputs/images/piece-05/page-14.png"", ""inputs/images/piece-05/page-15.png"", ""inputs/images/piece-05/page-16.png"", ""inputs/images/piece-05/page-17.png"", ""inputs/images/piece-05/page-18.png"", ""inputs/images/piece-05/page-19.png"", ""inputs/images/piece-05/page-20.png""]"
"musp_360","5","Beethoven","Piano Sonata No. 21, movement 1","Bars 159 through 169 are structurally identical to which measures of the exposition?","S","","Long","Bar / beat","Bar range (N-N)","Single","[""8-15"", ""24-31"", ""68-75""]","[""2-12""]","inputs/abc/piece-05.abc","inputs/midi_performance_event_text/piece-05.txt","inputs/abc_plus_midi/piece-05.abc","inputs/audio/piece-05.wav","inputs/pdf/without_context/piece-05.pdf","[""inputs/images/piece-05/page-01.png"", ""inputs/images/piece-05/page-02.png"", ""inputs/images/piece-05/page-03.png"", ""inputs/images/piece-05/page-04.png"", ""inputs/images/piece-05/page-05.png"", ""inputs/images/piece-05/page-06.png"", ""inputs/images/piece-05/page-07.png"", ""inputs/images/piece-05/page-08.png"", ""inputs/images/piece-05/page-09.png"", ""inputs/images/piece-05/page-10.png"", ""inputs/images/piece-05/page-11.png"", ""inputs/images/piece-05/page-12.png"", ""inputs/images/piece-05/page-13.png"", ""inputs/images/piece-05/page-14.png"", ""inputs/images/piece-05/page-15.png"", ""inputs/images/piece-05/page-16.png"", ""inputs/images/piece-05/page-17.png"", ""inputs/images/piece-05/page-18.png"", ""inputs/images/piece-05/page-19.png"", ""inputs/images/piece-05/page-20.png""]"
"musp_361","19","Beethoven","Symphony No. 2, movement 1","Which instruments play sixteenth notes in bars 47-48?

Mention the instruments in the same wording as in the score.","S","","Short","Short text","Instrument name","List ordered alphabetically","[""Flute, piano""]","[""Bassoon, cello, double bass, timpani, viola, violin"", ""Bassoon, cello, double bass, kettledrums, viola, violin"", ""Bassoon, double bass, timpani, viola, violin, violoncello"", ""Bassoon, double bass, kettledrums, viola, violin, violoncello""]","inputs/abc/piece-19.abc","inputs/midi_performance_event_text/piece-19.txt","inputs/abc_plus_midi/piece-19.abc","https://zenodo.org/records/20344500/files/BSED.zip?download=1","inputs/pdf/without_context/piece-19.pdf","[""inputs/images/piece-19/page-1.png"", ""inputs/images/piece-19/page-2.png"", ""inputs/images/piece-19/page-3.png""]"
"musp_362","19","Beethoven","Symphony No. 2, movement 1","Which instruments were the first to play the slurred sixteenth-note motif played in bars 47 and 48, earlier in the piece?

Mention the instruments in the same wording as in the score.","S","","Long","Short text","Instrument name","List ordered alphabetically","[""Bassoon, piano""]","[""Viola, cello"", ""Viola, violoncello""]","inputs/abc/piece-19.abc","inputs/midi_performance_event_text/piece-19.txt","inputs/abc_plus_midi/piece-19.abc","https://zenodo.org/records/20344500/files/BSED.zip?download=1","inputs/pdf/without_context/piece-19.pdf","[""inputs/images/piece-19/page-1.png"", ""inputs/images/piece-19/page-2.png"", ""inputs/images/piece-19/page-3.png""]"
"musp_363","20","Beethoven","Symphony No. 2, movement 3","Which instruments play in this fragment? Mention each instrument only once.

Mention the instruments in the same wording as in the score.","S","","Long","Short text","Instrument name","List ordered alphabetically","[""Piano, violin""]","[""Bassoon, cello, clarinet, double bass, flute, horn, oboe, trumpet, viola, violin""]","inputs/abc/piece-20.abc","inputs/midi_performance_event_text/piece-20.txt","inputs/abc_plus_midi/piece-20.abc","https://zenodo.org/records/20344500/files/BSED.zip?download=1","inputs/pdf/without_context/piece-20.pdf","[""inputs/images/piece-20/page-1.png"", ""inputs/images/piece-20/page-2.png"", ""inputs/images/piece-20/page-3.png""]"
"musp_364","21","Beethoven","Symphony No. 4, movement 2","How many staff-bars are notated in the score in total? Count each five-line staff separately, including multiple staves assigned to the same instrument. For example, if two clarinet staves and one violin staff each contain two bars, count this as six staff-bars.","S","","Long","Integer","Positive integer","Single","[""6""]","[""68""]","inputs/abc/piece-21.abc","inputs/midi_performance_event_text/piece-21.txt","inputs/abc_plus_midi/piece-21.abc","inputs/audio/piece-21.wav","inputs/pdf/without_context/piece-21.pdf","[""inputs/images/piece-21/page-1.png"", ""inputs/images/piece-21/page-2.png""]"
"musp_365","22","Beethoven","Symphony No. 5, movement 1","Which wind instruments enter last?

Mention the instruments in the same wording as in the score.","S","","Long","Short text","Instrument name","List ordered alphabetically","[""Flute, bassoon""]","[""Flute, horn, oboe, trumpet"", ""Flutes, horns, oboes, trumpets""]","inputs/abc/piece-22.abc","inputs/midi_performance_event_text/piece-22.txt","inputs/abc_plus_midi/piece-22.abc","inputs/audio/piece-22.wav","inputs/pdf/without_context/piece-22.pdf","[""inputs/images/piece-22/page-1.png"", ""inputs/images/piece-22/page-2.png""]"
"musp_366","24","Beethoven","Symphony No. 9, movement 1","What are the highest and lowest pitches of the first written bar?","S","","Short","Pitch","Pitch with octave number","Pair","[""A4, G#3""]","[""Eb6, D2""]","inputs/abc/piece-24.abc","inputs/midi_performance_event_text/piece-24.txt","inputs/abc_plus_midi/piece-24.abc","inputs/audio/piece-24.wav","inputs/pdf/without_context/piece-24.pdf","[""inputs/images/piece-24/page-1.png"", ""inputs/images/piece-24/page-2.png""]"
"musp_367","24","Beethoven","Symphony No. 9, movement 1","Which notes does the viola play in the final bar?","S","","Short","Pitch","Pitch class without octave number","List ordered by appearance","[""A, G#, Bb""]","[""F, E, C#, D, F, D, E, G""]","inputs/abc/piece-24.abc","inputs/midi_performance_event_text/piece-24.txt","inputs/abc_plus_midi/piece-24.abc","inputs/audio/piece-24.wav","inputs/pdf/without_context/piece-24.pdf","[""inputs/images/piece-24/page-1.png"", ""inputs/images/piece-24/page-2.png""]"
"musp_368","24","Beethoven","Symphony No. 9, movement 1","Which instrument plays pizzicato, and from which bar onward?

Mention the instruments in the same wording as in the score.","S","","Mid","Composite answer","Two answer components in the formats specified in the question","Single","[""flute, 42""]","[""Contrabass, 378"", ""Contrabassi, 378""]","inputs/abc/piece-24.abc","inputs/midi_performance_event_text/piece-24.txt","inputs/abc_plus_midi/piece-24.abc","inputs/audio/piece-24.wav","inputs/pdf/without_context/piece-24.pdf","[""inputs/images/piece-24/page-1.png"", ""inputs/images/piece-24/page-2.png""]"
"musp_369","6","Chopin","Ballade No. 1","Into at least how many subdivisions should the performer divide the first half of bar 170 in order to play that part in both hands with mathematical precision?","S","","Short","Integer","Positive integer","Single","[""4""]","[""30""]","inputs/abc/piece-06.abc","inputs/midi_performance_event_text/piece-06.txt","inputs/abc_plus_midi/piece-06.abc","inputs/audio/piece-06.wav","inputs/pdf/without_context/piece-06.pdf","[""inputs/images/piece-06/page-01.png"", ""inputs/images/piece-06/page-02.png"", ""inputs/images/piece-06/page-03.png"", ""inputs/images/piece-06/page-04.png"", ""inputs/images/piece-06/page-05.png"", ""inputs/images/piece-06/page-06.png"", ""inputs/images/piece-06/page-07.png"", ""inputs/images/piece-06/page-08.png"", ""inputs/images/piece-06/page-09.png"", ""inputs/images/piece-06/page-10.png"", ""inputs/images/piece-06/page-11.png"", ""inputs/images/piece-06/page-12.png"", ""inputs/images/piece-06/page-13.png"", ""inputs/images/piece-06/page-14.png"", ""inputs/images/piece-06/page-15.png"", ""inputs/images/piece-06/page-16.png"", ""inputs/images/piece-06/page-17.png""]"
"musp_370","6","Chopin","Ballade No. 1","Which specific notes form the short middle voice highlighted by the composer in between bars 82 and 87?","S","","Mid","Pitch","Pitch with octave number","List ordered by appearance","[""A4, G#3, Bb2""]","[""Db4, Cb4, Bb3""]","inputs/abc/piece-06.abc","inputs/midi_performance_event_text/piece-06.txt","inputs/abc_plus_midi/piece-06.abc","inputs/audio/piece-06.wav","inputs/pdf/without_context/piece-06.pdf","[""inputs/images/piece-06/page-01.png"", ""inputs/images/piece-06/page-02.png"", ""inputs/images/piece-06/page-03.png"", ""inputs/images/piece-06/page-04.png"", ""inputs/images/piece-06/page-05.png"", ""inputs/images/piece-06/page-06.png"", ""inputs/images/piece-06/page-07.png"", ""inputs/images/piece-06/page-08.png"", ""inputs/images/piece-06/page-09.png"", ""inputs/images/piece-06/page-10.png"", ""inputs/images/piece-06/page-11.png"", ""inputs/images/piece-06/page-12.png"", ""inputs/images/piece-06/page-13.png"", ""inputs/images/piece-06/page-14.png"", ""inputs/images/piece-06/page-15.png"", ""inputs/images/piece-06/page-16.png"", ""inputs/images/piece-06/page-17.png""]"
"musp_371","6","Chopin","Ballade No. 1","What is the chord progression starting in measure 89, until the 'a tempo (meno mosso)' marking (exclusive)?","S","","Mid","Chord","Lead-sheet chord symbol with bass whenever needed","List ordered by appearance","[""Esus2, Dbmaj7, B7b5/D#""]","[""Eb7, Abm/Eb, Eb, Gm, Bb, Dm"", ""Eb, Abm/Eb, Eb, Gm, Bb, Dm""]","inputs/abc/piece-06.abc","inputs/midi_performance_event_text/piece-06.txt","inputs/abc_plus_midi/piece-06.abc","inputs/audio/piece-06.wav","inputs/pdf/without_context/piece-06.pdf","[""inputs/images/piece-06/page-01.png"", ""inputs/images/piece-06/page-02.png"", ""inputs/images/piece-06/page-03.png"", ""inputs/images/piece-06/page-04.png"", ""inputs/images/piece-06/page-05.png"", ""inputs/images/piece-06/page-06.png"", ""inputs/images/piece-06/page-07.png"", ""inputs/images/piece-06/page-08.png"", ""inputs/images/piece-06/page-09.png"", ""inputs/images/piece-06/page-10.png"", ""inputs/images/piece-06/page-11.png"", ""inputs/images/piece-06/page-12.png"", ""inputs/images/piece-06/page-13.png"", ""inputs/images/piece-06/page-14.png"", ""inputs/images/piece-06/page-15.png"", ""inputs/images/piece-06/page-16.png"", ""inputs/images/piece-06/page-17.png""]"
"musp_372","6","Chopin","Ballade No. 1","Between bars 130 and 134, the right hand plays a rapid eighth-note passage. If the notes are grouped into consecutive pairs, what repeated sequence is formed by taking the first note of each pair? Give only the notes from one occurrence of that sequence.","S","","Mid","Pitch","Pitch class without octave number","List ordered by appearance","[""A, G#, Fx""]","[""Bb, Cb, C#, D, E, F, G, Ab""]","inputs/abc/piece-06.abc","inputs/midi_performance_event_text/piece-06.txt","inputs/abc_plus_midi/piece-06.abc","inputs/audio/piece-06.wav","inputs/pdf/without_context/piece-06.pdf","[""inputs/images/piece-06/page-01.png"", ""inputs/images/piece-06/page-02.png"", ""inputs/images/piece-06/page-03.png"", ""inputs/images/piece-06/page-04.png"", ""inputs/images/piece-06/page-05.png"", ""inputs/images/piece-06/page-06.png"", ""inputs/images/piece-06/page-07.png"", ""inputs/images/piece-06/page-08.png"", ""inputs/images/piece-06/page-09.png"", ""inputs/images/piece-06/page-10.png"", ""inputs/images/piece-06/page-11.png"", ""inputs/images/piece-06/page-12.png"", ""inputs/images/piece-06/page-13.png"", ""inputs/images/piece-06/page-14.png"", ""inputs/images/piece-06/page-15.png"", ""inputs/images/piece-06/page-16.png"", ""inputs/images/piece-06/page-17.png""]"
"musp_373","6","Chopin","Ballade No. 1","Bar 216 introduces a right-hand technical challenge in which single notes alternate with dyads at a rapid pace while the hand shifts across octaves. Given the speed, to play as comfortably as possible, the hand-position change itself occurs between two consecutive attacks of the same note—for example, the same C4 is played twice in immediate succession, first with finger 1 and then with finger 5 to shift the hand. Consider only bars that preserve this exact pattern. What is the last bar in which this particular challenge occurs?","S","","Long","Bar / beat","Bar number (digits)","Single","[""217""]","[""233""]","inputs/abc/piece-06.abc","inputs/midi_performance_event_text/piece-06.txt","inputs/abc_plus_midi/piece-06.abc","inputs/audio/piece-06.wav","inputs/pdf/without_context/piece-06.pdf","[""inputs/images/piece-06/page-01.png"", ""inputs/images/piece-06/page-02.png"", ""inputs/images/piece-06/page-03.png"", ""inputs/images/piece-06/page-04.png"", ""inputs/images/piece-06/page-05.png"", ""inputs/images/piece-06/page-06.png"", ""inputs/images/piece-06/page-07.png"", ""inputs/images/piece-06/page-08.png"", ""inputs/images/piece-06/page-09.png"", ""inputs/images/piece-06/page-10.png"", ""inputs/images/piece-06/page-11.png"", ""inputs/images/piece-06/page-12.png"", ""inputs/images/piece-06/page-13.png"", ""inputs/images/piece-06/page-14.png"", ""inputs/images/piece-06/page-15.png"", ""inputs/images/piece-06/page-16.png"", ""inputs/images/piece-06/page-17.png""]"
"musp_374","6","Chopin","Ballade No. 1","At which two places does a significant portion (at least 8 bars) of the thematic material introduced in bar 8, albeit in a different tonality and therefore potentially slightly altered? List the first bar of each reprise.","S","","Long","Bar / beat","Bar number (digits)","Pair","[""55, 190""]","[""94, 194""]","inputs/abc/piece-06.abc","inputs/midi_performance_event_text/piece-06.txt","inputs/abc_plus_midi/piece-06.abc","inputs/audio/piece-06.wav","inputs/pdf/without_context/piece-06.pdf","[""inputs/images/piece-06/page-01.png"", ""inputs/images/piece-06/page-02.png"", ""inputs/images/piece-06/page-03.png"", ""inputs/images/piece-06/page-04.png"", ""inputs/images/piece-06/page-05.png"", ""inputs/images/piece-06/page-06.png"", ""inputs/images/piece-06/page-07.png"", ""inputs/images/piece-06/page-08.png"", ""inputs/images/piece-06/page-09.png"", ""inputs/images/piece-06/page-10.png"", ""inputs/images/piece-06/page-11.png"", ""inputs/images/piece-06/page-12.png"", ""inputs/images/piece-06/page-13.png"", ""inputs/images/piece-06/page-14.png"", ""inputs/images/piece-06/page-15.png"", ""inputs/images/piece-06/page-16.png"", ""inputs/images/piece-06/page-17.png""]"
"musp_375","6","Chopin","Ballade No. 1","The longest continuous, fully chromatic scale (i.e. playing every note of the piano) in the piece is played in which bar range?","S","","Long","Bar / beat","Bar range (N-N)","Single","[""8-15"", ""24-31"", ""2-9""]","[""242-245""]","inputs/abc/piece-06.abc","inputs/midi_performance_event_text/piece-06.txt","inputs/abc_plus_midi/piece-06.abc","inputs/audio/piece-06.wav","inputs/pdf/without_context/piece-06.pdf","[""inputs/images/piece-06/page-01.png"", ""inputs/images/piece-06/page-02.png"", ""inputs/images/piece-06/page-03.png"", ""inputs/images/piece-06/page-04.png"", ""inputs/images/piece-06/page-05.png"", ""inputs/images/piece-06/page-06.png"", ""inputs/images/piece-06/page-07.png"", ""inputs/images/piece-06/page-08.png"", ""inputs/images/piece-06/page-09.png"", ""inputs/images/piece-06/page-10.png"", ""inputs/images/piece-06/page-11.png"", ""inputs/images/piece-06/page-12.png"", ""inputs/images/piece-06/page-13.png"", ""inputs/images/piece-06/page-14.png"", ""inputs/images/piece-06/page-15.png"", ""inputs/images/piece-06/page-16.png"", ""inputs/images/piece-06/page-17.png""]"
"musp_376","7","Chopin","Etude Op. 10 No. 4","Which beat in measure 11 is not played with an arpeggio?","S","","Short","Bar / beat","Beat number (digits)","Single","[""8""]","[""4""]","inputs/abc/piece-07.abc","inputs/midi_performance_event_text/piece-07.txt","inputs/abc_plus_midi/piece-07.abc","inputs/audio/piece-07.wav","inputs/pdf/without_context/piece-07.pdf","[""inputs/images/piece-07/page-1.png"", ""inputs/images/piece-07/page-2.png"", ""inputs/images/piece-07/page-3.png"", ""inputs/images/piece-07/page-4.png"", ""inputs/images/piece-07/page-5.png"", ""inputs/images/piece-07/page-6.png"", ""inputs/images/piece-07/page-7.png"", ""inputs/images/piece-07/page-8.png""]"
"musp_377","7","Chopin","Etude Op. 10 No. 4","What does the instruction in bar 81 stand for in the original language?","S","","Short","Short text","Short phrase","Single","[""con fuoco""]","[""main gauche""]","inputs/abc/piece-07.abc","inputs/midi_performance_event_text/piece-07.txt","inputs/abc_plus_midi/piece-07.abc","inputs/audio/piece-07.wav","inputs/pdf/without_context/piece-07.pdf","[""inputs/images/piece-07/page-1.png"", ""inputs/images/piece-07/page-2.png"", ""inputs/images/piece-07/page-3.png"", ""inputs/images/piece-07/page-4.png"", ""inputs/images/piece-07/page-5.png"", ""inputs/images/piece-07/page-6.png"", ""inputs/images/piece-07/page-7.png"", ""inputs/images/piece-07/page-8.png""]"
"musp_378","7","Chopin","Etude Op. 10 No. 4","What type of cadence is occurring within bar 18? Consider all voices.","S","","Short","Category label","Cadence name written in full","Single","[""half cadence""]","[""Deceptive"", ""deceptive cadence"", ""interrupted cadence""]","inputs/abc/piece-07.abc","inputs/midi_performance_event_text/piece-07.txt","inputs/abc_plus_midi/piece-07.abc","inputs/audio/piece-07.wav","inputs/pdf/without_context/piece-07.pdf","[""inputs/images/piece-07/page-1.png"", ""inputs/images/piece-07/page-2.png"", ""inputs/images/piece-07/page-3.png"", ""inputs/images/piece-07/page-4.png"", ""inputs/images/piece-07/page-5.png"", ""inputs/images/piece-07/page-6.png"", ""inputs/images/piece-07/page-7.png"", ""inputs/images/piece-07/page-8.png""]"
"musp_379","7","Chopin","Etude Op. 10 No. 4","The piece contains a lot of repeated, but transposed, phrases. Consider the phrases in bars 18 and 22. What is the interval between them?","S","","Mid","Interval","Interval quality and size","Single","[""major third"", ""augmented fourth"", ""minor seventh""]","[""diminished third"", ""major second""]","inputs/abc/piece-07.abc","inputs/midi_performance_event_text/piece-07.txt","inputs/abc_plus_midi/piece-07.abc","inputs/audio/piece-07.wav","inputs/pdf/without_context/piece-07.pdf","[""inputs/images/piece-07/page-1.png"", ""inputs/images/piece-07/page-2.png"", ""inputs/images/piece-07/page-3.png"", ""inputs/images/piece-07/page-4.png"", ""inputs/images/piece-07/page-5.png"", ""inputs/images/piece-07/page-6.png"", ""inputs/images/piece-07/page-7.png"", ""inputs/images/piece-07/page-8.png""]"
"musp_380","7","Chopin","Etude Op. 10 No. 4","How many beats of the dominant harmony/feel occur right before the recapitulation begins?","S","","Long","Integer","Positive integer","Single","[""4""]","[""15"", ""16""]","inputs/abc/piece-07.abc","inputs/midi_performance_event_text/piece-07.txt","inputs/abc_plus_midi/piece-07.abc","inputs/audio/piece-07.wav","inputs/pdf/without_context/piece-07.pdf","[""inputs/images/piece-07/page-1.png"", ""inputs/images/piece-07/page-2.png"", ""inputs/images/piece-07/page-3.png"", ""inputs/images/piece-07/page-4.png"", ""inputs/images/piece-07/page-5.png"", ""inputs/images/piece-07/page-6.png"", ""inputs/images/piece-07/page-7.png"", ""inputs/images/piece-07/page-8.png""]"
"musp_381","7","Chopin","Etude Op. 10 No. 4","In which consecutive bars does one voice play at least six consecutive notes whose pitch classes proceed by the circle of fifths in either direction? Do not combine notes from different voices or infer the sequence from chord roots.","S","","Long","Bar / beat","Bar range (N-N)","Single","[""8-15"", ""24-31"", ""68-75""]","[""29-30"", ""29-31""]","inputs/abc/piece-07.abc","inputs/midi_performance_event_text/piece-07.txt","inputs/abc_plus_midi/piece-07.abc","inputs/audio/piece-07.wav","inputs/pdf/without_context/piece-07.pdf","[""inputs/images/piece-07/page-1.png"", ""inputs/images/piece-07/page-2.png"", ""inputs/images/piece-07/page-3.png"", ""inputs/images/piece-07/page-4.png"", ""inputs/images/piece-07/page-5.png"", ""inputs/images/piece-07/page-6.png"", ""inputs/images/piece-07/page-7.png"", ""inputs/images/piece-07/page-8.png""]"
"musp_382","7","Chopin","Etude Op. 10 No. 4","Two distinct four-sixteenth-note motifs are introduced in the main theme: motif A four times in bar 1 and motif B four times in bar 2. Search the entire score for later occurrences of each motif independently. An occurrence must preserve the original rhythm exactly, although the melody may be transposed and therefore slightly altered. What is the final bar in which motif A occurs, and the final bar in which motif B occurs? Give one bar number for each motif in order: first for motif A, then for motif B.","S","","Long","Composite answer","Two answer components in the formats specified in the question","Pair","[""18, 42""]","[""68, 78"", ""78, 68""]","inputs/abc/piece-07.abc","inputs/midi_performance_event_text/piece-07.txt","inputs/abc_plus_midi/piece-07.abc","inputs/audio/piece-07.wav","inputs/pdf/without_context/piece-07.pdf","[""inputs/images/piece-07/page-1.png"", ""inputs/images/piece-07/page-2.png"", ""inputs/images/piece-07/page-3.png"", ""inputs/images/piece-07/page-4.png"", ""inputs/images/piece-07/page-5.png"", ""inputs/images/piece-07/page-6.png"", ""inputs/images/piece-07/page-7.png"", ""inputs/images/piece-07/page-8.png""]"
"musp_383","8","Debussy","Reflets dans l'eau","Starting from bar 25 onward, which right-hand note is the first to be played as part of a new crescendo?","S","","Short","Pitch","Pitch with octave number","Single","[""A4"", ""G#3"", ""Bb2""]","[""Gb5""]","inputs/abc/piece-08.abc","inputs/midi_performance_event_text/piece-08.txt","inputs/abc_plus_midi/piece-08.abc","inputs/audio/piece-08.wav","inputs/pdf/without_context/piece-08.pdf","[""inputs/images/piece-08/page-1.png"", ""inputs/images/piece-08/page-2.png"", ""inputs/images/piece-08/page-3.png"", ""inputs/images/piece-08/page-4.png"", ""inputs/images/piece-08/page-5.png"", ""inputs/images/piece-08/page-6.png"", ""inputs/images/piece-08/page-7.png"", ""inputs/images/piece-08/page-8.png"", ""inputs/images/piece-08/page-9.png""]"
"musp_384","8","Debussy","Reflets dans l'eau","What is the interval between the top two notes within the seventh chord of measure 16?","S","","Short","Interval","Interval quality and size","Single","[""major third"", ""perfect fifth"", ""minor seventh""]","[""Perfect fourth""]","inputs/abc/piece-08.abc","inputs/midi_performance_event_text/piece-08.txt","inputs/abc_plus_midi/piece-08.abc","inputs/audio/piece-08.wav","inputs/pdf/without_context/piece-08.pdf","[""inputs/images/piece-08/page-1.png"", ""inputs/images/piece-08/page-2.png"", ""inputs/images/piece-08/page-3.png"", ""inputs/images/piece-08/page-4.png"", ""inputs/images/piece-08/page-5.png"", ""inputs/images/piece-08/page-6.png"", ""inputs/images/piece-08/page-7.png"", ""inputs/images/piece-08/page-8.png"", ""inputs/images/piece-08/page-9.png""]"
"musp_385","8","Debussy","Reflets dans l'eau","An eighth note represents 1/8 of a whole note. How much does one right-hand note in bar 28 represent of a whole note? Answer with an irreducible fraction.","S","","Short","Duration / ratio","Fraction written as N/N","Single","[""1/8"", ""3/16"", ""5/32""]","[""1/56""]","inputs/abc/piece-08.abc","inputs/midi_performance_event_text/piece-08.txt","inputs/abc_plus_midi/piece-08.abc","inputs/audio/piece-08.wav","inputs/pdf/without_context/piece-08.pdf","[""inputs/images/piece-08/page-1.png"", ""inputs/images/piece-08/page-2.png"", ""inputs/images/piece-08/page-3.png"", ""inputs/images/piece-08/page-4.png"", ""inputs/images/piece-08/page-5.png"", ""inputs/images/piece-08/page-6.png"", ""inputs/images/piece-08/page-7.png"", ""inputs/images/piece-08/page-8.png"", ""inputs/images/piece-08/page-9.png""]"
"musp_386","8","Debussy","Reflets dans l'eau","Considering the notes in either hand and only the explicitly written dynamics, which note should be played the loudest in bar 58?","S","","Short","Pitch","Pitch with octave number","Single","[""A4"", ""G#3"", ""Bb2""]","[""Eb2""]","inputs/abc/piece-08.abc","inputs/midi_performance_event_text/piece-08.txt","inputs/abc_plus_midi/piece-08.abc","inputs/audio/piece-08.wav","inputs/pdf/without_context/piece-08.pdf","[""inputs/images/piece-08/page-1.png"", ""inputs/images/piece-08/page-2.png"", ""inputs/images/piece-08/page-3.png"", ""inputs/images/piece-08/page-4.png"", ""inputs/images/piece-08/page-5.png"", ""inputs/images/piece-08/page-6.png"", ""inputs/images/piece-08/page-7.png"", ""inputs/images/piece-08/page-8.png"", ""inputs/images/piece-08/page-9.png""]"
"musp_387","8","Debussy","Reflets dans l'eau","Which notes form the melody in measures 22 and 23?","S","","Short","Pitch","Pitch with octave number","List ordered by appearance","[""A4, G#3, Bb2""]","[""F5, Fb5, Eb5, D5""]","inputs/abc/piece-08.abc","inputs/midi_performance_event_text/piece-08.txt","inputs/abc_plus_midi/piece-08.abc","inputs/audio/piece-08.wav","inputs/pdf/without_context/piece-08.pdf","[""inputs/images/piece-08/page-1.png"", ""inputs/images/piece-08/page-2.png"", ""inputs/images/piece-08/page-3.png"", ""inputs/images/piece-08/page-4.png"", ""inputs/images/piece-08/page-5.png"", ""inputs/images/piece-08/page-6.png"", ""inputs/images/piece-08/page-7.png"", ""inputs/images/piece-08/page-8.png"", ""inputs/images/piece-08/page-9.png""]"
"musp_388","8","Debussy","Reflets dans l'eau","In the second half of measure 31, there are four fully chromatic descending lines, of which exactly one is doubled. Name all the notes of that line.","S","","Short","Pitch","Pitch class without octave number","List ordered by appearance","[""G#, Fx, C""]","[""Bb, A, Ab, G""]","inputs/abc/piece-08.abc","inputs/midi_performance_event_text/piece-08.txt","inputs/abc_plus_midi/piece-08.abc","inputs/audio/piece-08.wav","inputs/pdf/without_context/piece-08.pdf","[""inputs/images/piece-08/page-1.png"", ""inputs/images/piece-08/page-2.png"", ""inputs/images/piece-08/page-3.png"", ""inputs/images/piece-08/page-4.png"", ""inputs/images/piece-08/page-5.png"", ""inputs/images/piece-08/page-6.png"", ""inputs/images/piece-08/page-7.png"", ""inputs/images/piece-08/page-8.png"", ""inputs/images/piece-08/page-9.png""]"
"musp_389","8","Debussy","Reflets dans l'eau","How many notes does measure 25 contain across both hands?","S","","Short","Integer","Positive integer","Single","[""4""]","[""30""]","inputs/abc/piece-08.abc","inputs/midi_performance_event_text/piece-08.txt","inputs/abc_plus_midi/piece-08.abc","inputs/audio/piece-08.wav","inputs/pdf/without_context/piece-08.pdf","[""inputs/images/piece-08/page-1.png"", ""inputs/images/piece-08/page-2.png"", ""inputs/images/piece-08/page-3.png"", ""inputs/images/piece-08/page-4.png"", ""inputs/images/piece-08/page-5.png"", ""inputs/images/piece-08/page-6.png"", ""inputs/images/piece-08/page-7.png"", ""inputs/images/piece-08/page-8.png"", ""inputs/images/piece-08/page-9.png""]"
"musp_390","8","Debussy","Reflets dans l'eau","What distinct pitches are missing to complete the most likely scales in measure 65, such that all notes of those particular scales between the first and last written note are played?","S","","Short","Pitch","Pitch class without octave number","List","[""A, G#, Bb""]","[""Eb""]","inputs/abc/piece-08.abc","inputs/midi_performance_event_text/piece-08.txt","inputs/abc_plus_midi/piece-08.abc","inputs/audio/piece-08.wav","inputs/pdf/without_context/piece-08.pdf","[""inputs/images/piece-08/page-1.png"", ""inputs/images/piece-08/page-2.png"", ""inputs/images/piece-08/page-3.png"", ""inputs/images/piece-08/page-4.png"", ""inputs/images/piece-08/page-5.png"", ""inputs/images/piece-08/page-6.png"", ""inputs/images/piece-08/page-7.png"", ""inputs/images/piece-08/page-8.png"", ""inputs/images/piece-08/page-9.png""]"
"musp_391","8","Debussy","Reflets dans l'eau","The melody played in measure 58 is played at three different registers within the span of five bars. Rank the occurrences of this melody from lowest register to highest register. For example, if the first time it is played, it is played the lowest, and the third time, the highest, write '1, 2, 3'. If the melody is doubled, take only the highest voice in consideration.","S","","Mid","Category label","Given label written in full","List","[""1, 2, 3""]","[""2, 3, 1""]","inputs/abc/piece-08.abc","inputs/midi_performance_event_text/piece-08.txt","inputs/abc_plus_midi/piece-08.abc","inputs/audio/piece-08.wav","inputs/pdf/without_context/piece-08.pdf","[""inputs/images/piece-08/page-1.png"", ""inputs/images/piece-08/page-2.png"", ""inputs/images/piece-08/page-3.png"", ""inputs/images/piece-08/page-4.png"", ""inputs/images/piece-08/page-5.png"", ""inputs/images/piece-08/page-6.png"", ""inputs/images/piece-08/page-7.png"", ""inputs/images/piece-08/page-8.png"", ""inputs/images/piece-08/page-9.png""]"
"musp_392","8","Debussy","Reflets dans l'eau","Consider the first three sixteenth-note chord groups of the piece. How many times does this three-chord pattern occur within bars 1–10, regardless of the register in which it is played?","S","","Mid","Integer","Positive integer","Single","[""4""]","[""6""]","inputs/abc/piece-08.abc","inputs/midi_performance_event_text/piece-08.txt","inputs/abc_plus_midi/piece-08.abc","inputs/audio/piece-08.wav","inputs/pdf/without_context/piece-08.pdf","[""inputs/images/piece-08/page-1.png"", ""inputs/images/piece-08/page-2.png"", ""inputs/images/piece-08/page-3.png"", ""inputs/images/piece-08/page-4.png"", ""inputs/images/piece-08/page-5.png"", ""inputs/images/piece-08/page-6.png"", ""inputs/images/piece-08/page-7.png"", ""inputs/images/piece-08/page-8.png"", ""inputs/images/piece-08/page-9.png""]"
"musp_393","8","Debussy","Reflets dans l'eau","In measure 31, the composer introduces a melodic-rhythmic motif consisting of four notes: C, Db, Bb, C. That motif is developed. Which bass note marks the beginning of a new passage, concluding the development of the motif?","S","","Mid","Pitch","Pitch with octave number","Single","[""A4"", ""G#3"", ""Bb2""]","[""Ab2""]","inputs/abc/piece-08.abc","inputs/midi_performance_event_text/piece-08.txt","inputs/abc_plus_midi/piece-08.abc","inputs/audio/piece-08.wav","inputs/pdf/without_context/piece-08.pdf","[""inputs/images/piece-08/page-1.png"", ""inputs/images/piece-08/page-2.png"", ""inputs/images/piece-08/page-3.png"", ""inputs/images/piece-08/page-4.png"", ""inputs/images/piece-08/page-5.png"", ""inputs/images/piece-08/page-6.png"", ""inputs/images/piece-08/page-7.png"", ""inputs/images/piece-08/page-8.png"", ""inputs/images/piece-08/page-9.png""]"
"musp_394","8","Debussy","Reflets dans l'eau","Toward the end of the piece, the composer seems to want the water to return to a tranquil state and the music to sound from afar. Which measure explicitly marks the beginning of this passage?","S","","Mid","Bar / beat","Bar number (digits)","Single","[""55""]","[""82""]","inputs/abc/piece-08.abc","inputs/midi_performance_event_text/piece-08.txt","inputs/abc_plus_midi/piece-08.abc","inputs/audio/piece-08.wav","inputs/pdf/without_context/piece-08.pdf","[""inputs/images/piece-08/page-1.png"", ""inputs/images/piece-08/page-2.png"", ""inputs/images/piece-08/page-3.png"", ""inputs/images/piece-08/page-4.png"", ""inputs/images/piece-08/page-5.png"", ""inputs/images/piece-08/page-6.png"", ""inputs/images/piece-08/page-7.png"", ""inputs/images/piece-08/page-8.png"", ""inputs/images/piece-08/page-9.png""]"
"musp_395","9","Glinka","The Lark","Which instruction tells the pianist how to play the melodic fragments in the opening?","S","","Short","Short text","Expressive term or phrase","Single","[""dolce""]","[""Andante quasi recitativo"", ""quasi recitativo""]","inputs/abc/piece-09.abc","inputs/midi_performance_event_text/piece-09.txt","inputs/abc_plus_midi/piece-09.abc","inputs/audio/piece-09.wav","inputs/pdf/without_context/piece-09.pdf","[""inputs/images/piece-09/page-1.png"", ""inputs/images/piece-09/page-2.png"", ""inputs/images/piece-09/page-3.png"", ""inputs/images/piece-09/page-4.png"", ""inputs/images/piece-09/page-5.png"", ""inputs/images/piece-09/page-6.png"", ""inputs/images/piece-09/page-7.png""]"
"musp_396","9","Glinka","The Lark","Which chord is outlined by the simultaneous arpeggios in both hands in bar 33, starting after the fermata? Give the chord in root position, arranging its notes as a stack of thirds.","S","","Short","Chord","Lead-sheet chord symbol in root position","Single","[""Esus2"", ""D#maj7"", ""B7b5""]","[""Ab9""]","inputs/abc/piece-09.abc","inputs/midi_performance_event_text/piece-09.txt","inputs/abc_plus_midi/piece-09.abc","inputs/audio/piece-09.wav","inputs/pdf/without_context/piece-09.pdf","[""inputs/images/piece-09/page-1.png"", ""inputs/images/piece-09/page-2.png"", ""inputs/images/piece-09/page-3.png"", ""inputs/images/piece-09/page-4.png"", ""inputs/images/piece-09/page-5.png"", ""inputs/images/piece-09/page-6.png"", ""inputs/images/piece-09/page-7.png""]"
"musp_397","9","Glinka","The Lark","What scale is played in measure 40?","S","","Short","Key / tonality","Scale (pitch class and mode)","Single","[""C major"", ""F# minor"", ""D Dorian""]","[""Db major""]","inputs/abc/piece-09.abc","inputs/midi_performance_event_text/piece-09.txt","inputs/abc_plus_midi/piece-09.abc","inputs/audio/piece-09.wav","inputs/pdf/without_context/piece-09.pdf","[""inputs/images/piece-09/page-1.png"", ""inputs/images/piece-09/page-2.png"", ""inputs/images/piece-09/page-3.png"", ""inputs/images/piece-09/page-4.png"", ""inputs/images/piece-09/page-5.png"", ""inputs/images/piece-09/page-6.png"", ""inputs/images/piece-09/page-7.png""]"
"musp_398","9","Glinka","The Lark","Name the five distinct, explicitly written performance instructions (beyond pitch and note values) or ornamentations in bars 3 and 4.","S","","Short","Short text","Short phrase written in full","List ordered alphabetically","[""trill, glissando, turn""]","[""Arpeggio, fermata, grace notes, pianissimo, slur"", ""Arpeggio, fermata, grace note, pianissimo, slur""]","inputs/abc/piece-09.abc","inputs/midi_performance_event_text/piece-09.txt","inputs/abc_plus_midi/piece-09.abc","inputs/audio/piece-09.wav","inputs/pdf/without_context/piece-09.pdf","[""inputs/images/piece-09/page-1.png"", ""inputs/images/piece-09/page-2.png"", ""inputs/images/piece-09/page-3.png"", ""inputs/images/piece-09/page-4.png"", ""inputs/images/piece-09/page-5.png"", ""inputs/images/piece-09/page-6.png"", ""inputs/images/piece-09/page-7.png""]"
"musp_399","9","Glinka","The Lark","At the beginning of the second cadenza-like passage, a series of ascending arpeggios emerges from a low note marked with a fermata. Taken together, what specific chord do the notes of this ascending arpeggiated passage form?","S","","Long","Chord","Lead-sheet chord symbol in root position","Single","[""Esus2"", ""D#maj7"", ""B7b5""]","[""F11b9""]","inputs/abc/piece-09.abc","inputs/midi_performance_event_text/piece-09.txt","inputs/abc_plus_midi/piece-09.abc","inputs/audio/piece-09.wav","inputs/pdf/without_context/piece-09.pdf","[""inputs/images/piece-09/page-1.png"", ""inputs/images/piece-09/page-2.png"", ""inputs/images/piece-09/page-3.png"", ""inputs/images/piece-09/page-4.png"", ""inputs/images/piece-09/page-5.png"", ""inputs/images/piece-09/page-6.png"", ""inputs/images/piece-09/page-7.png""]"
"musp_400","9","Glinka","The Lark","After the introduction in which two characters alternate, in which measure does the first complete statement of the sung melody begin?","S","","Long","Bar / beat","Bar number (digits)","Single","[""5""]","[""14"", ""13""]","inputs/abc/piece-09.abc","inputs/midi_performance_event_text/piece-09.txt","inputs/abc_plus_midi/piece-09.abc","inputs/audio/piece-09.wav","inputs/pdf/without_context/piece-09.pdf","[""inputs/images/piece-09/page-1.png"", ""inputs/images/piece-09/page-2.png"", ""inputs/images/piece-09/page-3.png"", ""inputs/images/piece-09/page-4.png"", ""inputs/images/piece-09/page-5.png"", ""inputs/images/piece-09/page-6.png"", ""inputs/images/piece-09/page-7.png""]"
"musp_401","9","Glinka","The Lark","In which measure does the first complete variation of the main melody begin?","S","","Long","Bar / beat","Bar number (digits)","Single","[""55""]","[""34""]","inputs/abc/piece-09.abc","inputs/midi_performance_event_text/piece-09.txt","inputs/abc_plus_midi/piece-09.abc","inputs/audio/piece-09.wav","inputs/pdf/without_context/piece-09.pdf","[""inputs/images/piece-09/page-1.png"", ""inputs/images/piece-09/page-2.png"", ""inputs/images/piece-09/page-3.png"", ""inputs/images/piece-09/page-4.png"", ""inputs/images/piece-09/page-5.png"", ""inputs/images/piece-09/page-6.png"", ""inputs/images/piece-09/page-7.png""]"
"musp_402","9","Glinka","The Lark","What written performance indication tells the pianist how to play the first variation of the main melody? Give the complete indication exactly as written in the score.","S","","Long","Category label","Musical term written in full","List ordered by appearance","[""staccato, legato, marcato""]","[""brillante, la melodia ben marcata""]","inputs/abc/piece-09.abc","inputs/midi_performance_event_text/piece-09.txt","inputs/abc_plus_midi/piece-09.abc","inputs/audio/piece-09.wav","inputs/pdf/without_context/piece-09.pdf","[""inputs/images/piece-09/page-1.png"", ""inputs/images/piece-09/page-2.png"", ""inputs/images/piece-09/page-3.png"", ""inputs/images/piece-09/page-4.png"", ""inputs/images/piece-09/page-5.png"", ""inputs/images/piece-09/page-6.png"", ""inputs/images/piece-09/page-7.png""]"
"musp_403","9","Glinka","The Lark","According to the score, which entire bar is to be played the softest?","S","","Long","Bar / beat","Bar number (digits)","Single","[""22""]","[""70""]","inputs/abc/piece-09.abc","inputs/midi_performance_event_text/piece-09.txt","inputs/abc_plus_midi/piece-09.abc","inputs/audio/piece-09.wav","inputs/pdf/without_context/piece-09.pdf","[""inputs/images/piece-09/page-1.png"", ""inputs/images/piece-09/page-2.png"", ""inputs/images/piece-09/page-3.png"", ""inputs/images/piece-09/page-4.png"", ""inputs/images/piece-09/page-5.png"", ""inputs/images/piece-09/page-6.png"", ""inputs/images/piece-09/page-7.png""]"
"musp_404","9","Glinka","The Lark","For a long time, the piece is mainly in a minor tonality. From which bar onwards has the tonality definitely shifted to major?","S","","Long","Bar / beat","Bar number (digits)","Single","[""4""]","[""65""]","inputs/abc/piece-09.abc","inputs/midi_performance_event_text/piece-09.txt","inputs/abc_plus_midi/piece-09.abc","inputs/audio/piece-09.wav","inputs/pdf/without_context/piece-09.pdf","[""inputs/images/piece-09/page-1.png"", ""inputs/images/piece-09/page-2.png"", ""inputs/images/piece-09/page-3.png"", ""inputs/images/piece-09/page-4.png"", ""inputs/images/piece-09/page-5.png"", ""inputs/images/piece-09/page-6.png"", ""inputs/images/piece-09/page-7.png""]"
"musp_405","10","Haydn","Keyboard Sonata 48, movement 2","What harmonic interval is formed between the dotted quarter notes in measure 148?","S","","Short","Interval","Interval quality and size","Single","[""perfect fifth"", ""minor seventh"", ""augmented fourth""]","[""major third""]","inputs/abc/piece-10.abc","inputs/midi_performance_event_text/piece-10.txt","inputs/abc_plus_midi/piece-10.abc","inputs/audio/piece-10.wav","inputs/pdf/without_context/piece-10.pdf","[""inputs/images/piece-10/page-1.png"", ""inputs/images/piece-10/page-2.png"", ""inputs/images/piece-10/page-3.png"", ""inputs/images/piece-10/page-4.png"", ""inputs/images/piece-10/page-5.png"", ""inputs/images/piece-10/page-6.png"", ""inputs/images/piece-10/page-7.png"", ""inputs/images/piece-10/page-8.png""]"
"musp_406","10","Haydn","Keyboard Sonata 48, movement 2","Which earlier four-measure passage is repeated note for note in measures 152 through 155?","S","","Long","Bar / beat","Bar range (N-N)","Single","[""8-15"", ""24-31"", ""68-75""]","[""146-149""]","inputs/abc/piece-10.abc","inputs/midi_performance_event_text/piece-10.txt","inputs/abc_plus_midi/piece-10.abc","inputs/audio/piece-10.wav","inputs/pdf/without_context/piece-10.pdf","[""inputs/images/piece-10/page-1.png"", ""inputs/images/piece-10/page-2.png"", ""inputs/images/piece-10/page-3.png"", ""inputs/images/piece-10/page-4.png"", ""inputs/images/piece-10/page-5.png"", ""inputs/images/piece-10/page-6.png"", ""inputs/images/piece-10/page-7.png"", ""inputs/images/piece-10/page-8.png""]"
"musp_407","10","Haydn","Keyboard Sonata 48, movement 2","Between bars 165 and 181, the composer creates like a cliffhanger through a considerably long suspension on unresolved tension. In which bar is the very end of this cliffhanger (i.e. the place right before the suspension is resolved) located?","S","","Long","Bar / beat","Bar number (digits)","Single","[""4""]","[""175"", ""176""]","inputs/abc/piece-10.abc","inputs/midi_performance_event_text/piece-10.txt","inputs/abc_plus_midi/piece-10.abc","inputs/audio/piece-10.wav","inputs/pdf/without_context/piece-10.pdf","[""inputs/images/piece-10/page-1.png"", ""inputs/images/piece-10/page-2.png"", ""inputs/images/piece-10/page-3.png"", ""inputs/images/piece-10/page-4.png"", ""inputs/images/piece-10/page-5.png"", ""inputs/images/piece-10/page-6.png"", ""inputs/images/piece-10/page-7.png"", ""inputs/images/piece-10/page-8.png""]"
"musp_408","10","Haydn","Keyboard Sonata 48, movement 2","Which written dynamics appear from measures 196 through 257, in order of appearance?","S","","Long","Category label","Dynamic marking or term written in full","List ordered by appearance","[""mezzo-piano, crescendo, diminuendo""]","[""fortissimo, piano, forte, piano, forte, forte""]","inputs/abc/piece-10.abc","inputs/midi_performance_event_text/piece-10.txt","inputs/abc_plus_midi/piece-10.abc","inputs/audio/piece-10.wav","inputs/pdf/without_context/piece-10.pdf","[""inputs/images/piece-10/page-1.png"", ""inputs/images/piece-10/page-2.png"", ""inputs/images/piece-10/page-3.png"", ""inputs/images/piece-10/page-4.png"", ""inputs/images/piece-10/page-5.png"", ""inputs/images/piece-10/page-6.png"", ""inputs/images/piece-10/page-7.png"", ""inputs/images/piece-10/page-8.png""]"
"musp_409","10","Haydn","Keyboard Sonata 48, movement 2","Between 224 and 240, in which bars do the two playing voices play exactly the same pitch classes?","S","","Long","Bar / beat","Bar number (digits)","List ordered by appearance","[""224,225""]","[""234, 235, 236, 237, 238, 239""]","inputs/abc/piece-10.abc","inputs/midi_performance_event_text/piece-10.txt","inputs/abc_plus_midi/piece-10.abc","inputs/audio/piece-10.wav","inputs/pdf/without_context/piece-10.pdf","[""inputs/images/piece-10/page-1.png"", ""inputs/images/piece-10/page-2.png"", ""inputs/images/piece-10/page-3.png"", ""inputs/images/piece-10/page-4.png"", ""inputs/images/piece-10/page-5.png"", ""inputs/images/piece-10/page-6.png"", ""inputs/images/piece-10/page-7.png"", ""inputs/images/piece-10/page-8.png""]"
"musp_410","10","Haydn","Keyboard Sonata 48, movement 2","From bar 140 until the end, what is the longest duration of a chain of tied notes, expressed in the number of eighth note durations?","S","","Long","Integer","Positive integer","Single","[""4""]","[""14""]","inputs/abc/piece-10.abc","inputs/midi_performance_event_text/piece-10.txt","inputs/abc_plus_midi/piece-10.abc","inputs/audio/piece-10.wav","inputs/pdf/without_context/piece-10.pdf","[""inputs/images/piece-10/page-1.png"", ""inputs/images/piece-10/page-2.png"", ""inputs/images/piece-10/page-3.png"", ""inputs/images/piece-10/page-4.png"", ""inputs/images/piece-10/page-5.png"", ""inputs/images/piece-10/page-6.png"", ""inputs/images/piece-10/page-7.png"", ""inputs/images/piece-10/page-8.png""]"
"musp_411","10","Haydn","Keyboard Sonata 48, movement 2","The main theme appears several times with different textural densities and across different registers. In which bar does the statement spanning the widest range of the keyboard begin?","S","","Long","Bar / beat","Bar number (digits)","Single","[""100""]","[""196"", ""197""]","inputs/abc/piece-10.abc","inputs/midi_performance_event_text/piece-10.txt","inputs/abc_plus_midi/piece-10.abc","inputs/audio/piece-10.wav","inputs/pdf/without_context/piece-10.pdf","[""inputs/images/piece-10/page-1.png"", ""inputs/images/piece-10/page-2.png"", ""inputs/images/piece-10/page-3.png"", ""inputs/images/piece-10/page-4.png"", ""inputs/images/piece-10/page-5.png"", ""inputs/images/piece-10/page-6.png"", ""inputs/images/piece-10/page-7.png"", ""inputs/images/piece-10/page-8.png""]"
"musp_412","11","Liszt","Ballade No. 2","According to the score, in measure 145, which eighth-note chords in the right hand are struck simultaneously with a new note attack in the left hand? For example, if the first and third eighth-note chords of the right hand should be struck together with a note attack in a left hand, write '1, 3'.","S","","Short","Integer","Positive integer","List ordered by appearance","[""1, 3""]","[""2, 6""]","inputs/abc/piece-11.abc","inputs/midi_performance_event_text/piece-11.txt","inputs/abc_plus_midi/piece-11.abc","inputs/audio/piece-11.wav","inputs/pdf/without_context/piece-11.pdf","[""inputs/images/piece-11/page-01.png"", ""inputs/images/piece-11/page-02.png"", ""inputs/images/piece-11/page-03.png"", ""inputs/images/piece-11/page-04.png"", ""inputs/images/piece-11/page-05.png"", ""inputs/images/piece-11/page-06.png"", ""inputs/images/piece-11/page-07.png"", ""inputs/images/piece-11/page-08.png"", ""inputs/images/piece-11/page-09.png"", ""inputs/images/piece-11/page-10.png"", ""inputs/images/piece-11/page-11.png"", ""inputs/images/piece-11/page-12.png"", ""inputs/images/piece-11/page-13.png"", ""inputs/images/piece-11/page-14.png"", ""inputs/images/piece-11/page-15.png"", ""inputs/images/piece-11/page-16.png"", ""inputs/images/piece-11/page-17.png"", ""inputs/images/piece-11/page-18.png"", ""inputs/images/piece-11/page-19.png"", ""inputs/images/piece-11/page-20.png"", ""inputs/images/piece-11/page-21.png"", ""inputs/images/piece-11/page-22.png"", ""inputs/images/piece-11/page-23.png"", ""inputs/images/piece-11/page-24.png""]"
"musp_413","11","Liszt","Ballade No. 2","In measure 113, on which note does it make most sense for the right hand to change position to play the whole bar?","S","","Short","Pitch","Pitch class without octave number","Single","[""A"", ""G#"", ""Bb""]","[""C#""]","inputs/abc/piece-11.abc","inputs/midi_performance_event_text/piece-11.txt","inputs/abc_plus_midi/piece-11.abc","inputs/audio/piece-11.wav","inputs/pdf/without_context/piece-11.pdf","[""inputs/images/piece-11/page-01.png"", ""inputs/images/piece-11/page-02.png"", ""inputs/images/piece-11/page-03.png"", ""inputs/images/piece-11/page-04.png"", ""inputs/images/piece-11/page-05.png"", ""inputs/images/piece-11/page-06.png"", ""inputs/images/piece-11/page-07.png"", ""inputs/images/piece-11/page-08.png"", ""inputs/images/piece-11/page-09.png"", ""inputs/images/piece-11/page-10.png"", ""inputs/images/piece-11/page-11.png"", ""inputs/images/piece-11/page-12.png"", ""inputs/images/piece-11/page-13.png"", ""inputs/images/piece-11/page-14.png"", ""inputs/images/piece-11/page-15.png"", ""inputs/images/piece-11/page-16.png"", ""inputs/images/piece-11/page-17.png"", ""inputs/images/piece-11/page-18.png"", ""inputs/images/piece-11/page-19.png"", ""inputs/images/piece-11/page-20.png"", ""inputs/images/piece-11/page-21.png"", ""inputs/images/piece-11/page-22.png"", ""inputs/images/piece-11/page-23.png"", ""inputs/images/piece-11/page-24.png""]"
"musp_414","11","Liszt","Ballade No. 2","What is the most precise harmonic function of the chord in the beginning of bar 296 relative to the first chord of bar 297?","S","","Short","Category label","Harmonic-function label written in full","Single","[""tonic""]","[""Double dominant"", ""dominant of the dominant"", ""secondary dominant of the dominant""]","inputs/abc/piece-11.abc","inputs/midi_performance_event_text/piece-11.txt","inputs/abc_plus_midi/piece-11.abc","inputs/audio/piece-11.wav","inputs/pdf/without_context/piece-11.pdf","[""inputs/images/piece-11/page-01.png"", ""inputs/images/piece-11/page-02.png"", ""inputs/images/piece-11/page-03.png"", ""inputs/images/piece-11/page-04.png"", ""inputs/images/piece-11/page-05.png"", ""inputs/images/piece-11/page-06.png"", ""inputs/images/piece-11/page-07.png"", ""inputs/images/piece-11/page-08.png"", ""inputs/images/piece-11/page-09.png"", ""inputs/images/piece-11/page-10.png"", ""inputs/images/piece-11/page-11.png"", ""inputs/images/piece-11/page-12.png"", ""inputs/images/piece-11/page-13.png"", ""inputs/images/piece-11/page-14.png"", ""inputs/images/piece-11/page-15.png"", ""inputs/images/piece-11/page-16.png"", ""inputs/images/piece-11/page-17.png"", ""inputs/images/piece-11/page-18.png"", ""inputs/images/piece-11/page-19.png"", ""inputs/images/piece-11/page-20.png"", ""inputs/images/piece-11/page-21.png"", ""inputs/images/piece-11/page-22.png"", ""inputs/images/piece-11/page-23.png"", ""inputs/images/piece-11/page-24.png""]"
"musp_415","11","Liszt","Ballade No. 2","How many quarter note durations does the C# bass note key struck in measure 24 need to be held for?","S","","Short","Duration / ratio","Count in quarter notes","Single","[""2"", ""4.5"", ""7.25""]","[""7.5""]","inputs/abc/piece-11.abc","inputs/midi_performance_event_text/piece-11.txt","inputs/abc_plus_midi/piece-11.abc","inputs/audio/piece-11.wav","inputs/pdf/without_context/piece-11.pdf","[""inputs/images/piece-11/page-01.png"", ""inputs/images/piece-11/page-02.png"", ""inputs/images/piece-11/page-03.png"", ""inputs/images/piece-11/page-04.png"", ""inputs/images/piece-11/page-05.png"", ""inputs/images/piece-11/page-06.png"", ""inputs/images/piece-11/page-07.png"", ""inputs/images/piece-11/page-08.png"", ""inputs/images/piece-11/page-09.png"", ""inputs/images/piece-11/page-10.png"", ""inputs/images/piece-11/page-11.png"", ""inputs/images/piece-11/page-12.png"", ""inputs/images/piece-11/page-13.png"", ""inputs/images/piece-11/page-14.png"", ""inputs/images/piece-11/page-15.png"", ""inputs/images/piece-11/page-16.png"", ""inputs/images/piece-11/page-17.png"", ""inputs/images/piece-11/page-18.png"", ""inputs/images/piece-11/page-19.png"", ""inputs/images/piece-11/page-20.png"", ""inputs/images/piece-11/page-21.png"", ""inputs/images/piece-11/page-22.png"", ""inputs/images/piece-11/page-23.png"", ""inputs/images/piece-11/page-24.png""]"
"musp_416","11","Liszt","Ballade No. 2","Based on the dynamics in the score, which notes are the first to form the loudest, most intense sigh in the phrase in bars 135-138?","S","","Mid","Pitch","Pitch with octave number","List ordered by appearance","[""A4, G#4""]","[""F#5, E5""]","inputs/abc/piece-11.abc","inputs/midi_performance_event_text/piece-11.txt","inputs/abc_plus_midi/piece-11.abc","inputs/audio/piece-11.wav","inputs/pdf/without_context/piece-11.pdf","[""inputs/images/piece-11/page-01.png"", ""inputs/images/piece-11/page-02.png"", ""inputs/images/piece-11/page-03.png"", ""inputs/images/piece-11/page-04.png"", ""inputs/images/piece-11/page-05.png"", ""inputs/images/piece-11/page-06.png"", ""inputs/images/piece-11/page-07.png"", ""inputs/images/piece-11/page-08.png"", ""inputs/images/piece-11/page-09.png"", ""inputs/images/piece-11/page-10.png"", ""inputs/images/piece-11/page-11.png"", ""inputs/images/piece-11/page-12.png"", ""inputs/images/piece-11/page-13.png"", ""inputs/images/piece-11/page-14.png"", ""inputs/images/piece-11/page-15.png"", ""inputs/images/piece-11/page-16.png"", ""inputs/images/piece-11/page-17.png"", ""inputs/images/piece-11/page-18.png"", ""inputs/images/piece-11/page-19.png"", ""inputs/images/piece-11/page-20.png"", ""inputs/images/piece-11/page-21.png"", ""inputs/images/piece-11/page-22.png"", ""inputs/images/piece-11/page-23.png"", ""inputs/images/piece-11/page-24.png""]"
"musp_417","11","Liszt","Ballade No. 2","Between the beginning of Allegretto in bar 143 and a subsequent repeat of the rumble (the material with which the piece opens), at some point, the composer employs a technique called 'rhythmic augmentation'. In which bar is this technique used in the left hand?","S","","Long","Bar / beat","Bar number (digits)","Single","[""4""]","[""161""]","inputs/abc/piece-11.abc","inputs/midi_performance_event_text/piece-11.txt","inputs/abc_plus_midi/piece-11.abc","inputs/audio/piece-11.wav","inputs/pdf/without_context/piece-11.pdf","[""inputs/images/piece-11/page-01.png"", ""inputs/images/piece-11/page-02.png"", ""inputs/images/piece-11/page-03.png"", ""inputs/images/piece-11/page-04.png"", ""inputs/images/piece-11/page-05.png"", ""inputs/images/piece-11/page-06.png"", ""inputs/images/piece-11/page-07.png"", ""inputs/images/piece-11/page-08.png"", ""inputs/images/piece-11/page-09.png"", ""inputs/images/piece-11/page-10.png"", ""inputs/images/piece-11/page-11.png"", ""inputs/images/piece-11/page-12.png"", ""inputs/images/piece-11/page-13.png"", ""inputs/images/piece-11/page-14.png"", ""inputs/images/piece-11/page-15.png"", ""inputs/images/piece-11/page-16.png"", ""inputs/images/piece-11/page-17.png"", ""inputs/images/piece-11/page-18.png"", ""inputs/images/piece-11/page-19.png"", ""inputs/images/piece-11/page-20.png"", ""inputs/images/piece-11/page-21.png"", ""inputs/images/piece-11/page-22.png"", ""inputs/images/piece-11/page-23.png"", ""inputs/images/piece-11/page-24.png""]"
"musp_418","11","Liszt","Ballade No. 2","Which is the first chord that needs to be played with only one string? Name that chord.","S","","Long","Chord","Lead-sheet chord symbol in root position","Single","[""Esus2"", ""D#maj7"", ""B7b5""]","[""F#""]","inputs/abc/piece-11.abc","inputs/midi_performance_event_text/piece-11.txt","inputs/abc_plus_midi/piece-11.abc","inputs/audio/piece-11.wav","inputs/pdf/without_context/piece-11.pdf","[""inputs/images/piece-11/page-01.png"", ""inputs/images/piece-11/page-02.png"", ""inputs/images/piece-11/page-03.png"", ""inputs/images/piece-11/page-04.png"", ""inputs/images/piece-11/page-05.png"", ""inputs/images/piece-11/page-06.png"", ""inputs/images/piece-11/page-07.png"", ""inputs/images/piece-11/page-08.png"", ""inputs/images/piece-11/page-09.png"", ""inputs/images/piece-11/page-10.png"", ""inputs/images/piece-11/page-11.png"", ""inputs/images/piece-11/page-12.png"", ""inputs/images/piece-11/page-13.png"", ""inputs/images/piece-11/page-14.png"", ""inputs/images/piece-11/page-15.png"", ""inputs/images/piece-11/page-16.png"", ""inputs/images/piece-11/page-17.png"", ""inputs/images/piece-11/page-18.png"", ""inputs/images/piece-11/page-19.png"", ""inputs/images/piece-11/page-20.png"", ""inputs/images/piece-11/page-21.png"", ""inputs/images/piece-11/page-22.png"", ""inputs/images/piece-11/page-23.png"", ""inputs/images/piece-11/page-24.png""]"
"musp_419","11","Liszt","Ballade No. 2","Bars 59-69 are similar to bars 24-34. Identify the first measure in which the notes in the former are not an exact transposition of the notes in the latter. Consider the content only (notes and rhythm), not the performer instructions (articulation, slurs, dynamics)? Write NA if it's a note-for-note transposition.","S","","Long","Bar / beat","Bar number (digits) or NA","Single","[""42"", ""18"", ""7""]","[""NA""]","inputs/abc/piece-11.abc","inputs/midi_performance_event_text/piece-11.txt","inputs/abc_plus_midi/piece-11.abc","inputs/audio/piece-11.wav","inputs/pdf/without_context/piece-11.pdf","[""inputs/images/piece-11/page-01.png"", ""inputs/images/piece-11/page-02.png"", ""inputs/images/piece-11/page-03.png"", ""inputs/images/piece-11/page-04.png"", ""inputs/images/piece-11/page-05.png"", ""inputs/images/piece-11/page-06.png"", ""inputs/images/piece-11/page-07.png"", ""inputs/images/piece-11/page-08.png"", ""inputs/images/piece-11/page-09.png"", ""inputs/images/piece-11/page-10.png"", ""inputs/images/piece-11/page-11.png"", ""inputs/images/piece-11/page-12.png"", ""inputs/images/piece-11/page-13.png"", ""inputs/images/piece-11/page-14.png"", ""inputs/images/piece-11/page-15.png"", ""inputs/images/piece-11/page-16.png"", ""inputs/images/piece-11/page-17.png"", ""inputs/images/piece-11/page-18.png"", ""inputs/images/piece-11/page-19.png"", ""inputs/images/piece-11/page-20.png"", ""inputs/images/piece-11/page-21.png"", ""inputs/images/piece-11/page-22.png"", ""inputs/images/piece-11/page-23.png"", ""inputs/images/piece-11/page-24.png""]"
"musp_420","11","Liszt","Ballade No. 2","The melody in bars 181-194 is the transposed version of the theme played at the very opening of the piece, up to a certain point. Which melodic note breaks this similarity between the two transposed versions? In other words, which melodic note arrives unexpectedly?","S","","Long","Pitch","Pitch class without octave number","Single","[""A"", ""G#"", ""Bb""]","[""G""]","inputs/abc/piece-11.abc","inputs/midi_performance_event_text/piece-11.txt","inputs/abc_plus_midi/piece-11.abc","inputs/audio/piece-11.wav","inputs/pdf/without_context/piece-11.pdf","[""inputs/images/piece-11/page-01.png"", ""inputs/images/piece-11/page-02.png"", ""inputs/images/piece-11/page-03.png"", ""inputs/images/piece-11/page-04.png"", ""inputs/images/piece-11/page-05.png"", ""inputs/images/piece-11/page-06.png"", ""inputs/images/piece-11/page-07.png"", ""inputs/images/piece-11/page-08.png"", ""inputs/images/piece-11/page-09.png"", ""inputs/images/piece-11/page-10.png"", ""inputs/images/piece-11/page-11.png"", ""inputs/images/piece-11/page-12.png"", ""inputs/images/piece-11/page-13.png"", ""inputs/images/piece-11/page-14.png"", ""inputs/images/piece-11/page-15.png"", ""inputs/images/piece-11/page-16.png"", ""inputs/images/piece-11/page-17.png"", ""inputs/images/piece-11/page-18.png"", ""inputs/images/piece-11/page-19.png"", ""inputs/images/piece-11/page-20.png"", ""inputs/images/piece-11/page-21.png"", ""inputs/images/piece-11/page-22.png"", ""inputs/images/piece-11/page-23.png"", ""inputs/images/piece-11/page-24.png""]"
"musp_421","12","Mozart","Piano Sonata 12, movement 1","The slur in measure 46 starts and ends at which notes?","S","","Short","Pitch","Pitch with octave number","Pair","[""A4, G#3""]","[""A5, D5""]","inputs/abc/piece-12.abc","inputs/midi_performance_event_text/piece-12.txt","inputs/abc_plus_midi/piece-12.abc","inputs/audio/piece-12.wav","inputs/pdf/without_context/piece-12.pdf","[""inputs/images/piece-12/page-1.png"", ""inputs/images/piece-12/page-2.png"", ""inputs/images/piece-12/page-3.png"", ""inputs/images/piece-12/page-4.png"", ""inputs/images/piece-12/page-5.png"", ""inputs/images/piece-12/page-6.png"", ""inputs/images/piece-12/page-7.png""]"
"musp_422","12","Mozart","Piano Sonata 12, movement 1","In measure 91, what is the note value of the bass note marked sforzando?","S","","Short","Duration / ratio","Note value written in full","Single","[""quarter note"", ""dotted eighth note"", ""half note""]","[""dotted quarter note""]","inputs/abc/piece-12.abc","inputs/midi_performance_event_text/piece-12.txt","inputs/abc_plus_midi/piece-12.abc","inputs/audio/piece-12.wav","inputs/pdf/without_context/piece-12.pdf","[""inputs/images/piece-12/page-1.png"", ""inputs/images/piece-12/page-2.png"", ""inputs/images/piece-12/page-3.png"", ""inputs/images/piece-12/page-4.png"", ""inputs/images/piece-12/page-5.png"", ""inputs/images/piece-12/page-6.png"", ""inputs/images/piece-12/page-7.png""]"
"musp_423","12","Mozart","Piano Sonata 12, movement 1","Out of the six dyads in measure 67, which ones are major? Name the notes that form the major dyads.","S","","Short","Pitch","Pairs of pitch classes without octave numbers","List ordered by appearance","[""C# Bb, A D, F C""]","[""Eb G"", ""G Eb""]","inputs/abc/piece-12.abc","inputs/midi_performance_event_text/piece-12.txt","inputs/abc_plus_midi/piece-12.abc","inputs/audio/piece-12.wav","inputs/pdf/without_context/piece-12.pdf","[""inputs/images/piece-12/page-1.png"", ""inputs/images/piece-12/page-2.png"", ""inputs/images/piece-12/page-3.png"", ""inputs/images/piece-12/page-4.png"", ""inputs/images/piece-12/page-5.png"", ""inputs/images/piece-12/page-6.png"", ""inputs/images/piece-12/page-7.png""]"
"musp_424","12","Mozart","Piano Sonata 12, movement 1","In bar 17, on what exact fractional rhythmic subdivision does the V chord (with respect to the home key) arrive? For example, if it falls on the second half of the first beat, write 1.5.","S","","Short","Bar / beat","Fractional beat number with optional beat prefix","Single","[""1.5"", ""beat 2.25""]","[""3.75"", ""beat 3.75""]","inputs/abc/piece-12.abc","inputs/midi_performance_event_text/piece-12.txt","inputs/abc_plus_midi/piece-12.abc","inputs/audio/piece-12.wav","inputs/pdf/without_context/piece-12.pdf","[""inputs/images/piece-12/page-1.png"", ""inputs/images/piece-12/page-2.png"", ""inputs/images/piece-12/page-3.png"", ""inputs/images/piece-12/page-4.png"", ""inputs/images/piece-12/page-5.png"", ""inputs/images/piece-12/page-6.png"", ""inputs/images/piece-12/page-7.png""]"
"musp_425","12","Mozart","Piano Sonata 12, movement 1","What are the harmonic functions up until bar 4? Name one function per bar.","S","","Mid","Category label","Harmonic-function label written in full","List ordered by appearance","[""dominant, tonic""]","[""Tonic, secondary dominant, predominant, dominant"", ""Tonic, secondary dominant, subdominant, dominant""]","inputs/abc/piece-12.abc","inputs/midi_performance_event_text/piece-12.txt","inputs/abc_plus_midi/piece-12.abc","inputs/audio/piece-12.wav","inputs/pdf/without_context/piece-12.pdf","[""inputs/images/piece-12/page-1.png"", ""inputs/images/piece-12/page-2.png"", ""inputs/images/piece-12/page-3.png"", ""inputs/images/piece-12/page-4.png"", ""inputs/images/piece-12/page-5.png"", ""inputs/images/piece-12/page-6.png"", ""inputs/images/piece-12/page-7.png""]"
"musp_426","12","Mozart","Piano Sonata 12, movement 1","What are the Roman numeral notations for the chords in bars 120-122 (inclusive), with respect to the key in bar 121?","S","","Mid","Chord","Roman-numeral chord symbol","List ordered by appearance","[""V7, ii6, V65""]","[""V65, i, It+6"", ""V65, i, It6"", ""V65, i, #IV6""]","inputs/abc/piece-12.abc","inputs/midi_performance_event_text/piece-12.txt","inputs/abc_plus_midi/piece-12.abc","inputs/audio/piece-12.wav","inputs/pdf/without_context/piece-12.pdf","[""inputs/images/piece-12/page-1.png"", ""inputs/images/piece-12/page-2.png"", ""inputs/images/piece-12/page-3.png"", ""inputs/images/piece-12/page-4.png"", ""inputs/images/piece-12/page-5.png"", ""inputs/images/piece-12/page-6.png"", ""inputs/images/piece-12/page-7.png""]"
"musp_427","12","Mozart","Piano Sonata 12, movement 1","From measure 222 until the end, which ornamentations and how many of them are there?","S","","Mid","Category label","Count and ornamentation","List ordered alphabetically","[""2 mordents, 1 turn""]","[""6 trills""]","inputs/abc/piece-12.abc","inputs/midi_performance_event_text/piece-12.txt","inputs/abc_plus_midi/piece-12.abc","inputs/audio/piece-12.wav","inputs/pdf/without_context/piece-12.pdf","[""inputs/images/piece-12/page-1.png"", ""inputs/images/piece-12/page-2.png"", ""inputs/images/piece-12/page-3.png"", ""inputs/images/piece-12/page-4.png"", ""inputs/images/piece-12/page-5.png"", ""inputs/images/piece-12/page-6.png"", ""inputs/images/piece-12/page-7.png""]"
"musp_428","12","Mozart","Piano Sonata 12, movement 1","Which is the last measure to be played with the same forte as the one written in measure 84?","S","","Mid","Bar / beat","Bar number (digits)","Single","[""120""]","[""93""]","inputs/abc/piece-12.abc","inputs/midi_performance_event_text/piece-12.txt","inputs/abc_plus_midi/piece-12.abc","inputs/audio/piece-12.wav","inputs/pdf/without_context/piece-12.pdf","[""inputs/images/piece-12/page-1.png"", ""inputs/images/piece-12/page-2.png"", ""inputs/images/piece-12/page-3.png"", ""inputs/images/piece-12/page-4.png"", ""inputs/images/piece-12/page-5.png"", ""inputs/images/piece-12/page-6.png"", ""inputs/images/piece-12/page-7.png""]"
"musp_429","12","Mozart","Piano Sonata 12, movement 1","What sequence of chords is outlined across measures 61, 62, and 63?","S","","Mid","Chord","Lead-sheet chord symbol in root position","List ordered by appearance","[""C7, Amaj7, Gb7""]","[""Fm7, Bb7, Ebmaj7""]","inputs/abc/piece-12.abc","inputs/midi_performance_event_text/piece-12.txt","inputs/abc_plus_midi/piece-12.abc","inputs/audio/piece-12.wav","inputs/pdf/without_context/piece-12.pdf","[""inputs/images/piece-12/page-1.png"", ""inputs/images/piece-12/page-2.png"", ""inputs/images/piece-12/page-3.png"", ""inputs/images/piece-12/page-4.png"", ""inputs/images/piece-12/page-5.png"", ""inputs/images/piece-12/page-6.png"", ""inputs/images/piece-12/page-7.png""]"
"musp_430","12","Mozart","Piano Sonata 12, movement 1","Name the three leading tones that drive the modulation between bars 155 and 168.","S","","Mid","Pitch","Pitch class without octave number","List ordered by appearance","[""G#, Bb, Fx""]","[""C#, B, A""]","inputs/abc/piece-12.abc","inputs/midi_performance_event_text/piece-12.txt","inputs/abc_plus_midi/piece-12.abc","inputs/audio/piece-12.wav","inputs/pdf/without_context/piece-12.pdf","[""inputs/images/piece-12/page-1.png"", ""inputs/images/piece-12/page-2.png"", ""inputs/images/piece-12/page-3.png"", ""inputs/images/piece-12/page-4.png"", ""inputs/images/piece-12/page-5.png"", ""inputs/images/piece-12/page-6.png"", ""inputs/images/piece-12/page-7.png""]"
"musp_431","12","Mozart","Piano Sonata 12, movement 1","How many groups of four sixteenth notes constituting an F major chord are written in the coda?","S","","Long","Integer","Positive integer","Single","[""4""]","[""10""]","inputs/abc/piece-12.abc","inputs/midi_performance_event_text/piece-12.txt","inputs/abc_plus_midi/piece-12.abc","inputs/audio/piece-12.wav","inputs/pdf/without_context/piece-12.pdf","[""inputs/images/piece-12/page-1.png"", ""inputs/images/piece-12/page-2.png"", ""inputs/images/piece-12/page-3.png"", ""inputs/images/piece-12/page-4.png"", ""inputs/images/piece-12/page-5.png"", ""inputs/images/piece-12/page-6.png"", ""inputs/images/piece-12/page-7.png""]"
"musp_432","12","Mozart","Piano Sonata 12, movement 1","In which measure does the lyrical opening passage give way for a new character? Hint: it occurs before bar 22.","S","","Long","Bar / beat","Bar number (digits)","Single","[""4""]","[""12""]","inputs/abc/piece-12.abc","inputs/midi_performance_event_text/piece-12.txt","inputs/abc_plus_midi/piece-12.abc","inputs/audio/piece-12.wav","inputs/pdf/without_context/piece-12.pdf","[""inputs/images/piece-12/page-1.png"", ""inputs/images/piece-12/page-2.png"", ""inputs/images/piece-12/page-3.png"", ""inputs/images/piece-12/page-4.png"", ""inputs/images/piece-12/page-5.png"", ""inputs/images/piece-12/page-6.png"", ""inputs/images/piece-12/page-7.png""]"
"musp_433","13","Mozart","Piano Sonata 12, movement 3","Consider the single harmonic function that is played in measures 154-155. Which notes in these bars are passing notes? Name all passing notes in the sequence, even if repeated.","S","","Short","Pitch","Pitch class without octave number","List ordered by appearance","[""A, Fx, C""]","[""Bb, G""]","inputs/abc/piece-13.abc","inputs/midi_performance_event_text/piece-13.txt","inputs/abc_plus_midi/piece-13.abc","inputs/audio/piece-13.wav","inputs/pdf/without_context/piece-13.pdf","[""inputs/images/piece-13/page-01.png"", ""inputs/images/piece-13/page-02.png"", ""inputs/images/piece-13/page-03.png"", ""inputs/images/piece-13/page-04.png"", ""inputs/images/piece-13/page-05.png"", ""inputs/images/piece-13/page-06.png"", ""inputs/images/piece-13/page-07.png"", ""inputs/images/piece-13/page-08.png"", ""inputs/images/piece-13/page-09.png"", ""inputs/images/piece-13/page-10.png""]"
"musp_434","13","Mozart","Piano Sonata 12, movement 3","The slur starting in bar 100 contains how many notes?","S","","Short","Integer","Positive integer","Single","[""4""]","[""12""]","inputs/abc/piece-13.abc","inputs/midi_performance_event_text/piece-13.txt","inputs/abc_plus_midi/piece-13.abc","inputs/audio/piece-13.wav","inputs/pdf/without_context/piece-13.pdf","[""inputs/images/piece-13/page-01.png"", ""inputs/images/piece-13/page-02.png"", ""inputs/images/piece-13/page-03.png"", ""inputs/images/piece-13/page-04.png"", ""inputs/images/piece-13/page-05.png"", ""inputs/images/piece-13/page-06.png"", ""inputs/images/piece-13/page-07.png"", ""inputs/images/piece-13/page-08.png"", ""inputs/images/piece-13/page-09.png"", ""inputs/images/piece-13/page-10.png""]"
"musp_435","13","Mozart","Piano Sonata 12, movement 3","According to the score, how should the last four bars be played at the end? Refer to the expressive character instruction.","S","","Mid","Short text","Short phrase","Single","[""con fuoco""]","[""Calando""]","inputs/abc/piece-13.abc","inputs/midi_performance_event_text/piece-13.txt","inputs/abc_plus_midi/piece-13.abc","inputs/audio/piece-13.wav","inputs/pdf/without_context/piece-13.pdf","[""inputs/images/piece-13/page-01.png"", ""inputs/images/piece-13/page-02.png"", ""inputs/images/piece-13/page-03.png"", ""inputs/images/piece-13/page-04.png"", ""inputs/images/piece-13/page-05.png"", ""inputs/images/piece-13/page-06.png"", ""inputs/images/piece-13/page-07.png"", ""inputs/images/piece-13/page-08.png"", ""inputs/images/piece-13/page-09.png"", ""inputs/images/piece-13/page-10.png""]"
"musp_436","13","Mozart","Piano Sonata 12, movement 3","Bar 124 starts a modulating passage that first resolves to which key? Consider a key to be the resolution if it is affirmed for at least 2 consecutive bars.","S","","Mid","Key / tonality","Key (pitch class and mode)","Single","[""C major"", ""F# minor"", ""D Dorian""]","[""Bb major"", ""B-flat major""]","inputs/abc/piece-13.abc","inputs/midi_performance_event_text/piece-13.txt","inputs/abc_plus_midi/piece-13.abc","inputs/audio/piece-13.wav","inputs/pdf/without_context/piece-13.pdf","[""inputs/images/piece-13/page-01.png"", ""inputs/images/piece-13/page-02.png"", ""inputs/images/piece-13/page-03.png"", ""inputs/images/piece-13/page-04.png"", ""inputs/images/piece-13/page-05.png"", ""inputs/images/piece-13/page-06.png"", ""inputs/images/piece-13/page-07.png"", ""inputs/images/piece-13/page-08.png"", ""inputs/images/piece-13/page-09.png"", ""inputs/images/piece-13/page-10.png""]"
"musp_437","13","Mozart","Piano Sonata 12, movement 3","What is the progression in Roman numerals in measures 38-39 relative to the key the passage has modulating to in bar 39?","S","","Mid","Chord","Roman-numeral chord symbol","List ordered by appearance","[""V7, ii6, V65""]","[""i6, V43, i, V65"", ""i6, V43, i, V6""]","inputs/abc/piece-13.abc","inputs/midi_performance_event_text/piece-13.txt","inputs/abc_plus_midi/piece-13.abc","inputs/audio/piece-13.wav","inputs/pdf/without_context/piece-13.pdf","[""inputs/images/piece-13/page-01.png"", ""inputs/images/piece-13/page-02.png"", ""inputs/images/piece-13/page-03.png"", ""inputs/images/piece-13/page-04.png"", ""inputs/images/piece-13/page-05.png"", ""inputs/images/piece-13/page-06.png"", ""inputs/images/piece-13/page-07.png"", ""inputs/images/piece-13/page-08.png"", ""inputs/images/piece-13/page-09.png"", ""inputs/images/piece-13/page-10.png""]"
"musp_438","13","Mozart","Piano Sonata 12, movement 3","Which 8-bar passage before bar 35 first suggests a humorous character through a clucking-like accompaniment? Identify the passage that closest matches the description.","S","","Long","Bar / beat","Bar range (N-N)","Single","[""3-5""]","[""15-22""]","inputs/abc/piece-13.abc","inputs/midi_performance_event_text/piece-13.txt","inputs/abc_plus_midi/piece-13.abc","inputs/audio/piece-13.wav","inputs/pdf/without_context/piece-13.pdf","[""inputs/images/piece-13/page-01.png"", ""inputs/images/piece-13/page-02.png"", ""inputs/images/piece-13/page-03.png"", ""inputs/images/piece-13/page-04.png"", ""inputs/images/piece-13/page-05.png"", ""inputs/images/piece-13/page-06.png"", ""inputs/images/piece-13/page-07.png"", ""inputs/images/piece-13/page-08.png"", ""inputs/images/piece-13/page-09.png"", ""inputs/images/piece-13/page-10.png""]"
"musp_439","13","Mozart","Piano Sonata 12, movement 3","In which measure does the performer first need to play gently, as asked explicitly by the composer?","S","","Long","Bar / beat","Bar number (digits)","Single","[""4""]","[""15""]","inputs/abc/piece-13.abc","inputs/midi_performance_event_text/piece-13.txt","inputs/abc_plus_midi/piece-13.abc","inputs/audio/piece-13.wav","inputs/pdf/without_context/piece-13.pdf","[""inputs/images/piece-13/page-01.png"", ""inputs/images/piece-13/page-02.png"", ""inputs/images/piece-13/page-03.png"", ""inputs/images/piece-13/page-04.png"", ""inputs/images/piece-13/page-05.png"", ""inputs/images/piece-13/page-06.png"", ""inputs/images/piece-13/page-07.png"", ""inputs/images/piece-13/page-08.png"", ""inputs/images/piece-13/page-09.png"", ""inputs/images/piece-13/page-10.png""]"
"musp_440","13","Mozart","Piano Sonata 12, movement 3","At some point in the exposition, the music takes on a pronounced melancholic, resigned, or aching character for at least 8 bars. In which bar does the passage that best matches this description begin, and which bar is the last measure of this passage (in terms of musical content)?","S","","Long","Bar / beat","Bar number (digits)","Pair","[""18, 42""]","[""50, 64""]","inputs/abc/piece-13.abc","inputs/midi_performance_event_text/piece-13.txt","inputs/abc_plus_midi/piece-13.abc","inputs/audio/piece-13.wav","inputs/pdf/without_context/piece-13.pdf","[""inputs/images/piece-13/page-01.png"", ""inputs/images/piece-13/page-02.png"", ""inputs/images/piece-13/page-03.png"", ""inputs/images/piece-13/page-04.png"", ""inputs/images/piece-13/page-05.png"", ""inputs/images/piece-13/page-06.png"", ""inputs/images/piece-13/page-07.png"", ""inputs/images/piece-13/page-08.png"", ""inputs/images/piece-13/page-09.png"", ""inputs/images/piece-13/page-10.png""]"
"musp_441","13","Mozart","Piano Sonata 12, movement 3","List the tonalities established by V–I cadences (in any inversion) between bars 36 and 91, in chronological order of their first appearance.","S","","Long","Key / tonality","Scale (pitch class and mode)","Single","[""C major"", ""F# minor"", ""D Dorian""]","[""D minor, G major, C major, C minor""]","inputs/abc/piece-13.abc","inputs/midi_performance_event_text/piece-13.txt","inputs/abc_plus_midi/piece-13.abc","inputs/audio/piece-13.wav","inputs/pdf/without_context/piece-13.pdf","[""inputs/images/piece-13/page-01.png"", ""inputs/images/piece-13/page-02.png"", ""inputs/images/piece-13/page-03.png"", ""inputs/images/piece-13/page-04.png"", ""inputs/images/piece-13/page-05.png"", ""inputs/images/piece-13/page-06.png"", ""inputs/images/piece-13/page-07.png"", ""inputs/images/piece-13/page-08.png"", ""inputs/images/piece-13/page-09.png"", ""inputs/images/piece-13/page-10.png""]"
"musp_442","13","Mozart","Piano Sonata 12, movement 3","In what measure does the main theme in a minor tonality start?","S","","Long","Bar / beat","Bar number (digits)","Single","[""40""]","[""91""]","inputs/abc/piece-13.abc","inputs/midi_performance_event_text/piece-13.txt","inputs/abc_plus_midi/piece-13.abc","inputs/audio/piece-13.wav","inputs/pdf/without_context/piece-13.pdf","[""inputs/images/piece-13/page-01.png"", ""inputs/images/piece-13/page-02.png"", ""inputs/images/piece-13/page-03.png"", ""inputs/images/piece-13/page-04.png"", ""inputs/images/piece-13/page-05.png"", ""inputs/images/piece-13/page-06.png"", ""inputs/images/piece-13/page-07.png"", ""inputs/images/piece-13/page-08.png"", ""inputs/images/piece-13/page-09.png"", ""inputs/images/piece-13/page-10.png""]"
"musp_443","13","Mozart","Piano Sonata 12, movement 3","Which rests (across all voices) immediately precede the start of the development section? List them all in order of appearance. Repeat if necessary, but don't name a rest multiple times if it's the same rest in all voices. ","S","","Long","Duration / ratio","Rest value","List ordered by appearance","[""quarter rest, quarter rest""]","[""eighth rest, quarter rest, eighth rest""]","inputs/abc/piece-13.abc","inputs/midi_performance_event_text/piece-13.txt","inputs/abc_plus_midi/piece-13.abc","inputs/audio/piece-13.wav","inputs/pdf/without_context/piece-13.pdf","[""inputs/images/piece-13/page-01.png"", ""inputs/images/piece-13/page-02.png"", ""inputs/images/piece-13/page-03.png"", ""inputs/images/piece-13/page-04.png"", ""inputs/images/piece-13/page-05.png"", ""inputs/images/piece-13/page-06.png"", ""inputs/images/piece-13/page-07.png"", ""inputs/images/piece-13/page-08.png"", ""inputs/images/piece-13/page-09.png"", ""inputs/images/piece-13/page-10.png""]"
"musp_444","14","Rachmaninoff","Prelude Op. 23 No. 4","How many accented right-hand chords occur across measures 51 and 52?","S","","Short","Integer","Positive integer","Single","[""4""]","[""10""]","inputs/abc/piece-14.abc","inputs/midi_performance_event_text/piece-14.txt","inputs/abc_plus_midi/piece-14.abc","inputs/audio/piece-14.wav","inputs/pdf/without_context/piece-14.pdf","[""inputs/images/piece-14/page-1.png"", ""inputs/images/piece-14/page-2.png"", ""inputs/images/piece-14/page-3.png"", ""inputs/images/piece-14/page-4.png"", ""inputs/images/piece-14/page-5.png"", ""inputs/images/piece-14/page-6.png"", ""inputs/images/piece-14/page-7.png""]"
"musp_445","14","Rachmaninoff","Prelude Op. 23 No. 4","How many notes form the arpeggiated chord in measure 61 across both hands?","S","","Short","Integer","Positive integer","Single","[""4""]","[""8""]","inputs/abc/piece-14.abc","inputs/midi_performance_event_text/piece-14.txt","inputs/abc_plus_midi/piece-14.abc","inputs/audio/piece-14.wav","inputs/pdf/without_context/piece-14.pdf","[""inputs/images/piece-14/page-1.png"", ""inputs/images/piece-14/page-2.png"", ""inputs/images/piece-14/page-3.png"", ""inputs/images/piece-14/page-4.png"", ""inputs/images/piece-14/page-5.png"", ""inputs/images/piece-14/page-6.png"", ""inputs/images/piece-14/page-7.png""]"
"musp_446","14","Rachmaninoff","Prelude Op. 23 No. 4","On which pitch does the left-hand slur, beginning in measure 71, end?","S","","Short","Pitch","Pitch with octave number","Single","[""A4"", ""G#3"", ""Bb2""]","[""A1""]","inputs/abc/piece-14.abc","inputs/midi_performance_event_text/piece-14.txt","inputs/abc_plus_midi/piece-14.abc","inputs/audio/piece-14.wav","inputs/pdf/without_context/piece-14.pdf","[""inputs/images/piece-14/page-1.png"", ""inputs/images/piece-14/page-2.png"", ""inputs/images/piece-14/page-3.png"", ""inputs/images/piece-14/page-4.png"", ""inputs/images/piece-14/page-5.png"", ""inputs/images/piece-14/page-6.png"", ""inputs/images/piece-14/page-7.png""]"
"musp_447","14","Rachmaninoff","Prelude Op. 23 No. 4","Which distinct written note values occur in measure 57 when dotted and undotted values are treated as different? Name them from shortest to longest.","S","","Short","Duration / ratio","Note value written in full","List","[""whole note, triplet half note""]","[""triplet eighth note, eighth note, quarter note, dotted quarter note, half note""]","inputs/abc/piece-14.abc","inputs/midi_performance_event_text/piece-14.txt","inputs/abc_plus_midi/piece-14.abc","inputs/audio/piece-14.wav","inputs/pdf/without_context/piece-14.pdf","[""inputs/images/piece-14/page-1.png"", ""inputs/images/piece-14/page-2.png"", ""inputs/images/piece-14/page-3.png"", ""inputs/images/piece-14/page-4.png"", ""inputs/images/piece-14/page-5.png"", ""inputs/images/piece-14/page-6.png"", ""inputs/images/piece-14/page-7.png""]"
"musp_448","14","Rachmaninoff","Prelude Op. 23 No. 4","Which intervals are formed by the six right-hand eighth-note dyads in measure 40?","S","","Short","Interval","Interval quality and size","List ordered by appearance","[""minor second, augmented fourth, perfect fifth, major third, perfect fifth, minor seventh""]","[""minor third, major sixth, major sixth, minor third, minor third, minor third""]","inputs/abc/piece-14.abc","inputs/midi_performance_event_text/piece-14.txt","inputs/abc_plus_midi/piece-14.abc","inputs/audio/piece-14.wav","inputs/pdf/without_context/piece-14.pdf","[""inputs/images/piece-14/page-1.png"", ""inputs/images/piece-14/page-2.png"", ""inputs/images/piece-14/page-3.png"", ""inputs/images/piece-14/page-4.png"", ""inputs/images/piece-14/page-5.png"", ""inputs/images/piece-14/page-6.png"", ""inputs/images/piece-14/page-7.png""]"
"musp_449","14","Rachmaninoff","Prelude Op. 23 No. 4","Which instructions in terms of articulation and dynamics are written to tell the performer how to play the piece's last F# that is played as part of a half-diminished chord?","S","","Mid","Category label","Performance instruction label","List ordered alphabetically","[""legato, staccato""]","[""Mezzo-forte, tenuto"", ""mf, tenuto"", ""mezzo-forte (mf), tenuto""]","inputs/abc/piece-14.abc","inputs/midi_performance_event_text/piece-14.txt","inputs/abc_plus_midi/piece-14.abc","inputs/audio/piece-14.wav","inputs/pdf/without_context/piece-14.pdf","[""inputs/images/piece-14/page-1.png"", ""inputs/images/piece-14/page-2.png"", ""inputs/images/piece-14/page-3.png"", ""inputs/images/piece-14/page-4.png"", ""inputs/images/piece-14/page-5.png"", ""inputs/images/piece-14/page-6.png"", ""inputs/images/piece-14/page-7.png""]"
"musp_450","14","Rachmaninoff","Prelude Op. 23 No. 4","In which measure does the second complete statement of the piece's main theme begin? ","S","","Long","Bar / beat","Bar number (digits)","Single","[""12""]","[""19""]","inputs/abc/piece-14.abc","inputs/midi_performance_event_text/piece-14.txt","inputs/abc_plus_midi/piece-14.abc","inputs/audio/piece-14.wav","inputs/pdf/without_context/piece-14.pdf","[""inputs/images/piece-14/page-1.png"", ""inputs/images/piece-14/page-2.png"", ""inputs/images/piece-14/page-3.png"", ""inputs/images/piece-14/page-4.png"", ""inputs/images/piece-14/page-5.png"", ""inputs/images/piece-14/page-6.png"", ""inputs/images/piece-14/page-7.png""]"
"musp_451","14","Rachmaninoff","Prelude Op. 23 No. 4","The beginning of the piece is seemingly peaceful and to be played with a singing tone. Within the first statement of the theme, in what bar does the music reach its first dramatic moment?","S","","Long","Bar / beat","Bar number (digits)","Single","[""4""]","[""11""]","inputs/abc/piece-14.abc","inputs/midi_performance_event_text/piece-14.txt","inputs/abc_plus_midi/piece-14.abc","inputs/audio/piece-14.wav","inputs/pdf/without_context/piece-14.pdf","[""inputs/images/piece-14/page-1.png"", ""inputs/images/piece-14/page-2.png"", ""inputs/images/piece-14/page-3.png"", ""inputs/images/piece-14/page-4.png"", ""inputs/images/piece-14/page-5.png"", ""inputs/images/piece-14/page-6.png"", ""inputs/images/piece-14/page-7.png""]"
"musp_452","14","Rachmaninoff","Prelude Op. 23 No. 4","In which measure does the piece reach its climax in terms of loudness, tension, and drama?","S","","Long","Bar / beat","Bar number (digits)","Single","[""23""]","[""51""]","inputs/abc/piece-14.abc","inputs/midi_performance_event_text/piece-14.txt","inputs/abc_plus_midi/piece-14.abc","inputs/audio/piece-14.wav","inputs/pdf/without_context/piece-14.pdf","[""inputs/images/piece-14/page-1.png"", ""inputs/images/piece-14/page-2.png"", ""inputs/images/piece-14/page-3.png"", ""inputs/images/piece-14/page-4.png"", ""inputs/images/piece-14/page-5.png"", ""inputs/images/piece-14/page-6.png"", ""inputs/images/piece-14/page-7.png""]"
"musp_453","14","Rachmaninoff","Prelude Op. 23 No. 4","Ignoring accompaniment, rhythm, and articulation differences, which melodic pitch first appears as new material in the second complete statement of the main theme that was not there yet in the first statement? In other words, identify the first difference in the melody.","S","","Long","Pitch","Pitch with octave number","Single","[""A4"", ""G#3"", ""Bb2""]","[""B4""]","inputs/abc/piece-14.abc","inputs/midi_performance_event_text/piece-14.txt","inputs/abc_plus_midi/piece-14.abc","inputs/audio/piece-14.wav","inputs/pdf/without_context/piece-14.pdf","[""inputs/images/piece-14/page-1.png"", ""inputs/images/piece-14/page-2.png"", ""inputs/images/piece-14/page-3.png"", ""inputs/images/piece-14/page-4.png"", ""inputs/images/piece-14/page-5.png"", ""inputs/images/piece-14/page-6.png"", ""inputs/images/piece-14/page-7.png""]"
"musp_454","15","Schubert","Moment musical No. 3","What are the intervals between the dyads in the first half of measure 9?","S","","Short","Interval","Interval quality and size","List ordered by appearance","[""perfect fifth, minor seventh, augmented fourth""]","[""major third, minor third, minor third, minor third""]","inputs/abc/piece-15.abc","inputs/midi_performance_event_text/piece-15.txt","inputs/abc_plus_midi/piece-15.abc","inputs/audio/piece-15.wav","inputs/pdf/without_context/piece-15.pdf","[""inputs/images/piece-15/page-1.png"", ""inputs/images/piece-15/page-2.png""]"
"musp_455","15","Schubert","Moment musical No. 3","What is the largest interval between two consecutive notes in the melody up until bar 10?","S","","Mid","Interval","Interval quality and size","Single","[""major third"", ""perfect fifth"", ""minor seventh""]","[""perfect fourth""]","inputs/abc/piece-15.abc","inputs/midi_performance_event_text/piece-15.txt","inputs/abc_plus_midi/piece-15.abc","inputs/audio/piece-15.wav","inputs/pdf/without_context/piece-15.pdf","[""inputs/images/piece-15/page-1.png"", ""inputs/images/piece-15/page-2.png""]"
"musp_456","15","Schubert","Moment musical No. 3","Near the end of the piece, from which bar onward is the final chord repeatedly affirmed (i.e. from which bar until the end is it played)?","S","","Mid","Bar / beat","Bar number (digits)","Single","[""4""]","[""76""]","inputs/abc/piece-15.abc","inputs/midi_performance_event_text/piece-15.txt","inputs/abc_plus_midi/piece-15.abc","inputs/audio/piece-15.wav","inputs/pdf/without_context/piece-15.pdf","[""inputs/images/piece-15/page-1.png"", ""inputs/images/piece-15/page-2.png""]"
"musp_457","15","Schubert","Moment musical No. 3","A characteristic motif appears repeatedly in the accompaniment. In which bar does its final occurrence begin, and how long does the motif last in quarter-note beats? Use the shortest complete form of the motif.","S","","Long","Composite answer","Two answer components in the formats specified in the question","Single","[""23, 8""]","[""77, 1""]","inputs/abc/piece-15.abc","inputs/midi_performance_event_text/piece-15.txt","inputs/abc_plus_midi/piece-15.abc","inputs/audio/piece-15.wav","inputs/pdf/without_context/piece-15.pdf","[""inputs/images/piece-15/page-1.png"", ""inputs/images/piece-15/page-2.png""]"
"musp_458","15","Schubert","Moment musical No. 3","Which bar is the last bar in which the left hand plays exactly the same notes in exactly the same way as in the first bar?","S","","Long","Bar / beat","Bar number (digits)","Single","[""4""]","[""62""]","inputs/abc/piece-15.abc","inputs/midi_performance_event_text/piece-15.txt","inputs/abc_plus_midi/piece-15.abc","inputs/audio/piece-15.wav","inputs/pdf/without_context/piece-15.pdf","[""inputs/images/piece-15/page-1.png"", ""inputs/images/piece-15/page-2.png""]"
"musp_459","15","Schubert","Moment musical No. 3","What is the harmonic progression of the second theme the first time it is played? Do not repeat the chord name if the chord is played for an extended period of time.","S","","Long","Chord","Lead-sheet chord symbol with bass whenever needed","List ordered by appearance","[""Esus2, Dbmaj7, B7b5/D#""]","[""Ab, Eb7/Ab, Ab, Db, Eb7, Ab"", ""Ab, Eb/Ab, Eb7/Ab, Ab, Db, Eb7, Ab""]","inputs/abc/piece-15.abc","inputs/midi_performance_event_text/piece-15.txt","inputs/abc_plus_midi/piece-15.abc","inputs/audio/piece-15.wav","inputs/pdf/without_context/piece-15.pdf","[""inputs/images/piece-15/page-1.png"", ""inputs/images/piece-15/page-2.png""]"
"musp_460","15","Schubert","Moment musical No. 3","Locate the densest moment, i.e. the moment where the most notes sound simultaneously. Name the bar. If there are multiple, answer with only one.","S","","Long","Bar / beat","Bar number (digits)","Single","[""4""]","[""33"", ""61"", ""43"", ""35"", ""25""]","inputs/abc/piece-15.abc","inputs/midi_performance_event_text/piece-15.txt","inputs/abc_plus_midi/piece-15.abc","inputs/audio/piece-15.wav","inputs/pdf/without_context/piece-15.pdf","[""inputs/images/piece-15/page-1.png"", ""inputs/images/piece-15/page-2.png""]"
"musp_461","16","Schumann","Arabeske Op. 18","What indications of tempo are written in measure 91?","S","","Short","Short text","Tempo indication written in full","List ordered by appearance","[""meno mosso, a tempo, accelerando""]","[""Noch langsamer, ritardando"", ""Even more slowly, ritardando"", ""Noch langsamer, ritard."", ""Even more slowly, ritard.""]","inputs/abc/piece-16.abc","inputs/midi_performance_event_text/piece-16.txt","inputs/abc_plus_midi/piece-16.abc","inputs/audio/piece-16.wav","inputs/pdf/without_context/piece-16.pdf","[""inputs/images/piece-16/page-01.png"", ""inputs/images/piece-16/page-02.png"", ""inputs/images/piece-16/page-03.png"", ""inputs/images/piece-16/page-04.png"", ""inputs/images/piece-16/page-05.png"", ""inputs/images/piece-16/page-06.png"", ""inputs/images/piece-16/page-07.png"", ""inputs/images/piece-16/page-08.png"", ""inputs/images/piece-16/page-09.png"", ""inputs/images/piece-16/page-10.png""]"
"musp_462","16","Schumann","Arabeske Op. 18","What harmonic progression is formed in bars 85-90? Name the chord on each bass note, so 9 in total.","S","","Mid","Chord","Lead-sheet chord symbol with bass whenever needed","List ordered by appearance","[""Esus2, Dbmaj7, B7b5/D#""]","[""Em, B7/D#, Em, Em, G#dim7/D, Am/C, Am/C, C, B"", ""Em, B7/D#, Em, Em, G#dim7/D, Am/C, Am/C, Am/C, B"", ""Em, B7/D#, Em, Em, G#dim7/D, Am/C, Am/C, Am7/C, B"", ""Em, B7/D#, Em, Em, G#dim7/D, Am/C, Am/C, C6, B""]","inputs/abc/piece-16.abc","inputs/midi_performance_event_text/piece-16.txt","inputs/abc_plus_midi/piece-16.abc","inputs/audio/piece-16.wav","inputs/pdf/without_context/piece-16.pdf","[""inputs/images/piece-16/page-01.png"", ""inputs/images/piece-16/page-02.png"", ""inputs/images/piece-16/page-03.png"", ""inputs/images/piece-16/page-04.png"", ""inputs/images/piece-16/page-05.png"", ""inputs/images/piece-16/page-06.png"", ""inputs/images/piece-16/page-07.png"", ""inputs/images/piece-16/page-08.png"", ""inputs/images/piece-16/page-09.png"", ""inputs/images/piece-16/page-10.png""]"
"musp_463","16","Schumann","Arabeske Op. 18","The melodic line in bars 59-62 is transposed a few bars later. To which key?","S","","Mid","Key / tonality","Key (pitch class and mode)","Single","[""C major"", ""F#m"", ""Bb major""]","[""A minor"", ""Am""]","inputs/abc/piece-16.abc","inputs/midi_performance_event_text/piece-16.txt","inputs/abc_plus_midi/piece-16.abc","inputs/audio/piece-16.wav","inputs/pdf/without_context/piece-16.pdf","[""inputs/images/piece-16/page-01.png"", ""inputs/images/piece-16/page-02.png"", ""inputs/images/piece-16/page-03.png"", ""inputs/images/piece-16/page-04.png"", ""inputs/images/piece-16/page-05.png"", ""inputs/images/piece-16/page-06.png"", ""inputs/images/piece-16/page-07.png"", ""inputs/images/piece-16/page-08.png"", ""inputs/images/piece-16/page-09.png"", ""inputs/images/piece-16/page-10.png""]"
"musp_464","16","Schumann","Arabeske Op. 18","At the start of the piece, the quarter-note line formed in the bass can be divided into pairs, each forming a descending major second. Give the name of the first note that breaks this repeated pattern.","S","","Mid","Pitch","Pitch class without octave number","Single","[""A"", ""G#"", ""Bb""]","[""B""]","inputs/abc/piece-16.abc","inputs/midi_performance_event_text/piece-16.txt","inputs/abc_plus_midi/piece-16.abc","inputs/audio/piece-16.wav","inputs/pdf/without_context/piece-16.pdf","[""inputs/images/piece-16/page-01.png"", ""inputs/images/piece-16/page-02.png"", ""inputs/images/piece-16/page-03.png"", ""inputs/images/piece-16/page-04.png"", ""inputs/images/piece-16/page-05.png"", ""inputs/images/piece-16/page-06.png"", ""inputs/images/piece-16/page-07.png"", ""inputs/images/piece-16/page-08.png"", ""inputs/images/piece-16/page-09.png"", ""inputs/images/piece-16/page-10.png""]"
"musp_465","16","Schumann","Arabeske Op. 18","In bars 43-50, at which point is the strict four-part voicing broken?","S","","Mid","Bar / beat","Bar number (digits)","Single","[""4""]","[""44""]","inputs/abc/piece-16.abc","inputs/midi_performance_event_text/piece-16.txt","inputs/abc_plus_midi/piece-16.abc","inputs/audio/piece-16.wav","inputs/pdf/without_context/piece-16.pdf","[""inputs/images/piece-16/page-01.png"", ""inputs/images/piece-16/page-02.png"", ""inputs/images/piece-16/page-03.png"", ""inputs/images/piece-16/page-04.png"", ""inputs/images/piece-16/page-05.png"", ""inputs/images/piece-16/page-06.png"", ""inputs/images/piece-16/page-07.png"", ""inputs/images/piece-16/page-08.png"", ""inputs/images/piece-16/page-09.png"", ""inputs/images/piece-16/page-10.png""]"
"musp_466","16","Schumann","Arabeske Op. 18","What is the chord progression in bars 91-104? Identify one chord for each bass note lasting at least a half note, and exclude suspensions from the chord analysis.","S","","Mid","Chord","Lead-sheet chord symbol with bass whenever needed","List ordered by appearance","[""Edim7, Dbmaj7, B7b5/D#""]","[""F7, Bb/F, E7, Am/E, Am7b5/Eb, Cm, D7, Db/Ab, Db/F"", ""F7, Bb/F, E7, Am/E, Cm/Eb, Cm, D7, Db/Ab, Db/F"", ""F7, Bb/F, E7, Am/E, Cm6/Eb, Cm6, D7, Db/Ab, Db/F"", ""F7, Bb/F, E7, Am/E, Am7b5/Eb, Cm6, D7, Db/Ab, Db/F"", ""F7, Bb/F, E7, Am/E, Cm/Eb, Cm6, D7, Db/Ab, Db/F"", ""F7, Bb/F, E7, Am/E, Cm6/Eb, Cm, D7, Db/Ab, Db/F""]","inputs/abc/piece-16.abc","inputs/midi_performance_event_text/piece-16.txt","inputs/abc_plus_midi/piece-16.abc","inputs/audio/piece-16.wav","inputs/pdf/without_context/piece-16.pdf","[""inputs/images/piece-16/page-01.png"", ""inputs/images/piece-16/page-02.png"", ""inputs/images/piece-16/page-03.png"", ""inputs/images/piece-16/page-04.png"", ""inputs/images/piece-16/page-05.png"", ""inputs/images/piece-16/page-06.png"", ""inputs/images/piece-16/page-07.png"", ""inputs/images/piece-16/page-08.png"", ""inputs/images/piece-16/page-09.png"", ""inputs/images/piece-16/page-10.png""]"
"musp_467","16","Schumann","Arabeske Op. 18","On which bass notes did the composer explicitly ask for or suggest pedal use in the first 12 bars?","S","","Mid","Pitch","Pitch with octave number","List ordered by appearance","[""A1, Bb2, C#3""]","[""G3, G3, D3, D2""]","inputs/abc/piece-16.abc","inputs/midi_performance_event_text/piece-16.txt","inputs/abc_plus_midi/piece-16.abc","inputs/audio/piece-16.wav","inputs/pdf/without_context/piece-16.pdf","[""inputs/images/piece-16/page-01.png"", ""inputs/images/piece-16/page-02.png"", ""inputs/images/piece-16/page-03.png"", ""inputs/images/piece-16/page-04.png"", ""inputs/images/piece-16/page-05.png"", ""inputs/images/piece-16/page-06.png"", ""inputs/images/piece-16/page-07.png"", ""inputs/images/piece-16/page-08.png"", ""inputs/images/piece-16/page-09.png"", ""inputs/images/piece-16/page-10.png""]"
"musp_468","16","Schumann","Arabeske Op. 18","According to the score, how should the conclusion be played, tempo-wise?","S","","Long","Short text","Literal text","Single","[""allegro""]","[""Langsamer"", ""Slower"", ""Langsamer M.M. = 58"", ""Langsamer M.M. = ♩ = 58"", ""Langsam""]","inputs/abc/piece-16.abc","inputs/midi_performance_event_text/piece-16.txt","inputs/abc_plus_midi/piece-16.abc","inputs/audio/piece-16.wav","inputs/pdf/without_context/piece-16.pdf","[""inputs/images/piece-16/page-01.png"", ""inputs/images/piece-16/page-02.png"", ""inputs/images/piece-16/page-03.png"", ""inputs/images/piece-16/page-04.png"", ""inputs/images/piece-16/page-05.png"", ""inputs/images/piece-16/page-06.png"", ""inputs/images/piece-16/page-07.png"", ""inputs/images/piece-16/page-08.png"", ""inputs/images/piece-16/page-09.png"", ""inputs/images/piece-16/page-10.png""]"
"musp_469","16","Schumann","Arabeske Op. 18","Three sections with distinct thematic material precede bar 106. In which bars do these sections begin? Segment the passage into three sections so as to maximize thematic coherence within each section.","S","","Long","Bar / beat","Bar number (digits)","List","[""4, 23, 97""]","[""1, 43, 91""]","inputs/abc/piece-16.abc","inputs/midi_performance_event_text/piece-16.txt","inputs/abc_plus_midi/piece-16.abc","inputs/audio/piece-16.wav","inputs/pdf/without_context/piece-16.pdf","[""inputs/images/piece-16/page-01.png"", ""inputs/images/piece-16/page-02.png"", ""inputs/images/piece-16/page-03.png"", ""inputs/images/piece-16/page-04.png"", ""inputs/images/piece-16/page-05.png"", ""inputs/images/piece-16/page-06.png"", ""inputs/images/piece-16/page-07.png"", ""inputs/images/piece-16/page-08.png"", ""inputs/images/piece-16/page-09.png"", ""inputs/images/piece-16/page-10.png""]"
"musp_470","16","Schumann","Arabeske Op. 18","Taking into consideration mainly motives and texture, identify the piece’s formal sections. List A, B, C, D, and E in order of appearance or reappearance, giving the start bar numbers for every section. Hint: the first A section spans bars 1–42. Reply with the bar number in which the material starts, no matter the location within the bar itself.","S","","Long","Composite answer","Section label followed by start-bar number","List ordered by appearance","[""A: 1, B: 24, C: 57""]","[""A: 1, B: 43, C: 91, A: 106, D: 148, A: 174, E: 216""]","inputs/abc/piece-16.abc","inputs/midi_performance_event_text/piece-16.txt","inputs/abc_plus_midi/piece-16.abc","inputs/audio/piece-16.wav","inputs/pdf/without_context/piece-16.pdf","[""inputs/images/piece-16/page-01.png"", ""inputs/images/piece-16/page-02.png"", ""inputs/images/piece-16/page-03.png"", ""inputs/images/piece-16/page-04.png"", ""inputs/images/piece-16/page-05.png"", ""inputs/images/piece-16/page-06.png"", ""inputs/images/piece-16/page-07.png"", ""inputs/images/piece-16/page-08.png"", ""inputs/images/piece-16/page-09.png"", ""inputs/images/piece-16/page-10.png""]"
"musp_471","16","Schumann","Arabeske Op. 18","During the development of musical material of bars 43-44 in the subsequent bars, the intensity builds up. According to the indications in the score, in which measure should this peak in intensity begin to take place?","S","","Long","Bar / beat","Bar number (digits)","Single","[""4""]","[""83""]","inputs/abc/piece-16.abc","inputs/midi_performance_event_text/piece-16.txt","inputs/abc_plus_midi/piece-16.abc","inputs/audio/piece-16.wav","inputs/pdf/without_context/piece-16.pdf","[""inputs/images/piece-16/page-01.png"", ""inputs/images/piece-16/page-02.png"", ""inputs/images/piece-16/page-03.png"", ""inputs/images/piece-16/page-04.png"", ""inputs/images/piece-16/page-05.png"", ""inputs/images/piece-16/page-06.png"", ""inputs/images/piece-16/page-07.png"", ""inputs/images/piece-16/page-08.png"", ""inputs/images/piece-16/page-09.png"", ""inputs/images/piece-16/page-10.png""]"
"musp_472","17","Scriabin","Etude Op. 8 No. 11","What is the name of the chord on the first beat of measure 8?","S","","Short","Chord","Lead-sheet chord symbol in root position","Single","[""Esus2"", ""D#maj7"", ""B7b5""]","[""Fsus4""]","inputs/abc/piece-17.abc","inputs/midi_performance_event_text/piece-17.txt","inputs/abc_plus_midi/piece-17.abc","inputs/audio/piece-17.wav","inputs/pdf/without_context/piece-17.pdf","[""inputs/images/piece-17/page-1.png"", ""inputs/images/piece-17/page-2.png"", ""inputs/images/piece-17/page-3.png""]"
"musp_473","17","Scriabin","Etude Op. 8 No. 11","Which note in measure 51 adds tension to the dominant-seventh chord?","S","","Short","Pitch","Pitch class without octave number","Single","[""A"", ""G#"", ""Bb""]","[""Cb""]","inputs/abc/piece-17.abc","inputs/midi_performance_event_text/piece-17.txt","inputs/abc_plus_midi/piece-17.abc","inputs/audio/piece-17.wav","inputs/pdf/without_context/piece-17.pdf","[""inputs/images/piece-17/page-1.png"", ""inputs/images/piece-17/page-2.png"", ""inputs/images/piece-17/page-3.png""]"
"musp_474","17","Scriabin","Etude Op. 8 No. 11","Name all instructions related to dynamics  up until bar 18 (included).","S","","Mid","Category label","Dynamic marking or term written in full","List ordered by appearance","[""mezzo-piano, fortissimo""]","[""piano, mezzo-forte, crescendo, mezzo-forte, diminuendo, pianissimo, pianississimo, diminuendo, pianissimo, pianississimo."", ""piano, mezzoforte, crescendo, mezzoforte, diminuendo, pianissimo, triple piano, diminuendo, pianissimo, triple piano."", ""piano, mezzo-forte, crescendo, mezzo-forte, diminuendo, pianissimo, pianississimo, diminuendo, pianissimo, triple piano."", ""piano, mezzo-forte, crescendo, mezzo-forte, diminuendo, pianissimo, triple piano, diminuendo, pianissimo, pianississimo."", ""piano, mezzo-forte, crescendo, mezzo-forte, diminuendo, pianissimo, triple piano, diminuendo, pianissimo, triple piano."", ""piano, mezzo-forte, crescendo, mezzoforte, diminuendo, pianissimo, pianississimo, diminuendo, pianissimo, pianississimo."", ""piano, mezzo-forte, crescendo, mezzoforte, diminuendo, pianissimo, pianississimo, diminuendo, pianissimo, triple piano."", ""piano, mezzo-forte, crescendo, mezzoforte, diminuendo, pianissimo, triple piano, diminuendo, pianissimo, pianississimo."", ""piano, mezzo-forte, crescendo, mezzoforte, diminuendo, pianissimo, triple piano, diminuendo, pianissimo, triple piano."", ""piano, mezzoforte, crescendo, mezzo-forte, diminuendo, pianissimo, pianississimo, diminuendo, pianissimo, pianississimo."", ""piano, mezzoforte, crescendo, mezzo-forte, diminuendo, pianissimo, pianississimo, diminuendo, pianissimo, triple piano."", ""piano, mezzoforte, crescendo, mezzo-forte, diminuendo, pianissimo, triple piano, diminuendo, pianissimo, pianississimo."", ""piano, mezzoforte, crescendo, mezzo-forte, diminuendo, pianissimo, triple piano, diminuendo, pianissimo, triple piano."", ""piano, mezzoforte, crescendo, mezzoforte, diminuendo, pianissimo, pianississimo, diminuendo, pianissimo, pianississimo."", ""piano, mezzoforte, crescendo, mezzoforte, diminuendo, pianissimo, pianississimo, diminuendo, pianissimo, triple piano."", ""piano, mezzoforte, crescendo, mezzoforte, diminuendo, pianissimo, triple piano, diminuendo, pianissimo, pianississimo.""]","inputs/abc/piece-17.abc","inputs/midi_performance_event_text/piece-17.txt","inputs/abc_plus_midi/piece-17.abc","inputs/audio/piece-17.wav","inputs/pdf/without_context/piece-17.pdf","[""inputs/images/piece-17/page-1.png"", ""inputs/images/piece-17/page-2.png"", ""inputs/images/piece-17/page-3.png""]"
"musp_475","17","Scriabin","Etude Op. 8 No. 11","Starting in which bars does the composer indicate an added second voice with the notes Db–Cb–Bb?","S","","Long","Bar / beat","Bar number (digits)","List ordered by appearance","[""2"", ""4""]","[""5, 33"", ""5 | 33""]","inputs/abc/piece-17.abc","inputs/midi_performance_event_text/piece-17.txt","inputs/abc_plus_midi/piece-17.abc","inputs/audio/piece-17.wav","inputs/pdf/without_context/piece-17.pdf","[""inputs/images/piece-17/page-1.png"", ""inputs/images/piece-17/page-2.png"", ""inputs/images/piece-17/page-3.png""]"
"musp_476","17","Scriabin","Etude Op. 8 No. 11","What should be the BPM in measure 39?","S","","Long","Integer","Positive integer","Single","[""4""]","[""63""]","inputs/abc/piece-17.abc","inputs/midi_performance_event_text/piece-17.txt","inputs/abc_plus_midi/piece-17.abc","inputs/audio/piece-17.wav","inputs/pdf/without_context/piece-17.pdf","[""inputs/images/piece-17/page-1.png"", ""inputs/images/piece-17/page-2.png"", ""inputs/images/piece-17/page-3.png""]"
"musp_477","17","Scriabin","Etude Op. 8 No. 11","In which 3 measures is the right hand of measure 1 repeated exactly? Disregard differences in dynamics, performance instructions, and articulation.","S","","Long","Bar / beat","Bar number (digits)","List ordered by appearance","[""4, 12, 20""]","[""9, 29, 37""]","inputs/abc/piece-17.abc","inputs/midi_performance_event_text/piece-17.txt","inputs/abc_plus_midi/piece-17.abc","inputs/audio/piece-17.wav","inputs/pdf/without_context/piece-17.pdf","[""inputs/images/piece-17/page-1.png"", ""inputs/images/piece-17/page-2.png"", ""inputs/images/piece-17/page-3.png""]"
"musp_478","17","Scriabin","Etude Op. 8 No. 11","If one were to apply the BPM rigorously and play robotically, how long (in seconds) would this piece last? Round your answer to the nearest integer.","S","","Long","Integer","Positive integer","Single","[""200""]","[""154""]","inputs/abc/piece-17.abc","inputs/midi_performance_event_text/piece-17.txt","inputs/abc_plus_midi/piece-17.abc","inputs/audio/piece-17.wav","inputs/pdf/without_context/piece-17.pdf","[""inputs/images/piece-17/page-1.png"", ""inputs/images/piece-17/page-2.png"", ""inputs/images/piece-17/page-3.png""]"
"musp_479","17","Scriabin","Etude Op. 8 No. 11","Working backward from the end of the score to the beginning, in which measure does a chord enharmonically equivalent to B major first appear (in any chord position)?","S","","Long","Bar / beat","Bar number (digits)","Single","[""4""]","[""45""]","inputs/abc/piece-17.abc","inputs/midi_performance_event_text/piece-17.txt","inputs/abc_plus_midi/piece-17.abc","inputs/audio/piece-17.wav","inputs/pdf/without_context/piece-17.pdf","[""inputs/images/piece-17/page-1.png"", ""inputs/images/piece-17/page-2.png"", ""inputs/images/piece-17/page-3.png""]"
"musp_480","18","Scriabin","Piano Sonata No. 5","In bar 47, what is the duration of a single note in the accompaniment relative to a whole note? Express your answer as an irreducible fraction.","S","","Short","Duration / ratio","Fraction written as N/N","Single","[""1/8"", ""5/32"", ""2/3""]","[""3/16""]","inputs/abc/piece-18.abc","inputs/midi_performance_event_text/piece-18.txt","inputs/abc_plus_midi/piece-18.abc","inputs/audio/piece-18.wav","inputs/pdf/without_context/piece-18.pdf","[""inputs/images/piece-18/page-01.png"", ""inputs/images/piece-18/page-02.png"", ""inputs/images/piece-18/page-03.png"", ""inputs/images/piece-18/page-04.png"", ""inputs/images/piece-18/page-05.png"", ""inputs/images/piece-18/page-06.png"", ""inputs/images/piece-18/page-07.png"", ""inputs/images/piece-18/page-08.png"", ""inputs/images/piece-18/page-09.png"", ""inputs/images/piece-18/page-10.png"", ""inputs/images/piece-18/page-11.png"", ""inputs/images/piece-18/page-12.png"", ""inputs/images/piece-18/page-13.png"", ""inputs/images/piece-18/page-14.png"", ""inputs/images/piece-18/page-15.png"", ""inputs/images/piece-18/page-16.png"", ""inputs/images/piece-18/page-17.png"", ""inputs/images/piece-18/page-18.png"", ""inputs/images/piece-18/page-19.png"", ""inputs/images/piece-18/page-20.png"", ""inputs/images/piece-18/page-21.png"", ""inputs/images/piece-18/page-22.png"", ""inputs/images/piece-18/page-23.png"", ""inputs/images/piece-18/page-24.png"", ""inputs/images/piece-18/page-25.png""]"
"musp_481","18","Scriabin","Piano Sonata No. 5","What does the instruction in bar 222 stand for?","S","","Short","Short text","Short phrase","Single","[""dolce""]","[""mano sinistra""]","inputs/abc/piece-18.abc","inputs/midi_performance_event_text/piece-18.txt","inputs/abc_plus_midi/piece-18.abc","inputs/audio/piece-18.wav","inputs/pdf/without_context/piece-18.pdf","[""inputs/images/piece-18/page-01.png"", ""inputs/images/piece-18/page-02.png"", ""inputs/images/piece-18/page-03.png"", ""inputs/images/piece-18/page-04.png"", ""inputs/images/piece-18/page-05.png"", ""inputs/images/piece-18/page-06.png"", ""inputs/images/piece-18/page-07.png"", ""inputs/images/piece-18/page-08.png"", ""inputs/images/piece-18/page-09.png"", ""inputs/images/piece-18/page-10.png"", ""inputs/images/piece-18/page-11.png"", ""inputs/images/piece-18/page-12.png"", ""inputs/images/piece-18/page-13.png"", ""inputs/images/piece-18/page-14.png"", ""inputs/images/piece-18/page-15.png"", ""inputs/images/piece-18/page-16.png"", ""inputs/images/piece-18/page-17.png"", ""inputs/images/piece-18/page-18.png"", ""inputs/images/piece-18/page-19.png"", ""inputs/images/piece-18/page-20.png"", ""inputs/images/piece-18/page-21.png"", ""inputs/images/piece-18/page-22.png"", ""inputs/images/piece-18/page-23.png"", ""inputs/images/piece-18/page-24.png"", ""inputs/images/piece-18/page-25.png""]"
"musp_482","18","Scriabin","Piano Sonata No. 5","During the first right-hand grace-note group in measure 451, what intervals are formed between the first four consecutive grace notes? List the three intervals in order. Do not include any interval involving a main note.","S","","Short","Interval","Interval quality and size","List ordered by appearance","[""major third, perfect fifth, minor seventh""]","[""perfect fourth, major second, major second""]","inputs/abc/piece-18.abc","inputs/midi_performance_event_text/piece-18.txt","inputs/abc_plus_midi/piece-18.abc","inputs/audio/piece-18.wav","inputs/pdf/without_context/piece-18.pdf","[""inputs/images/piece-18/page-01.png"", ""inputs/images/piece-18/page-02.png"", ""inputs/images/piece-18/page-03.png"", ""inputs/images/piece-18/page-04.png"", ""inputs/images/piece-18/page-05.png"", ""inputs/images/piece-18/page-06.png"", ""inputs/images/piece-18/page-07.png"", ""inputs/images/piece-18/page-08.png"", ""inputs/images/piece-18/page-09.png"", ""inputs/images/piece-18/page-10.png"", ""inputs/images/piece-18/page-11.png"", ""inputs/images/piece-18/page-12.png"", ""inputs/images/piece-18/page-13.png"", ""inputs/images/piece-18/page-14.png"", ""inputs/images/piece-18/page-15.png"", ""inputs/images/piece-18/page-16.png"", ""inputs/images/piece-18/page-17.png"", ""inputs/images/piece-18/page-18.png"", ""inputs/images/piece-18/page-19.png"", ""inputs/images/piece-18/page-20.png"", ""inputs/images/piece-18/page-21.png"", ""inputs/images/piece-18/page-22.png"", ""inputs/images/piece-18/page-23.png"", ""inputs/images/piece-18/page-24.png"", ""inputs/images/piece-18/page-25.png""]"
"musp_483","18","Scriabin","Piano Sonata No. 5","What harmony is formed by all the notes sounding in both hands in bar 433? The chord name must account for every sounding note.","S","","Short","Chord","Lead-sheet chord symbol with bass whenever needed","Single","[""Esus2"", ""D#maj7"", ""B7b5/D#""]","[""Bb11/Eb"", ""Abadd9#11/Eb"", ""Ebmaj13"", ""Bb9/Eb""]","inputs/abc/piece-18.abc","inputs/midi_performance_event_text/piece-18.txt","inputs/abc_plus_midi/piece-18.abc","inputs/audio/piece-18.wav","inputs/pdf/without_context/piece-18.pdf","[""inputs/images/piece-18/page-01.png"", ""inputs/images/piece-18/page-02.png"", ""inputs/images/piece-18/page-03.png"", ""inputs/images/piece-18/page-04.png"", ""inputs/images/piece-18/page-05.png"", ""inputs/images/piece-18/page-06.png"", ""inputs/images/piece-18/page-07.png"", ""inputs/images/piece-18/page-08.png"", ""inputs/images/piece-18/page-09.png"", ""inputs/images/piece-18/page-10.png"", ""inputs/images/piece-18/page-11.png"", ""inputs/images/piece-18/page-12.png"", ""inputs/images/piece-18/page-13.png"", ""inputs/images/piece-18/page-14.png"", ""inputs/images/piece-18/page-15.png"", ""inputs/images/piece-18/page-16.png"", ""inputs/images/piece-18/page-17.png"", ""inputs/images/piece-18/page-18.png"", ""inputs/images/piece-18/page-19.png"", ""inputs/images/piece-18/page-20.png"", ""inputs/images/piece-18/page-21.png"", ""inputs/images/piece-18/page-22.png"", ""inputs/images/piece-18/page-23.png"", ""inputs/images/piece-18/page-24.png"", ""inputs/images/piece-18/page-25.png""]"
"musp_484","18","Scriabin","Piano Sonata No. 5","Divide bar 132 into 12 equal positions, numbered 1 through 12. At which positions does the performer attack one, single note at a time? Do not count tied notes as new attacks.","S","","Short","Integer","Positive integer","List ordered by appearance","[""4, 12""]","[""3, 4, 5, 9, 10, 11, 12""]","inputs/abc/piece-18.abc","inputs/midi_performance_event_text/piece-18.txt","inputs/abc_plus_midi/piece-18.abc","inputs/audio/piece-18.wav","inputs/pdf/without_context/piece-18.pdf","[""inputs/images/piece-18/page-01.png"", ""inputs/images/piece-18/page-02.png"", ""inputs/images/piece-18/page-03.png"", ""inputs/images/piece-18/page-04.png"", ""inputs/images/piece-18/page-05.png"", ""inputs/images/piece-18/page-06.png"", ""inputs/images/piece-18/page-07.png"", ""inputs/images/piece-18/page-08.png"", ""inputs/images/piece-18/page-09.png"", ""inputs/images/piece-18/page-10.png"", ""inputs/images/piece-18/page-11.png"", ""inputs/images/piece-18/page-12.png"", ""inputs/images/piece-18/page-13.png"", ""inputs/images/piece-18/page-14.png"", ""inputs/images/piece-18/page-15.png"", ""inputs/images/piece-18/page-16.png"", ""inputs/images/piece-18/page-17.png"", ""inputs/images/piece-18/page-18.png"", ""inputs/images/piece-18/page-19.png"", ""inputs/images/piece-18/page-20.png"", ""inputs/images/piece-18/page-21.png"", ""inputs/images/piece-18/page-22.png"", ""inputs/images/piece-18/page-23.png"", ""inputs/images/piece-18/page-24.png"", ""inputs/images/piece-18/page-25.png""]"
"musp_485","18","Scriabin","Piano Sonata No. 5","Starting in which bar does the performer need to play very fast for the first time?","S","","Mid","Bar / beat","Bar number (digits)","Single","[""3""]","[""9""]","inputs/abc/piece-18.abc","inputs/midi_performance_event_text/piece-18.txt","inputs/abc_plus_midi/piece-18.abc","inputs/audio/piece-18.wav","inputs/pdf/without_context/piece-18.pdf","[""inputs/images/piece-18/page-01.png"", ""inputs/images/piece-18/page-02.png"", ""inputs/images/piece-18/page-03.png"", ""inputs/images/piece-18/page-04.png"", ""inputs/images/piece-18/page-05.png"", ""inputs/images/piece-18/page-06.png"", ""inputs/images/piece-18/page-07.png"", ""inputs/images/piece-18/page-08.png"", ""inputs/images/piece-18/page-09.png"", ""inputs/images/piece-18/page-10.png"", ""inputs/images/piece-18/page-11.png"", ""inputs/images/piece-18/page-12.png"", ""inputs/images/piece-18/page-13.png"", ""inputs/images/piece-18/page-14.png"", ""inputs/images/piece-18/page-15.png"", ""inputs/images/piece-18/page-16.png"", ""inputs/images/piece-18/page-17.png"", ""inputs/images/piece-18/page-18.png"", ""inputs/images/piece-18/page-19.png"", ""inputs/images/piece-18/page-20.png"", ""inputs/images/piece-18/page-21.png"", ""inputs/images/piece-18/page-22.png"", ""inputs/images/piece-18/page-23.png"", ""inputs/images/piece-18/page-24.png"", ""inputs/images/piece-18/page-25.png""]"
"musp_486","18","Scriabin","Piano Sonata No. 5","In the Languido theme the first time it is played, how many voices sound simultaneously?","S","","Mid","Integer","Positive integer","Single","[""4""]","[""5""]","inputs/abc/piece-18.abc","inputs/midi_performance_event_text/piece-18.txt","inputs/abc_plus_midi/piece-18.abc","inputs/audio/piece-18.wav","inputs/pdf/without_context/piece-18.pdf","[""inputs/images/piece-18/page-01.png"", ""inputs/images/piece-18/page-02.png"", ""inputs/images/piece-18/page-03.png"", ""inputs/images/piece-18/page-04.png"", ""inputs/images/piece-18/page-05.png"", ""inputs/images/piece-18/page-06.png"", ""inputs/images/piece-18/page-07.png"", ""inputs/images/piece-18/page-08.png"", ""inputs/images/piece-18/page-09.png"", ""inputs/images/piece-18/page-10.png"", ""inputs/images/piece-18/page-11.png"", ""inputs/images/piece-18/page-12.png"", ""inputs/images/piece-18/page-13.png"", ""inputs/images/piece-18/page-14.png"", ""inputs/images/piece-18/page-15.png"", ""inputs/images/piece-18/page-16.png"", ""inputs/images/piece-18/page-17.png"", ""inputs/images/piece-18/page-18.png"", ""inputs/images/piece-18/page-19.png"", ""inputs/images/piece-18/page-20.png"", ""inputs/images/piece-18/page-21.png"", ""inputs/images/piece-18/page-22.png"", ""inputs/images/piece-18/page-23.png"", ""inputs/images/piece-18/page-24.png"", ""inputs/images/piece-18/page-25.png""]"
"musp_487","18","Scriabin","Piano Sonata No. 5","The uppermost voice of the Languido theme introduces a motif that later reappears in varied forms. In which bar is this motif first presented as part of triplets?","S","","Long","Bar / beat","Bar number (digits)","Single","[""4""]","[""252""]","inputs/abc/piece-18.abc","inputs/midi_performance_event_text/piece-18.txt","inputs/abc_plus_midi/piece-18.abc","inputs/audio/piece-18.wav","inputs/pdf/without_context/piece-18.pdf","[""inputs/images/piece-18/page-01.png"", ""inputs/images/piece-18/page-02.png"", ""inputs/images/piece-18/page-03.png"", ""inputs/images/piece-18/page-04.png"", ""inputs/images/piece-18/page-05.png"", ""inputs/images/piece-18/page-06.png"", ""inputs/images/piece-18/page-07.png"", ""inputs/images/piece-18/page-08.png"", ""inputs/images/piece-18/page-09.png"", ""inputs/images/piece-18/page-10.png"", ""inputs/images/piece-18/page-11.png"", ""inputs/images/piece-18/page-12.png"", ""inputs/images/piece-18/page-13.png"", ""inputs/images/piece-18/page-14.png"", ""inputs/images/piece-18/page-15.png"", ""inputs/images/piece-18/page-16.png"", ""inputs/images/piece-18/page-17.png"", ""inputs/images/piece-18/page-18.png"", ""inputs/images/piece-18/page-19.png"", ""inputs/images/piece-18/page-20.png"", ""inputs/images/piece-18/page-21.png"", ""inputs/images/piece-18/page-22.png"", ""inputs/images/piece-18/page-23.png"", ""inputs/images/piece-18/page-24.png"", ""inputs/images/piece-18/page-25.png""]"
"musp_488","18","Scriabin","Piano Sonata No. 5","In the last 6 bars, the piece ends with a musical idea that was introduced earlier. Starting in which bar was this last musical idea first introduced?","S","","Long","Bar / beat","Bar number (digits)","Single","[""4""]","[""9""]","inputs/abc/piece-18.abc","inputs/midi_performance_event_text/piece-18.txt","inputs/abc_plus_midi/piece-18.abc","inputs/audio/piece-18.wav","inputs/pdf/without_context/piece-18.pdf","[""inputs/images/piece-18/page-01.png"", ""inputs/images/piece-18/page-02.png"", ""inputs/images/piece-18/page-03.png"", ""inputs/images/piece-18/page-04.png"", ""inputs/images/piece-18/page-05.png"", ""inputs/images/piece-18/page-06.png"", ""inputs/images/piece-18/page-07.png"", ""inputs/images/piece-18/page-08.png"", ""inputs/images/piece-18/page-09.png"", ""inputs/images/piece-18/page-10.png"", ""inputs/images/piece-18/page-11.png"", ""inputs/images/piece-18/page-12.png"", ""inputs/images/piece-18/page-13.png"", ""inputs/images/piece-18/page-14.png"", ""inputs/images/piece-18/page-15.png"", ""inputs/images/piece-18/page-16.png"", ""inputs/images/piece-18/page-17.png"", ""inputs/images/piece-18/page-18.png"", ""inputs/images/piece-18/page-19.png"", ""inputs/images/piece-18/page-20.png"", ""inputs/images/piece-18/page-21.png"", ""inputs/images/piece-18/page-22.png"", ""inputs/images/piece-18/page-23.png"", ""inputs/images/piece-18/page-24.png"", ""inputs/images/piece-18/page-25.png""]"
"musp_489","18","Scriabin","Piano Sonata No. 5","List every distinct time signature used in the sonata in order of first appearance up until the music reaches 3/8 (inclusive). Write each time signature only once.","S","","Long","Category label","Time signature (N/N)","List ordered by appearance","[""4/4, 9/8, 2/2, 3/8""]","[""2/4, 5/8, 4/8, 6/8, 3/8""]","inputs/abc/piece-18.abc","inputs/midi_performance_event_text/piece-18.txt","inputs/abc_plus_midi/piece-18.abc","inputs/audio/piece-18.wav","inputs/pdf/without_context/piece-18.pdf","[""inputs/images/piece-18/page-01.png"", ""inputs/images/piece-18/page-02.png"", ""inputs/images/piece-18/page-03.png"", ""inputs/images/piece-18/page-04.png"", ""inputs/images/piece-18/page-05.png"", ""inputs/images/piece-18/page-06.png"", ""inputs/images/piece-18/page-07.png"", ""inputs/images/piece-18/page-08.png"", ""inputs/images/piece-18/page-09.png"", ""inputs/images/piece-18/page-10.png"", ""inputs/images/piece-18/page-11.png"", ""inputs/images/piece-18/page-12.png"", ""inputs/images/piece-18/page-13.png"", ""inputs/images/piece-18/page-14.png"", ""inputs/images/piece-18/page-15.png"", ""inputs/images/piece-18/page-16.png"", ""inputs/images/piece-18/page-17.png"", ""inputs/images/piece-18/page-18.png"", ""inputs/images/piece-18/page-19.png"", ""inputs/images/piece-18/page-20.png"", ""inputs/images/piece-18/page-21.png"", ""inputs/images/piece-18/page-22.png"", ""inputs/images/piece-18/page-23.png"", ""inputs/images/piece-18/page-24.png"", ""inputs/images/piece-18/page-25.png""]"
"musp_490","18","Scriabin","Piano Sonata No. 5","Name the 12 different passages played before bar 263 by their expression/tempo indications.","S","","Long","Category label","Musical term written in full","List ordered by appearance","[""Dolce, poco meno mosso, con fuoco""]","[""Allegro impetuoso con stravaganza, Presto, Languido, Accarezzevole, Presto con allegrezza, Meno vivo, Allegro fantastico, Presto tumultuoso esaltato, Allegro impetuoso, Languido, Leggerissimo volando, Presto giocoso""]","inputs/abc/piece-18.abc","inputs/midi_performance_event_text/piece-18.txt","inputs/abc_plus_midi/piece-18.abc","inputs/audio/piece-18.wav","inputs/pdf/without_context/piece-18.pdf","[""inputs/images/piece-18/page-01.png"", ""inputs/images/piece-18/page-02.png"", ""inputs/images/piece-18/page-03.png"", ""inputs/images/piece-18/page-04.png"", ""inputs/images/piece-18/page-05.png"", ""inputs/images/piece-18/page-06.png"", ""inputs/images/piece-18/page-07.png"", ""inputs/images/piece-18/page-08.png"", ""inputs/images/piece-18/page-09.png"", ""inputs/images/piece-18/page-10.png"", ""inputs/images/piece-18/page-11.png"", ""inputs/images/piece-18/page-12.png"", ""inputs/images/piece-18/page-13.png"", ""inputs/images/piece-18/page-14.png"", ""inputs/images/piece-18/page-15.png"", ""inputs/images/piece-18/page-16.png"", ""inputs/images/piece-18/page-17.png"", ""inputs/images/piece-18/page-18.png"", ""inputs/images/piece-18/page-19.png"", ""inputs/images/piece-18/page-20.png"", ""inputs/images/piece-18/page-21.png"", ""inputs/images/piece-18/page-22.png"", ""inputs/images/piece-18/page-23.png"", ""inputs/images/piece-18/page-24.png"", ""inputs/images/piece-18/page-25.png""]"
